// Auto-generated by convert_bitstream.py -- DO NOT EDIT
// Source: FPGA_bitstream_MCU.bin
// Size: 46408 bytes
// Source-SHA256: 7cd810b5f6697d4e8decbf28ad5fd0c329c28c4316a3398c9dd54d3f021145da

#pragma once
#include <stdint.h>

static const uint32_t forgefpga_bitstream_length = 46408;
static const uint8_t forgefpga_bitstream[] = {
    0x00, 0x00, 0x00, 0x00, 0x00, 0x00, 0x00, 0x00, 0x00, 0x00, 0x00, 0x00, 
    0x00, 0x00, 0x00, 0x00, 0x00, 0x00, 0x00, 0x00, 0x00, 0x00, 0x00, 0x00, 
    0x00, 0x00, 0x00, 0x00, 0x00, 0x00, 0x00, 0x00, 0x00, 0x00, 0x00, 0x00, 
    0x00, 0x00, 0x00, 0x00, 0x00, 0x00, 0x00, 0x00, 0x00, 0x00, 0x00, 0x00, 
    0x00, 0x00, 0x00, 0x00, 0x00, 0x00, 0x00, 0x00, 0x00, 0x00, 0x00, 0x00, 
    0x00, 0x00, 0x00, 0x00, 0x00, 0x00, 0x00, 0x00, 0x00, 0x00, 0x00, 0x00, 
    0x00, 0x00, 0x00, 0x00, 0x00, 0x00, 0x00, 0x00, 0x00, 0x00, 0x00, 0x00, 
    0x00, 0x00, 0x00, 0x00, 0x00, 0x00, 0x00, 0x00, 0x00, 0x00, 0x00, 0x00, 
    0x00, 0x00, 0x00, 0x00, 0x00, 0x00, 0x00, 0x00, 0x00, 0x00, 0x00, 0x00, 
    0x00, 0x00, 0x00, 0x00, 0x00, 0x00, 0x00, 0x00, 0x00, 0x00, 0x00, 0x00, 
    0x00, 0x00, 0x00, 0x00, 0x00, 0x00, 0x00, 0x00, 0x00, 0x00, 0x00, 0x00, 
    0x00, 0x00, 0x00, 0x00, 0x00, 0x00, 0x00, 0x00, 0x00, 0x00, 0x00, 0x00, 
    0x00, 0x00, 0x00, 0x00, 0x00, 0x00, 0x00, 0x00, 0x00, 0x00, 0x00, 0x00, 
    0x00, 0x00, 0x00, 0x00, 0x00, 0x00, 0x00, 0x00, 0x00, 0x00, 0x00, 0x00, 
    0x00, 0x00, 0x00, 0x00, 0x00, 0x00, 0x00, 0x00, 0x00, 0x00, 0x00, 0x00, 
    0x00, 0x00, 0x00, 0x00, 0x00, 0x00, 0x00, 0x00, 0x00, 0x00, 0x00, 0x00, 
    0x00, 0x00, 0x00, 0x00, 0x00, 0x00, 0x00, 0x00, 0x00, 0x00, 0x00, 0x00, 
    0x00, 0x00, 0x00, 0x00, 0x00, 0x00, 0x00, 0x00, 0x00, 0x00, 0x00, 0x00, 
    0x00, 0x00, 0x00, 0x00, 0x00, 0x00, 0x00, 0x00, 0x00, 0x00, 0x00, 0x00, 
    0x00, 0x00, 0x00, 0x00, 0x00, 0x00, 0x00, 0x00, 0x00, 0x00, 0x00, 0x00, 
    0x00, 0x00, 0x00, 0x00, 0x00, 0x00, 0x00, 0x00, 0x00, 0x00, 0x00, 0x00, 
    0x00, 0x00, 0x00, 0x00, 0x00, 0x00, 0x00, 0x00, 0x00, 0x00, 0x00, 0x00, 
    0x00, 0x00, 0x00, 0x00, 0x00, 0x00, 0x00, 0x00, 0x00, 0x00, 0x00, 0x00, 
    0x00, 0x00, 0x00, 0x00, 0x00, 0x00, 0x00, 0x00, 0x00, 0x00, 0x00, 0x00, 
    0x00, 0x00, 0x00, 0x00, 0x00, 0x00, 0x00, 0x00, 0x00, 0x00, 0x00, 0x00, 
    0x00, 0x00, 0x00, 0x00, 0x00, 0x00, 0x00, 0x00, 0x00, 0x00, 0x00, 0x00, 
    0x00, 0x00, 0x00, 0x00, 0x00, 0x00, 0x00, 0x00, 0x00, 0x00, 0x00, 0x00, 
    0x00, 0x00, 0x00, 0x00, 0x00, 0x00, 0x00, 0x00, 0x00, 0x00, 0x00, 0x00, 
    0x00, 0x00, 0x00, 0x00, 0x00, 0x00, 0x00, 0x00, 0x00, 0x00, 0x00, 0x00, 
    0x00, 0x00, 0x00, 0x00, 0x00, 0x00, 0x00, 0x00, 0x00, 0x00, 0x00, 0x00, 
    0x00, 0x00, 0x00, 0x00, 0x00, 0x00, 0x00, 0x00, 0x00, 0x00, 0x00, 0x00, 
    0x00, 0x00, 0x00, 0x00, 0x00, 0x00, 0x00, 0x00, 0x00, 0x00, 0x00, 0x00, 
    0x00, 0x00, 0x00, 0x00, 0x00, 0x00, 0x00, 0x00, 0x00, 0x00, 0x00, 0x00, 
    0x00, 0x00, 0x00, 0x00, 0x00, 0x00, 0x00, 0x00, 0x00, 0x00, 0x00, 0x00, 
    0x00, 0x00, 0x00, 0x00, 0x00, 0x00, 0x00, 0x00, 0x00, 0x00, 0x00, 0x00, 
    0x00, 0x00, 0x00, 0x00, 0x00, 0x00, 0x00, 0x00, 0x00, 0x00, 0x00, 0x00, 
    0x00, 0x00, 0x00, 0x00, 0x00, 0x00, 0x00, 0x00, 0x00, 0x00, 0x00, 0x00, 
    0x00, 0x00, 0x00, 0x00, 0x00, 0x00, 0x00, 0x00, 0x00, 0x00, 0x00, 0x00, 
    0x00, 0x00, 0x00, 0x00, 0x00, 0x00, 0x00, 0x00, 0x00, 0x00, 0x00, 0x00, 
    0x00, 0x00, 0x00, 0x00, 0x00, 0x00, 0x00, 0x00, 0x00, 0x00, 0x00, 0x00, 
    0x00, 0x00, 0x00, 0x00, 0x00, 0x00, 0x00, 0x00, 0x00, 0x00, 0x00, 0x00, 
    0x00, 0x00, 0x00, 0x00, 0x00, 0x00, 0x00, 0x00, 0x00, 0x00, 0x00, 0x00, 
    0x00, 0x00, 0x00, 0x00, 0x00, 0x00, 0x00, 0x00, 0x00, 0x00, 0x00, 0x00, 
    0x00, 0x00, 0x00, 0x00, 0x00, 0x00, 0x00, 0x00, 0x00, 0x00, 0x00, 0x00, 
    0x00, 0x00, 0x00, 0x00, 0x00, 0x00, 0x00, 0x00, 0x00, 0x00, 0x00, 0x00, 
    0x00, 0x00, 0x00, 0x00, 0x00, 0x00, 0x00, 0x00, 0x00, 0x00, 0x00, 0x00, 
    0x00, 0x00, 0x00, 0x00, 0x00, 0x00, 0x00, 0x00, 0x00, 0x00, 0x00, 0x00, 
    0x00, 0x00, 0x00, 0x00, 0x00, 0x00, 0x00, 0x00, 0x00, 0x00, 0x00, 0x00, 
    0x00, 0x00, 0x00, 0x00, 0x00, 0x00, 0x00, 0x00, 0x00, 0x00, 0x00, 0x00, 
    0x00, 0x00, 0x00, 0x00, 0x00, 0x00, 0x00, 0x00, 0x00, 0x00, 0x00, 0x00, 
    0x00, 0x00, 0x00, 0x00, 0x00, 0x00, 0x00, 0x00, 0x00, 0x00, 0x00, 0x00, 
    0x00, 0x00, 0x00, 0x00, 0x00, 0x00, 0x00, 0x00, 0x00, 0x00, 0x00, 0x00, 
    0x00, 0x00, 0x00, 0x00, 0x00, 0x00, 0x00, 0x00, 0x00, 0x00, 0x00, 0x00, 
    0x00, 0x00, 0x00, 0x00, 0x00, 0x00, 0x00, 0x00, 0x00, 0x00, 0x00, 0x00, 
    0x00, 0x00, 0x00, 0x00, 0x00, 0x00, 0x00, 0x00, 0x00, 0x00, 0x00, 0x00, 
    0x00, 0x00, 0x00, 0x00, 0x00, 0x00, 0x00, 0x00, 0x00, 0x00, 0x00, 0x00, 
    0x00, 0x00, 0x00, 0x00, 0x00, 0x00, 0x00, 0x00, 0x00, 0x00, 0x00, 0x00, 
    0x00, 0x00, 0x00, 0x00, 0x00, 0x00, 0x00, 0x00, 0x00, 0x00, 0x00, 0x00, 
    0x00, 0x00, 0x00, 0x00, 0x00, 0x00, 0x00, 0x00, 0x00, 0x00, 0x00, 0x00, 
    0x00, 0x00, 0x00, 0x00, 0x00, 0x00, 0x00, 0x00, 0x00, 0x00, 0x00, 0x00, 
    0x00, 0x00, 0x00, 0x00, 0x00, 0x00, 0x00, 0x00, 0x00, 0x00, 0x00, 0x00, 
    0x00, 0x00, 0x00, 0x00, 0x00, 0x00, 0x00, 0x00, 0x00, 0x00, 0x00, 0x00, 
    0x00, 0x00, 0x00, 0x00, 0x00, 0x00, 0x00, 0x00, 0x00, 0x00, 0x00, 0x00, 
    0x00, 0x00, 0x00, 0x00, 0x00, 0x00, 0x00, 0x00, 0x00, 0x00, 0x00, 0x00, 
    0x00, 0x00, 0x00, 0x00, 0x00, 0x00, 0x00, 0x00, 0x00, 0x00, 0x00, 0x00, 
    0x00, 0x00, 0x00, 0x00, 0x00, 0x00, 0x00, 0x00, 0x00, 0x00, 0x00, 0x00, 
    0x00, 0x00, 0x00, 0x00, 0x00, 0x00, 0x00, 0x00, 0x00, 0x00, 0x00, 0x00, 
    0x00, 0x00, 0x00, 0x00, 0x00, 0x00, 0x00, 0x00, 0x00, 0x00, 0x00, 0x00, 
    0x00, 0x00, 0x00, 0x00, 0x00, 0x00, 0x00, 0x00, 0x00, 0x00, 0x00, 0x00, 
    0x00, 0x00, 0x00, 0x00, 0x00, 0x00, 0x00, 0x00, 0x00, 0x00, 0x00, 0x00, 
    0x00, 0x00, 0x00, 0x00, 0x00, 0x00, 0x00, 0x00, 0x00, 0x00, 0x00, 0x00, 
    0x00, 0x00, 0x00, 0x00, 0x00, 0x00, 0x00, 0x00, 0x00, 0x00, 0x00, 0x00, 
    0x00, 0x00, 0x00, 0x00, 0x00, 0x00, 0x00, 0x00, 0x00, 0x00, 0x00, 0x00, 
    0x00, 0x00, 0x00, 0x00, 0x00, 0x00, 0x00, 0x00, 0x00, 0x00, 0x00, 0x00, 
    0x00, 0x00, 0x00, 0x00, 0x00, 0x00, 0x00, 0x00, 0x00, 0x00, 0x00, 0x00, 
    0x00, 0x00, 0x00, 0x00, 0x00, 0x00, 0x00, 0x00, 0x00, 0x00, 0x00, 0x00, 
    0x00, 0x00, 0x00, 0x00, 0x00, 0x00, 0x00, 0x00, 0x00, 0x00, 0x00, 0x00, 
    0x00, 0x00, 0x00, 0x00, 0x00, 0x00, 0x00, 0x00, 0x00, 0x00, 0x00, 0x00, 
    0x00, 0x00, 0x00, 0x00, 0x00, 0x00, 0x00, 0x00, 0x00, 0x00, 0x00, 0x00, 
    0x00, 0x00, 0x00, 0x00, 0x00, 0x00, 0x00, 0x00, 0x00, 0x00, 0x00, 0x00, 
    0x00, 0x00, 0x00, 0x00, 0x00, 0x00, 0x00, 0x00, 0x00, 0x00, 0x00, 0x00, 
    0x00, 0x00, 0x00, 0x00, 0x00, 0x00, 0x00, 0x00, 0x00, 0x00, 0x00, 0x00, 
    0x00, 0x00, 0x00, 0x00, 0x00, 0x00, 0x00, 0x00, 0x00, 0x00, 0x00, 0x00, 
    0x00, 0x00, 0x00, 0x00, 0x00, 0x00, 0x00, 0x00, 0x00, 0x00, 0x00, 0x00, 
    0x00, 0x00, 0x00, 0x00, 0x00, 0x00, 0x00, 0x00, 0x00, 0x00, 0x00, 0x00, 
    0x00, 0x00, 0x00, 0x00, 0x00, 0x00, 0x00, 0x00, 0x00, 0x00, 0x00, 0x00, 
    0x00, 0x00, 0x00, 0x00, 0x00, 0x00, 0x00, 0x00, 0x00, 0x00, 0x00, 0x00, 
    0x00, 0x00, 0x00, 0x00, 0x00, 0x00, 0x00, 0x00, 0x00, 0x00, 0x00, 0x00, 
    0x00, 0x00, 0x00, 0x00, 0x00, 0x00, 0x00, 0x00, 0x00, 0x00, 0x00, 0x00, 
    0x00, 0x00, 0x00, 0x00, 0x00, 0x00, 0x00, 0x00, 0x00, 0x00, 0x00, 0x00, 
    0x00, 0x00, 0x00, 0x00, 0x00, 0x00, 0x00, 0x00, 0x00, 0x00, 0x00, 0x00, 
    0x00, 0x00, 0x00, 0x00, 0x00, 0x00, 0x00, 0x00, 0x00, 0x00, 0x00, 0x00, 
    0x00, 0x00, 0x00, 0x00, 0x00, 0x00, 0x00, 0x00, 0x00, 0x00, 0x00, 0x00, 
    0x00, 0x00, 0x00, 0x00, 0x00, 0x00, 0x00, 0x00, 0x00, 0x00, 0x00, 0x00, 
    0x00, 0x00, 0x00, 0x00, 0x00, 0x00, 0x00, 0x00, 0x00, 0x00, 0x00, 0x00, 
    0x00, 0x00, 0x00, 0x00, 0x00, 0x00, 0x00, 0x00, 0x00, 0x00, 0x00, 0x00, 
    0x00, 0x00, 0x00, 0x00, 0x00, 0x00, 0x00, 0x00, 0x00, 0x00, 0x00, 0x00, 
    0x00, 0x00, 0x00, 0x00, 0x00, 0x00, 0x00, 0x00, 0x00, 0x00, 0x00, 0x00, 
    0x00, 0x00, 0x00, 0x00, 0x00, 0x00, 0x00, 0x00, 0x00, 0x00, 0x00, 0x00, 
    0x00, 0x00, 0x00, 0x00, 0x00, 0x00, 0x00, 0x00, 0x00, 0x00, 0x00, 0x00, 
    0x00, 0x00, 0x00, 0x00, 0x00, 0x00, 0x00, 0x00, 0x00, 0x00, 0x00, 0x00, 
    0x00, 0x00, 0x00, 0x00, 0x00, 0x00, 0x00, 0x00, 0x00, 0x00, 0x00, 0x00, 
    0x00, 0x00, 0x00, 0x00, 0x00, 0x00, 0x00, 0x00, 0x00, 0x00, 0x00, 0x00, 
    0x00, 0x00, 0x00, 0x00, 0x00, 0x00, 0x00, 0x00, 0x00, 0x00, 0x00, 0x00, 
    0x00, 0x00, 0x00, 0x00, 0x00, 0x00, 0x00, 0x00, 0x00, 0x00, 0x00, 0x00, 
    0x00, 0x00, 0x00, 0x00, 0x00, 0x00, 0x00, 0x00, 0x00, 0x00, 0x00, 0x00, 
    0x00, 0x00, 0x00, 0x00, 0x00, 0x00, 0x00, 0x00, 0xAA, 0x22, 0xFF, 0x11, 
    0x00, 0x00, 0x00, 0x00, 0x22, 0x22, 0x22, 0x22, 0x22, 0x22, 0x22, 0x22, 
    0x22, 0x22, 0x00, 0x00, 0x03, 0x00, 0x00, 0x00, 0x00, 0x00, 0x00, 0x00, 
    0x00, 0x00, 0x00, 0x00, 0x00, 0x00, 0x00, 0x00, 0x00, 0x00, 0x00, 0x00, 
    0x20, 0x22, 0x20, 0x22, 0x00, 0x00, 0x00, 0x00, 0x00, 0x00, 0x00, 0x00, 
    0x00, 0x00, 0x00, 0x00, 0x57, 0x00, 0x55, 0x00, 0x00, 0x02, 0x02, 0x00, 
    0xA8, 0x02, 0xAA, 0x00, 0x00, 0x00, 0x00, 0x00, 0x00, 0x00, 0x00, 0x00, 
    0x00, 0x00, 0x00, 0x00, 0x13, 0x11, 0x11, 0x11, 0xA8, 0xAA, 0xA8, 0x2A, 
    0xA8, 0xAA, 0xAA, 0x2A, 0xFF, 0xFF, 0xFF, 0xFF, 0xFF, 0xFF, 0xFF, 0xFF, 
    0xFF, 0xFF, 0xFF, 0xFF, 0x00, 0x02, 0x02, 0x00, 0xFF, 0xFF, 0xFF, 0xFF, 
    0xFF, 0xFF, 0x7F, 0xFF, 0xFF, 0xFF, 0xFF, 0xFD, 0x57, 0x55, 0x55, 0xD5, 
    0x57, 0x55, 0x55, 0xD5, 0x40, 0x00, 0x00, 0x01, 0xFF, 0xFF, 0xFF, 0xFF, 
    0x57, 0x55, 0x55, 0xD5, 0x57, 0x55, 0x55, 0xD5, 0xA8, 0xAA, 0xAA, 0x2A, 
    0x00, 0x00, 0x00, 0x00, 0x57, 0x55, 0x55, 0xD5, 0xA8, 0xAA, 0xAA, 0x2A, 
    0xA8, 0x2A, 0xA2, 0x2A, 0x7F, 0xFD, 0x7F, 0xFD, 0x00, 0x00, 0x00, 0x00, 
    0xC8, 0x80, 0xC8, 0x09, 0x57, 0x55, 0x55, 0xD5, 0x57, 0x55, 0x55, 0xD5, 
    0x57, 0x55, 0x55, 0xD5, 0x00, 0x55, 0x00, 0xD5, 0x00, 0x00, 0x00, 0x00, 
    0x00, 0xA8, 0x00, 0x2A, 0xA8, 0xAA, 0xAA, 0x2A, 0xA8, 0xAA, 0xAA, 0x2A, 
    0x28, 0xA8, 0x2A, 0x28, 0x44, 0x04, 0x44, 0xC4, 0x00, 0x08, 0x00, 0x00, 
    0x00, 0x00, 0x00, 0x00, 0x00, 0x00, 0x00, 0x00, 0x00, 0x00, 0x00, 0x00, 
    0x00, 0x00, 0x00, 0x00, 0x00, 0x00, 0x00, 0x00, 0x00, 0x00, 0x00, 0x00, 
    0x00, 0x00, 0x00, 0x00, 0x00, 0x00, 0x00, 0x00, 0x00, 0x00, 0x00, 0x00, 
    0x00, 0x40, 0x00, 0x00, 0x20, 0x20, 0x60, 0x22, 0xA8, 0xAA, 0xAA, 0x2A, 
    0xA8, 0xAA, 0xAA, 0x2A, 0xA8, 0xAA, 0xAA, 0x2A, 0xFF, 0xAA, 0xFF, 0x2A, 
    0x00, 0x00, 0x00, 0x00, 0xFF, 0x55, 0xFF, 0xD5, 0x57, 0x55, 0x55, 0xD5, 
    0x57, 0xD5, 0x5D, 0xD5, 0x57, 0x55, 0x55, 0xD5, 0x13, 0x01, 0x10, 0x11, 
    0xE8, 0xA9, 0xA8, 0x2A, 0xFF, 0xFF, 0xFF, 0xFF, 0x57, 0x55, 0x55, 0xD5, 
    0x57, 0x55, 0x55, 0xD5, 0xFF, 0xFF, 0xFF, 0xFF, 0x00, 0x00, 0x00, 0x00, 
    0xFF, 0xFF, 0xFF, 0xFF, 0xA8, 0xAA, 0xAA, 0x2A, 0xA8, 0xAA, 0xAA, 0x2A, 
    0x7F, 0xFD, 0x7F, 0xFD, 0x57, 0x45, 0x55, 0xD5, 0x00, 0x00, 0x00, 0x00, 
    0x00, 0x04, 0x00, 0x00, 0x57, 0x55, 0x55, 0xD5, 0x57, 0x55, 0x55, 0xD5, 
    0x00, 0x00, 0x00, 0x00, 0x00, 0x00, 0x00, 0x00, 0x00, 0x00, 0x00, 0x00, 
    0xA8, 0xAA, 0xAA, 0x2A, 0xA8, 0xAA, 0xAA, 0x2A, 0x00, 0x00, 0x00, 0x00, 
    0x00, 0x00, 0x00, 0x00, 0x88, 0x80, 0x08, 0x08, 0x00, 0x00, 0x00, 0x00, 
    0x00, 0x00, 0x00, 0x00, 0x00, 0x00, 0x00, 0x00, 0x00, 0x45, 0x00, 0xD5, 
    0x00, 0x00, 0x00, 0x00, 0x00, 0xAA, 0x00, 0x2A, 0x00, 0x00, 0x00, 0x00, 
    0x00, 0x00, 0x00, 0x00, 0x00, 0x00, 0x00, 0x00, 0x44, 0x44, 0x41, 0xC4, 
    0x40, 0x08, 0x80, 0x01, 0xFF, 0xFF, 0xFF, 0xFF, 0xA8, 0xAA, 0xAA, 0x2A, 
    0xA8, 0xAA, 0xAA, 0x2A, 0xA8, 0xBA, 0xAA, 0x2A, 0x00, 0x00, 0x00, 0x00, 
    0x57, 0x55, 0x55, 0xD5, 0x57, 0x55, 0x55, 0xD5, 0x57, 0x55, 0x55, 0xD5, 
    0x7F, 0xFD, 0x7F, 0xFD, 0x00, 0x00, 0x04, 0x00, 0x60, 0x20, 0x20, 0x23, 
    0xFF, 0xFF, 0xFF, 0xFF, 0x00, 0x00, 0x00, 0x00, 0x00, 0x00, 0x00, 0x00, 
    0x57, 0x00, 0x54, 0x00, 0x00, 0x00, 0x00, 0x00, 0xA8, 0x00, 0xAA, 0x00, 
    0x00, 0x00, 0x00, 0x00, 0x00, 0x00, 0x00, 0x00, 0x7F, 0xFD, 0x7F, 0xFD, 
    0x13, 0x11, 0x11, 0x11, 0xA8, 0xA8, 0xA8, 0x2A, 0x00, 0x00, 0x00, 0x00, 
    0x00, 0x00, 0x00, 0x00, 0x00, 0x00, 0x00, 0x00, 0x57, 0x55, 0x55, 0xD5, 
    0x00, 0x00, 0x00, 0x00, 0xA8, 0xAA, 0xAA, 0x2A, 0x00, 0x00, 0x01, 0x00, 
    0x00, 0x00, 0x00, 0x00, 0x00, 0x00, 0x00, 0x00, 0x57, 0x55, 0x55, 0xD5, 
    0x00, 0x00, 0x00, 0x00, 0x00, 0x00, 0x00, 0x00, 0x00, 0x00, 0x00, 0x00, 
    0x20, 0x00, 0x00, 0x00, 0x88, 0xBA, 0xAB, 0x2A, 0x00, 0x00, 0x00, 0x00, 
    0x47, 0x55, 0x54, 0xD5, 0x10, 0x00, 0x00, 0x00, 0x00, 0x00, 0x00, 0x00, 
    0x00, 0x00, 0x00, 0x00, 0x00, 0x00, 0x00, 0x00, 0xC8, 0x89, 0x88, 0x09, 
    0xFF, 0xFF, 0xFF, 0xFF, 0xFF, 0xFF, 0xFF, 0xFF, 0x57, 0x55, 0x55, 0xD5, 
    0x00, 0x45, 0x00, 0xD5, 0x00, 0x00, 0x00, 0x00, 0x00, 0xAA, 0x00, 0x2A, 
    0xA8, 0xAA, 0xAA, 0x2A, 0xFF, 0xFF, 0xFF, 0xFF, 0x7F, 0xFD, 0x7F, 0xFD, 
    0x44, 0x04, 0x44, 0xC4, 0x00, 0x00, 0x00, 0x00, 0xA8, 0xAA, 0xAA, 0x2A, 
    0x57, 0x55, 0x55, 0xD5, 0xA8, 0xAA, 0xAA, 0x2A, 0xA8, 0xAA, 0xAA, 0x2A, 
    0x00, 0x00, 0x00, 0x00, 0x57, 0x55, 0x55, 0xD5, 0x57, 0x55, 0x55, 0xD5, 
    0xA8, 0x8A, 0xA8, 0x2A, 0x57, 0x55, 0x55, 0xD5, 0x00, 0x40, 0x00, 0x00, 
    0x20, 0x20, 0x22, 0x22, 0x00, 0x00, 0x00, 0x00, 0x00, 0x00, 0x00, 0x00, 
    0x00, 0x00, 0x00, 0x00, 0x57, 0x00, 0x55, 0x00, 0x00, 0x02, 0x24, 0x00, 
    0xA8, 0x02, 0xAA, 0x00, 0x00, 0x20, 0x02, 0x00, 0x00, 0x00, 0x00, 0x00, 
    0x00, 0x00, 0x00, 0x00, 0x13, 0x01, 0x10, 0x11, 0xE8, 0xA9, 0xEA, 0x2B, 
    0x57, 0x55, 0x55, 0xD5, 0x00, 0x00, 0x00, 0x00, 0x00, 0x00, 0x00, 0x00, 
    0x57, 0x55, 0x55, 0xD5, 0x00, 0x02, 0x24, 0x00, 0xA8, 0xAA, 0xAA, 0x2A, 
    0x00, 0x00, 0x00, 0x00, 0x00, 0x00, 0x00, 0x00, 0x28, 0xA8, 0x2A, 0x28, 
    0x57, 0x55, 0x55, 0xD5, 0x40, 0x01, 0x40, 0x01, 0xFF, 0xFB, 0xBF, 0xFF, 
    0xFF, 0xFF, 0xFF, 0xFF, 0x57, 0x55, 0x55, 0xD5, 0xA8, 0xAA, 0xAA, 0x2A, 
    0x00, 0x00, 0x00, 0x00, 0x57, 0x55, 0x55, 0xD5, 0xA8, 0xAA, 0xAA, 0x2A, 
    0xFF, 0xFF, 0xFF, 0xFF, 0x7F, 0xFD, 0x7F, 0xFD, 0x00, 0x40, 0x04, 0x00, 
    0xC8, 0x81, 0x48, 0x09, 0xFF, 0xFF, 0xFF, 0xFF, 0x57, 0x55, 0x55, 0xD5, 
    0x00, 0x00, 0x00, 0x00, 0x00, 0x45, 0x00, 0xD5, 0x00, 0x00, 0x00, 0x00, 
    0x00, 0xA8, 0x00, 0x2A, 0x00, 0x00, 0x00, 0x00, 0xA8, 0xAA, 0xAA, 0x2A, 
    0x7F, 0xFD, 0x7F, 0xFD, 0x44, 0x04, 0x40, 0xC4, 0x00, 0x08, 0x80, 0x00, 
    0x00, 0x04, 0x40, 0x00, 0x00, 0x00, 0x00, 0x00, 0xA8, 0xAA, 0xAA, 0x2A, 
    0xA8, 0xBA, 0xAA, 0x2A, 0x00, 0x00, 0x00, 0x00, 0x57, 0x55, 0x55, 0xD5, 
    0x57, 0x55, 0x55, 0xD5, 0x00, 0x00, 0x00, 0x00, 0x00, 0x00, 0x00, 0x00, 
    0x00, 0x10, 0x01, 0x00, 0x00, 0x00, 0x00, 0x00, 0x00, 0x00, 0x00, 0x00, 
    0x57, 0x51, 0x15, 0xD5, 0x57, 0x51, 0x15, 0xD5, 0x57, 0x00, 0x55, 0x00, 
    0x00, 0x00, 0x00, 0x00, 0xA8, 0x00, 0xA0, 0x00, 0xA8, 0xA8, 0x2A, 0x2A, 
    0xA8, 0xA8, 0x2A, 0x2A, 0x00, 0x00, 0x00, 0x00, 0x00, 0x00, 0x00, 0x00, 
    0x00, 0xAB, 0x00, 0x2A, 0xA8, 0xAE, 0xAA, 0x2A, 0xFF, 0xFB, 0xBF, 0xFF, 
    0x57, 0x51, 0x15, 0xD5, 0x57, 0x55, 0x55, 0xD5, 0x00, 0xA0, 0x0A, 0x00, 
    0xA8, 0xAA, 0xAA, 0x2A, 0xA8, 0xA8, 0x2A, 0x2A, 0xFF, 0xFD, 0x7F, 0xFF, 
    0x57, 0x55, 0x55, 0xD5, 0x00, 0x55, 0x00, 0xD5, 0x00, 0x00, 0x00, 0x00, 
    0xA8, 0xAA, 0xAA, 0x2A, 0x00, 0x00, 0x00, 0x00, 0x00, 0x00, 0x0A, 0x00, 
    0xA8, 0xBA, 0xA0, 0x2A, 0x00, 0x00, 0x00, 0x00, 0x57, 0x55, 0x55, 0xD5, 
    0x00, 0x00, 0x00, 0x00, 0x00, 0x00, 0x00, 0x00, 0x57, 0x55, 0x55, 0xD5, 
    0x00, 0x00, 0x00, 0x00, 0x40, 0x01, 0x40, 0x01, 0x57, 0x55, 0x55, 0xD5, 
    0x00, 0x00, 0x00, 0x00, 0x00, 0x00, 0x00, 0x00, 0x00, 0x45, 0x00, 0xD5, 
    0x00, 0xA0, 0x0A, 0x00, 0x00, 0xAA, 0x0A, 0x2A, 0x00, 0x00, 0x00, 0x00, 
    0x00, 0x00, 0x00, 0x00, 0x28, 0xA8, 0x2A, 0x28, 0x00, 0x00, 0x00, 0x00, 
    0x40, 0xAB, 0x40, 0x2B, 0x57, 0x75, 0x55, 0xD5, 0x57, 0x51, 0x15, 0xD5, 
    0x57, 0xFB, 0x15, 0xFF, 0x00, 0x02, 0x00, 0x00, 0x00, 0x00, 0x00, 0x00, 
    0x00, 0x04, 0x40, 0x00, 0xA8, 0xFD, 0x2A, 0xFF, 0xA8, 0xA8, 0x2A, 0x2A, 
    0x28, 0xA8, 0x2A, 0x28, 0x00, 0x55, 0x00, 0xD5, 0x40, 0x01, 0x40, 0x01, 
    0xFF, 0xFF, 0xFF, 0xFF, 0xFF, 0xFB, 0xBF, 0xFF, 0xFF, 0xFB, 0xBF, 0xFF, 
    0x00, 0x00, 0x00, 0x00, 0x00, 0x06, 0x40, 0x00, 0x00, 0x04, 0x40, 0x00, 
    0xFF, 0xFD, 0x7F, 0xFF, 0xFF, 0xFD, 0x7F, 0xFF, 0x7F, 0xFD, 0x7F, 0xFD, 
    0x00, 0x00, 0x00, 0x00, 0x40, 0x00, 0x00, 0x01, 0xFF, 0xDF, 0xFF, 0xFF, 
    0x00, 0x00, 0x00, 0x00, 0xA8, 0x00, 0xAA, 0x00, 0xA8, 0xA8, 0x2A, 0x2A, 
    0x00, 0x00, 0x00, 0x00, 0x57, 0x51, 0x15, 0xD5, 0x57, 0x00, 0x55, 0x00, 
    0x00, 0x00, 0x00, 0x00, 0x7F, 0xFD, 0x7F, 0xFD, 0x00, 0x00, 0x00, 0x00, 
    0x40, 0xAA, 0x00, 0x2B, 0x57, 0x55, 0x55, 0xD5, 0x00, 0x00, 0x00, 0x00, 
    0x00, 0x00, 0x00, 0x00, 0x00, 0x55, 0x00, 0xD5, 0x00, 0xFF, 0x00, 0xFF, 
    0x00, 0xAA, 0x00, 0x2A, 0x00, 0x00, 0x00, 0x00, 0x00, 0x00, 0x00, 0x00, 
    0x28, 0xA8, 0x2A, 0x28, 0x00, 0x55, 0x00, 0xD5, 0x00, 0x00, 0x00, 0x00, 
    0x00, 0x20, 0x02, 0x00, 0x00, 0x00, 0x00, 0x00, 0x00, 0xAA, 0x00, 0x2A, 
    0x00, 0x00, 0x00, 0x00, 0x00, 0x00, 0x00, 0x00, 0x00, 0x00, 0x00, 0x00, 
    0x00, 0x55, 0x00, 0xD5, 0x00, 0x00, 0x00, 0x00, 0x00, 0x00, 0x00, 0x00, 
    0x00, 0x00, 0x00, 0x00, 0x00, 0x00, 0x00, 0x00, 0xA8, 0xAA, 0xAA, 0x2A, 
    0xA8, 0xAA, 0xAA, 0x2A, 0xA8, 0xAA, 0xAA, 0x2A, 0x00, 0x00, 0x00, 0x00, 
    0x00, 0x00, 0x00, 0x00, 0x00, 0x00, 0x00, 0x00, 0x57, 0x55, 0x55, 0xD5, 
    0x57, 0x55, 0x55, 0xD5, 0x57, 0x55, 0x55, 0xD5, 0x00, 0x00, 0x00, 0x00, 
    0x40, 0xAB, 0x40, 0x2B, 0xFF, 0xDF, 0xFD, 0xFF, 0x00, 0x00, 0x00, 0x00, 
    0xA8, 0x00, 0xAA, 0x00, 0x00, 0x55, 0x00, 0xD5, 0x00, 0xFF, 0x00, 0xFF, 
    0x00, 0xAA, 0x00, 0x2A, 0x57, 0x00, 0x55, 0x00, 0x00, 0x00, 0x00, 0x00, 
    0x7F, 0xFD, 0x7F, 0xFD, 0x00, 0x55, 0x00, 0xD5, 0x00, 0x00, 0x00, 0x00, 
    0x00, 0x00, 0x00, 0x00, 0x00, 0x00, 0x00, 0x00, 0x00, 0x00, 0x00, 0x00, 
    0x00, 0x00, 0x00, 0x00, 0x00, 0x00, 0x00, 0x00, 0x00, 0x00, 0x00, 0x00, 
    0x00, 0x00, 0x00, 0x00, 0x00, 0x00, 0x00, 0x00, 0x00, 0x00, 0x00, 0x00, 
    0x00, 0x00, 0x00, 0x00, 0x20, 0x22, 0x22, 0x22, 0x00, 0x00, 0x00, 0x00, 
    0x00, 0x00, 0x00, 0x00, 0x00, 0x00, 0x00, 0x00, 0x57, 0x00, 0x55, 0x00, 
    0x00, 0x00, 0x00, 0x00, 0xA8, 0x00, 0xAA, 0x00, 0x00, 0x00, 0x00, 0x00, 
    0x00, 0x00, 0x00, 0x00, 0x00, 0x00, 0x00, 0x00, 0x13, 0x11, 0x11, 0x11, 
    0xA8, 0xAA, 0xAA, 0x2A, 0xA8, 0xAA, 0xAA, 0x2A, 0xFF, 0xFF, 0xFF, 0xFF, 
    0xFF, 0xAF, 0xFA, 0xFF, 0xFF, 0xFF, 0xFF, 0xFF, 0x00, 0x00, 0x00, 0x00, 
    0xFF, 0xFF, 0xFF, 0xFF, 0xFF, 0x5F, 0xF5, 0xFF, 0xFF, 0xFF, 0xFF, 0xFF, 
    0x57, 0x55, 0x55, 0xD5, 0x57, 0x55, 0x55, 0xD5, 0x00, 0x00, 0x00, 0x00, 
    0xAB, 0xAA, 0xAA, 0xEA, 0x57, 0x14, 0x15, 0xD5, 0x57, 0x54, 0x15, 0xD5, 
    0xA8, 0xAA, 0xAA, 0x2A, 0x00, 0x00, 0x00, 0x00, 0x57, 0x55, 0x55, 0xD5, 
    0xA8, 0xA8, 0xAA, 0x2A, 0xA8, 0xA8, 0xAA, 0x2A, 0x57, 0x55, 0x55, 0xD5, 
    0x00, 0x00, 0x00, 0x00, 0x88, 0x88, 0x80, 0x08, 0x03, 0x00, 0x00, 0xC0, 
    0x57, 0x14, 0x15, 0xD5, 0x57, 0x54, 0x15, 0xD5, 0x00, 0x55, 0x00, 0xD5, 
    0x00, 0x00, 0x00, 0x00, 0x00, 0xAA, 0x00, 0x2A, 0xA8, 0xA8, 0xAA, 0x2A, 
    0xA8, 0xA8, 0xAA, 0x2A, 0x00, 0x00, 0x00, 0x00, 0x44, 0x44, 0x44, 0xC4, 
    0x00, 0x00, 0x08, 0x00, 0x00, 0x00, 0x00, 0x00, 0x00, 0x00, 0x00, 0x00, 
    0x00, 0x00, 0x00, 0x00, 0x00, 0x00, 0x00, 0x00, 0x00, 0x00, 0x00, 0x00, 
    0x00, 0x00, 0x00, 0x00, 0x00, 0x00, 0x00, 0x00, 0x00, 0x00, 0x00, 0x00, 
    0x00, 0x00, 0x00, 0x00, 0x00, 0x00, 0x00, 0x00, 0x20, 0x22, 0x22, 0x22, 
    0xA8, 0xAA, 0xAA, 0x2A, 0xA8, 0xAA, 0xAA, 0x2A, 0xA8, 0xAA, 0xAA, 0x2A, 
    0xFF, 0xAA, 0xFF, 0x2A, 0x00, 0x80, 0x00, 0x00, 0xFF, 0xD5, 0xFF, 0xD5, 
    0x57, 0x55, 0x55, 0xD5, 0x57, 0x55, 0x55, 0xD5, 0x57, 0x55, 0x55, 0xD5, 
    0x13, 0x11, 0x11, 0x11, 0xA8, 0xAA, 0xAA, 0x2A, 0xAB, 0xAA, 0xAA, 0xEA, 
    0x57, 0x54, 0x15, 0xD5, 0x57, 0x54, 0x15, 0xD5, 0xFF, 0xFF, 0xFF, 0xFF, 
    0x00, 0x80, 0x00, 0x00, 0xFF, 0xFF, 0xFF, 0xFF, 0xA8, 0xA8, 0xAA, 0x2A, 
    0xA8, 0xAA, 0xAA, 0x2A, 0x57, 0x55, 0x55, 0xD5, 0x57, 0x55, 0x55, 0xD5, 
    0x00, 0x00, 0x00, 0x00, 0x00, 0x00, 0x00, 0x00, 0x57, 0x54, 0x15, 0xD5, 
    0x57, 0x54, 0x15, 0xD5, 0x00, 0x00, 0x00, 0x00, 0x00, 0x00, 0x00, 0x00, 
    0x00, 0x00, 0x00, 0x00, 0xA8, 0xA8, 0xAA, 0x2A, 0xA8, 0xAA, 0xAA, 0x2A, 
    0x00, 0x00, 0x00, 0x00, 0x00, 0x00, 0x00, 0x00, 0x88, 0x88, 0x80, 0x08, 
    0x00, 0x00, 0x00, 0x00, 0x00, 0x00, 0x00, 0x00, 0x00, 0x00, 0x00, 0x00, 
    0x00, 0x75, 0x00, 0xD5, 0x00, 0x00, 0x00, 0x00, 0x00, 0x2B, 0x00, 0x2A, 
    0x00, 0x00, 0x00, 0x00, 0x00, 0x00, 0x00, 0x00, 0x00, 0x00, 0x00, 0x00, 
    0x44, 0x44, 0x44, 0xC4, 0x00, 0x00, 0x08, 0x00, 0xA8, 0xAA, 0xAA, 0x2A, 
    0xA8, 0xAA, 0xAA, 0x2A, 0xA8, 0xAA, 0xAA, 0x2A, 0xA8, 0xAA, 0xAA, 0x2A, 
    0x00, 0x00, 0x00, 0x00, 0x57, 0x55, 0x55, 0xD5, 0x57, 0x55, 0x55, 0xD5, 
    0x57, 0x55, 0x55, 0xD5, 0x57, 0x55, 0x55, 0xD5, 0x00, 0x00, 0x00, 0x00, 
    0x20, 0x02, 0x22, 0x22, 0xAB, 0xAA, 0xAA, 0xEA, 0x00, 0x00, 0x00, 0x00, 
    0x00, 0x00, 0x00, 0x00, 0x57, 0x00, 0x54, 0x00, 0x00, 0x00, 0x00, 0x00, 
    0xA8, 0x00, 0xAA, 0x00, 0x00, 0x00, 0x00, 0x00, 0x00, 0x00, 0x00, 0x00, 
    0x57, 0x55, 0x55, 0xD5, 0x13, 0x11, 0x11, 0x11, 0xA8, 0x2A, 0xAA, 0x2A, 
    0x03, 0x00, 0x00, 0xC0, 0x00, 0x00, 0x00, 0x00, 0x00, 0x00, 0x00, 0x00, 
    0x57, 0x55, 0x55, 0xD5, 0x00, 0x00, 0x00, 0x00, 0xA8, 0xAA, 0xAA, 0x2A, 
    0x00, 0x00, 0x00, 0x00, 0x00, 0x00, 0x00, 0x00, 0x00, 0x00, 0x00, 0x00, 
    0x57, 0x55, 0x55, 0xD5, 0x00, 0x00, 0x00, 0x00, 0x00, 0x00, 0x00, 0x00, 
    0x00, 0x00, 0x00, 0x00, 0x00, 0x00, 0x00, 0x00, 0xA8, 0x9A, 0xAB, 0x2A, 
    0x00, 0x00, 0x00, 0x00, 0x57, 0x54, 0x55, 0xD5, 0x00, 0x20, 0x00, 0x00, 
    0x00, 0x00, 0x00, 0x00, 0x00, 0x00, 0x00, 0x00, 0x00, 0x00, 0x00, 0x00, 
    0x88, 0x08, 0x88, 0x08, 0xA8, 0xAA, 0xAA, 0x2A, 0xFF, 0xFF, 0xFF, 0xFF, 
    0x57, 0x55, 0x15, 0xD5, 0x00, 0x45, 0x00, 0xD5, 0x00, 0x00, 0x00, 0x00, 
    0x00, 0xAA, 0x00, 0x2A, 0xA8, 0xA8, 0xAA, 0x2A, 0xFF, 0xFF, 0xFF, 0xFF, 
    0x57, 0x55, 0x55, 0xD5, 0x44, 0x44, 0x44, 0xC4, 0x00, 0x20, 0x00, 0x00, 
    0xAB, 0xAA, 0xAA, 0xEA, 0x57, 0x55, 0x15, 0xD5, 0xA8, 0xAA, 0xAA, 0x2A, 
    0xA8, 0xAA, 0xAA, 0x2A, 0x00, 0x00, 0x00, 0x00, 0x57, 0x55, 0x55, 0xD5, 
    0x57, 0x55, 0x55, 0xD5, 0xA8, 0x88, 0xAA, 0x2A, 0x57, 0x55, 0x55, 0xD5, 
    0x00, 0x00, 0x00, 0x00, 0x20, 0x22, 0x22, 0x22, 0x00, 0x00, 0x00, 0x00, 
    0x00, 0x00, 0x00, 0x00, 0x00, 0x00, 0x00, 0x00, 0x57, 0x00, 0x55, 0x00, 
    0x00, 0x00, 0x02, 0x00, 0xA8, 0x00, 0xAA, 0x00, 0x00, 0x00, 0x00, 0x00, 
    0x00, 0x00, 0x00, 0x00, 0x00, 0x00, 0x00, 0x00, 0x13, 0x11, 0x11, 0x11, 
    0xA8, 0xAA, 0xAA, 0x2A, 0x03, 0x00, 0x00, 0xC0, 0x00, 0x00, 0x00, 0x00, 
    0x00, 0x00, 0x00, 0x00, 0x57, 0x55, 0x55, 0xD5, 0x00, 0x00, 0x02, 0x00, 
    0xA8, 0xAA, 0xAA, 0x2A, 0x00, 0x00, 0x00, 0x00, 0x00, 0x00, 0x00, 0x00, 
    0x00, 0x00, 0x00, 0x00, 0x57, 0x55, 0x55, 0xD5, 0x00, 0x00, 0x00, 0x00, 
    0xAB, 0xAA, 0xAA, 0xEA, 0xFF, 0xFF, 0xFF, 0xFF, 0x57, 0x54, 0x55, 0xD5, 
    0xA8, 0xAA, 0xAA, 0x2A, 0x00, 0x00, 0x00, 0x00, 0x57, 0x55, 0x55, 0xD5, 
    0xA8, 0xA8, 0xAA, 0x2A, 0xFF, 0xFF, 0xFF, 0xFF, 0x57, 0x55, 0x55, 0xD5, 
    0x00, 0x00, 0x40, 0x00, 0x88, 0x88, 0x80, 0x08, 0xAB, 0xAA, 0xAA, 0xEA, 
    0x57, 0x54, 0x55, 0xD5, 0x00, 0x00, 0x00, 0x00, 0x00, 0x55, 0x00, 0xD5, 
    0x00, 0x00, 0x00, 0x00, 0x00, 0xAA, 0x00, 0x2A, 0x00, 0x00, 0x00, 0x00, 
    0xA8, 0xA8, 0xAA, 0x2A, 0x57, 0x55, 0x55, 0xD5, 0x44, 0x44, 0x04, 0xC4, 
    0x00, 0x00, 0x08, 0x00, 0x03, 0x00, 0x00, 0xC0, 0x00, 0x00, 0x00, 0x00, 
    0xA8, 0xAA, 0xAA, 0x2A, 0xA8, 0xAA, 0xAA, 0x2A, 0x00, 0x00, 0x00, 0x00, 
    0x57, 0x55, 0x15, 0xD5, 0x57, 0x55, 0x55, 0xD5, 0x00, 0x00, 0x00, 0x00, 
    0x00, 0x00, 0x00, 0x00, 0x00, 0x00, 0x00, 0x00, 0x00, 0x00, 0x00, 0x00, 
    0x00, 0x00, 0x00, 0x00, 0x57, 0x04, 0x10, 0xD5, 0x57, 0x04, 0x50, 0xD5, 
    0x57, 0x00, 0x54, 0x00, 0x00, 0x00, 0x00, 0x00, 0xA8, 0x00, 0xAA, 0x00, 
    0xA8, 0x08, 0xA0, 0x2A, 0xA8, 0x08, 0xA0, 0x2A, 0x00, 0x00, 0x00, 0x00, 
    0x00, 0x00, 0x00, 0x00, 0x00, 0xAA, 0x00, 0x2A, 0xA8, 0xAA, 0xAA, 0x2A, 
    0xFF, 0xAF, 0xBA, 0xFF, 0x57, 0x05, 0x50, 0xD5, 0x57, 0x55, 0x55, 0xD5, 
    0x00, 0x00, 0x00, 0x00, 0xA8, 0xAA, 0xAA, 0x2A, 0xB8, 0x08, 0xA0, 0x2A, 
    0xFF, 0x5D, 0xF5, 0xFF, 0x57, 0x55, 0x55, 0xD5, 0x00, 0x55, 0x00, 0xD5, 
    0x00, 0x00, 0x00, 0x00, 0xA8, 0xAA, 0xAA, 0x2A, 0x00, 0x00, 0x00, 0x00, 
    0x00, 0x00, 0x08, 0x00, 0xA8, 0xBA, 0xA3, 0x2A, 0x00, 0x00, 0x00, 0x00, 
    0x47, 0x55, 0x15, 0xD5, 0x00, 0x00, 0x00, 0x00, 0x00, 0x00, 0x00, 0x00, 
    0x57, 0x55, 0x55, 0xD5, 0x00, 0x00, 0x00, 0x00, 0x00, 0x00, 0x00, 0x00, 
    0x00, 0x00, 0x00, 0x00, 0x00, 0x01, 0x00, 0x00, 0x00, 0x01, 0x00, 0x00, 
    0xA8, 0xEF, 0xAA, 0xFF, 0x00, 0x00, 0x00, 0x00, 0x54, 0xFF, 0x55, 0x3F, 
    0x00, 0x00, 0x00, 0x00, 0x00, 0x00, 0x00, 0x00, 0x00, 0x00, 0x00, 0x00, 
    0x00, 0x00, 0x00, 0x00, 0x00, 0xAA, 0x00, 0x2A, 0x03, 0x00, 0x00, 0xC0, 
    0x57, 0x05, 0x50, 0xD5, 0x57, 0xA9, 0x50, 0xFF, 0xA8, 0xAA, 0xAA, 0x2A, 
    0x00, 0x00, 0x00, 0x00, 0x54, 0x55, 0x55, 0x15, 0xA8, 0x5E, 0xA0, 0xFF, 
    0xA8, 0x0A, 0xA0, 0x2A, 0x00, 0x00, 0x00, 0x00, 0x00, 0x55, 0x00, 0xD5, 
    0x00, 0x00, 0x00, 0x00, 0xAB, 0xAA, 0xAA, 0xEA, 0xFF, 0xAF, 0xFA, 0xFF, 
    0xFF, 0xA9, 0xFA, 0xFF, 0xE8, 0xAB, 0xEA, 0x2B, 0xFC, 0xFF, 0xFF, 0x3F, 
    0xD4, 0x57, 0xD5, 0x17, 0xFF, 0x5E, 0xF5, 0xFF, 0xFF, 0x5F, 0xF5, 0xFF, 
    0x57, 0x55, 0x55, 0xD5, 0x00, 0x00, 0x00, 0x00, 0x00, 0x00, 0x00, 0x00, 
    0xAB, 0xAA, 0xAA, 0xEA, 0x00, 0x00, 0x00, 0x00, 0xA8, 0x00, 0xAA, 0x00, 
    0xC0, 0x02, 0x80, 0x02, 0x00, 0x00, 0x00, 0x00, 0x43, 0x01, 0x40, 0xC1, 
    0x57, 0x00, 0x55, 0x00, 0x00, 0x00, 0x00, 0x00, 0x57, 0x55, 0x55, 0xD5, 
    0x00, 0x00, 0x00, 0x00, 0x00, 0xAA, 0x00, 0x2A, 0x03, 0x00, 0x00, 0xC0, 
    0x00, 0x00, 0x00, 0x00, 0x00, 0x00, 0x00, 0x00, 0xC0, 0x57, 0x80, 0xD7, 
    0x00, 0xFF, 0x00, 0xFF, 0x40, 0xAB, 0x40, 0x2B, 0x00, 0x00, 0x00, 0x00, 
    0x00, 0x00, 0x00, 0x00, 0x00, 0x00, 0x00, 0x00, 0x00, 0x55, 0x00, 0xD5, 
    0x00, 0x00, 0x00, 0x00, 0x00, 0x00, 0x00, 0x00, 0x00, 0x00, 0x00, 0x00, 
    0x00, 0xA8, 0x00, 0x2A, 0x80, 0x02, 0x80, 0x02, 0x00, 0x00, 0x00, 0x00, 
    0x40, 0x01, 0x40, 0x01, 0x00, 0x54, 0x00, 0xD5, 0x00, 0x00, 0x00, 0x00, 
    0x00, 0x00, 0x00, 0x00, 0x00, 0x00, 0x00, 0x00, 0x00, 0x00, 0x00, 0x00, 
    0xA8, 0xAA, 0xAA, 0x2A, 0xE8, 0xAA, 0xAA, 0x2A, 0xA8, 0xA8, 0xAA, 0x2A, 
    0x80, 0x02, 0x80, 0x02, 0x00, 0x00, 0x00, 0x00, 0x40, 0x01, 0x40, 0x01, 
    0x57, 0x54, 0x55, 0xD5, 0x57, 0x55, 0x55, 0xD5, 0x57, 0x55, 0x55, 0xD5, 
    0x00, 0x04, 0x00, 0x00, 0x00, 0xAA, 0x00, 0x2A, 0xAB, 0xAA, 0xAA, 0xEA, 
    0x00, 0x00, 0x00, 0x00, 0xA8, 0x00, 0xAA, 0x00, 0x00, 0x55, 0x00, 0xD5, 
    0x00, 0xFF, 0x00, 0xFF, 0x00, 0xAA, 0x00, 0x2A, 0x57, 0x00, 0x55, 0x00, 
    0x00, 0x00, 0x00, 0x00, 0x57, 0x55, 0x55, 0xD5, 0x00, 0x51, 0x00, 0xD5, 
    0x00, 0x00, 0x00, 0x00, 0x00, 0x00, 0x00, 0x00, 0x40, 0x00, 0x00, 0x00, 
    0x00, 0x00, 0x00, 0x00, 0x00, 0x00, 0x00, 0x00, 0x00, 0x00, 0x00, 0x00, 
    0x00, 0x00, 0x00, 0x00, 0x00, 0x00, 0x00, 0x00, 0x00, 0x00, 0x00, 0x00, 
    0x00, 0x00, 0x00, 0x00, 0x00, 0x00, 0x00, 0x00, 0x00, 0x00, 0x00, 0x00, 
    0x54, 0x55, 0x55, 0x15, 0x00, 0x00, 0x00, 0x00, 0x00, 0x00, 0x00, 0x00, 
    0x57, 0x00, 0x55, 0x00, 0x00, 0x00, 0x00, 0x00, 0xA8, 0x00, 0xAA, 0x00, 
    0x00, 0x00, 0x00, 0x00, 0x00, 0x00, 0x00, 0x00, 0xA8, 0xAA, 0xAA, 0x2A, 
    0x00, 0x10, 0x01, 0x00, 0xFC, 0xFF, 0xFF, 0x3F, 0xFC, 0xFF, 0xFF, 0x3F, 
    0xFF, 0xFF, 0xFF, 0xFF, 0xFF, 0xFF, 0xFF, 0xFF, 0xFF, 0xFF, 0xFF, 0xFF, 
    0x00, 0x00, 0x00, 0x00, 0xFF, 0xFF, 0xFF, 0xFF, 0xFF, 0xFF, 0xFF, 0xFF, 
    0xFF, 0xFF, 0xFF, 0xFF, 0xFF, 0xFF, 0xFF, 0xFF, 0xFF, 0xFF, 0xFF, 0xFF, 
    0x20, 0x22, 0x22, 0x22, 0xAB, 0xAA, 0xAA, 0xEA, 0x57, 0x05, 0x50, 0xD5, 
    0x57, 0x05, 0x50, 0xD5, 0xA8, 0xAA, 0xAA, 0x2A, 0x00, 0x00, 0x00, 0x00, 
    0x57, 0x55, 0x55, 0xD5, 0xA8, 0x0A, 0xA0, 0x2A, 0xA8, 0x0A, 0xA0, 0x2A, 
    0x57, 0x55, 0x55, 0xD5, 0x13, 0x01, 0x10, 0x11, 0x00, 0x80, 0x08, 0x00, 
    0x03, 0x00, 0x00, 0xC0, 0x57, 0x05, 0x50, 0xD5, 0x57, 0x05, 0x50, 0xD5, 
    0x00, 0x55, 0x00, 0xD5, 0x00, 0x00, 0x00, 0x00, 0x00, 0xAA, 0x00, 0x2A, 
    0xA8, 0x0A, 0xA0, 0x2A, 0xA8, 0x0A, 0xA0, 0x2A, 0x00, 0x00, 0x00, 0x00, 
    0x00, 0x40, 0x00, 0x00, 0x88, 0x08, 0x80, 0x08, 0x54, 0x55, 0x55, 0x15, 
    0x00, 0x00, 0x00, 0x00, 0x00, 0x00, 0x00, 0x00, 0x00, 0x00, 0x00, 0x00, 
    0x00, 0x00, 0x00, 0x00, 0x00, 0x00, 0x00, 0x00, 0x00, 0x00, 0x00, 0x00, 
    0x00, 0x00, 0x00, 0x00, 0xA8, 0xAA, 0xAA, 0x2A, 0x44, 0x04, 0x44, 0xC4, 
    0x54, 0x55, 0x55, 0x15, 0xFC, 0xFF, 0xFF, 0x3F, 0xA8, 0xAA, 0xAA, 0x2A, 
    0xA8, 0xAA, 0xAA, 0x2A, 0xFF, 0xAA, 0xFB, 0x2A, 0x00, 0x00, 0x04, 0x00, 
    0xFF, 0x55, 0xFF, 0xD5, 0x57, 0x55, 0x55, 0xD5, 0x57, 0x55, 0x55, 0xD5, 
    0xFF, 0xFF, 0xFF, 0xFF, 0xA8, 0xAA, 0xAA, 0x2A, 0xA8, 0xAA, 0xAA, 0x2A, 
    0xAB, 0xAA, 0xAA, 0xEA, 0x57, 0x05, 0x50, 0xD5, 0x57, 0x05, 0x50, 0xD5, 
    0xFF, 0xFF, 0xFB, 0xFF, 0x00, 0x00, 0x04, 0x00, 0xFF, 0xFF, 0xFF, 0xFF, 
    0xA8, 0x0A, 0xA0, 0x2A, 0xA8, 0x0A, 0xA0, 0x2A, 0x57, 0x55, 0x55, 0xD5, 
    0x57, 0x55, 0x51, 0xD5, 0x74, 0x27, 0x72, 0x37, 0x00, 0x00, 0x00, 0x00, 
    0x57, 0x05, 0x50, 0xD5, 0x57, 0x05, 0x54, 0xD5, 0x00, 0x00, 0x00, 0x00, 
    0x00, 0x00, 0x00, 0x00, 0x00, 0x00, 0x00, 0x00, 0xA8, 0x0A, 0xA0, 0x2A, 
    0xA8, 0x0A, 0xA0, 0x2A, 0x00, 0x00, 0x00, 0x00, 0xBB, 0x1B, 0xB1, 0x3B, 
    0x54, 0x85, 0x58, 0x15, 0x54, 0x55, 0x55, 0x15, 0x00, 0x00, 0x00, 0x00, 
    0x00, 0x00, 0x00, 0x00, 0x00, 0x55, 0x00, 0xD5, 0x00, 0x00, 0x00, 0x00, 
    0x00, 0xAA, 0x00, 0x2A, 0x00, 0x00, 0x00, 0x00, 0x00, 0x00, 0x00, 0x00, 
    0xA8, 0xAA, 0xAA, 0x2A, 0xA8, 0x0A, 0xA0, 0x2A, 0x88, 0x08, 0x80, 0x08, 
    0xFF, 0xFF, 0xFF, 0xFF, 0xA8, 0xAA, 0xAA, 0x2A, 0xA8, 0xAA, 0xAA, 0x2A, 
    0xA8, 0xAA, 0xAA, 0x2A, 0x00, 0x00, 0x00, 0x00, 0x57, 0x55, 0x55, 0xD5, 
    0x57, 0x55, 0x55, 0xD5, 0x57, 0x55, 0x55, 0xD5, 0xFF, 0xFF, 0xFF, 0xFF, 
    0x44, 0x44, 0x40, 0xC4, 0x00, 0x00, 0x00, 0x00, 0xAB, 0xAA, 0xAA, 0xEA, 
    0x00, 0x00, 0x00, 0x00, 0x00, 0x00, 0x04, 0x00, 0x57, 0x00, 0x51, 0x00, 
    0x00, 0x00, 0x00, 0x00, 0xA8, 0x00, 0xAA, 0x00, 0x00, 0x00, 0x00, 0x00, 
    0x00, 0x00, 0x00, 0x00, 0x57, 0x55, 0x55, 0xD5, 0x00, 0x10, 0x01, 0x00, 
    0xFC, 0xAF, 0xFA, 0x3F, 0x00, 0x00, 0x00, 0x00, 0x00, 0x00, 0x00, 0x00, 
    0x00, 0x00, 0x00, 0x00, 0x57, 0x55, 0x55, 0xD5, 0x00, 0x40, 0x00, 0x00, 
    0xA8, 0xAA, 0xAA, 0x2A, 0x00, 0x00, 0x00, 0x00, 0x00, 0x00, 0x00, 0x00, 
    0x00, 0x00, 0x00, 0x00, 0xFF, 0x5F, 0xF5, 0xFF, 0x74, 0x77, 0x77, 0x37, 
    0x54, 0x05, 0x50, 0x15, 0x00, 0x00, 0x00, 0x00, 0x00, 0x00, 0x00, 0x00, 
    0xA8, 0xAA, 0xAA, 0x2A, 0x00, 0x40, 0x00, 0x00, 0x57, 0x55, 0x51, 0xD5, 
    0x00, 0x00, 0x04, 0x00, 0x00, 0x00, 0x00, 0x00, 0x00, 0x00, 0x00, 0x00, 
    0xBB, 0x0B, 0xBA, 0x3B, 0x00, 0x80, 0x08, 0x00, 0xFF, 0xFF, 0xFF, 0xFF, 
    0xFF, 0xFF, 0xFF, 0xFF, 0x57, 0x05, 0x50, 0xD5, 0x00, 0x15, 0x00, 0xD5, 
    0x00, 0x00, 0x00, 0x00, 0x00, 0xAA, 0x00, 0x2A, 0xA8, 0x0A, 0xA0, 0x2A, 
    0xFF, 0xFF, 0xFF, 0xFF, 0x57, 0x55, 0x55, 0xD5, 0x00, 0x40, 0x08, 0x00, 
    0x88, 0x08, 0x80, 0x08, 0xA8, 0xAA, 0xAA, 0x2A, 0x57, 0x05, 0x50, 0xD5, 
    0xA8, 0xAA, 0xAA, 0x2A, 0xA8, 0xEA, 0xAE, 0x2A, 0x00, 0x00, 0x00, 0x00, 
    0x57, 0x55, 0x55, 0xD5, 0x57, 0x55, 0x55, 0xD5, 0xA8, 0x0A, 0xA0, 0x2A, 
    0x57, 0x55, 0x55, 0xD5, 0x44, 0x04, 0x46, 0xC4, 0x00, 0x50, 0x05, 0x00, 
    0x00, 0x50, 0x05, 0x00, 0x00, 0x00, 0x00, 0x00, 0x00, 0x00, 0x00, 0x00, 
    0x57, 0x00, 0x55, 0x00, 0x00, 0x00, 0x00, 0x00, 0xA8, 0x00, 0xAA, 0x00, 
    0x00, 0x00, 0x00, 0x00, 0x00, 0x00, 0x00, 0x00, 0x00, 0x00, 0x00, 0x00, 
    0x00, 0x10, 0x01, 0x00, 0xA8, 0xFA, 0xAF, 0x2A, 0x57, 0x05, 0x50, 0xD5, 
    0x00, 0x00, 0x00, 0x00, 0x00, 0x00, 0x00, 0x00, 0x57, 0x55, 0x55, 0xD5, 
    0x00, 0x00, 0x00, 0x00, 0xA8, 0xAA, 0xAA, 0x2A, 0x00, 0x00, 0x00, 0x00, 
    0x00, 0x00, 0x00, 0x00, 0x00, 0x00, 0x00, 0x00, 0x57, 0xF5, 0x5F, 0xD5, 
    0x20, 0x02, 0x20, 0x22, 0xFF, 0xFF, 0xFA, 0xFF, 0xFF, 0xFF, 0xFF, 0xFF, 
    0x57, 0x45, 0x50, 0xD5, 0xA8, 0xAA, 0xAA, 0x2A, 0x00, 0x00, 0x00, 0x00, 
    0x57, 0x55, 0x55, 0xD5, 0xA8, 0x0A, 0xA0, 0x2A, 0xFF, 0xFF, 0xFF, 0xFF, 
    0x57, 0x55, 0x55, 0xD5, 0x13, 0x01, 0x10, 0x11, 0x00, 0x00, 0x00, 0x00, 
    0xAB, 0xFA, 0xAA, 0xEA, 0x57, 0x05, 0x50, 0xD5, 0x00, 0x00, 0x00, 0x00, 
    0x00, 0x55, 0x00, 0xD5, 0x00, 0x00, 0x00, 0x00, 0x00, 0xAA, 0x00, 0x2A, 
    0x00, 0x00, 0x00, 0x00, 0xA8, 0x0A, 0xA0, 0x2A, 0x57, 0x55, 0x55, 0xD5, 
    0x00, 0x40, 0x00, 0x00, 0xDC, 0xFD, 0xDF, 0x1D, 0x00, 0x00, 0x00, 0x00, 
    0x00, 0x40, 0x00, 0x00, 0xA8, 0xAA, 0xAA, 0x2A, 0xA8, 0xAA, 0xAA, 0x2A, 
    0x00, 0x00, 0x00, 0x00, 0x57, 0x55, 0x55, 0xD5, 0x57, 0x55, 0x55, 0xD5, 
    0x00, 0x00, 0x00, 0x00, 0xA8, 0xAA, 0xAA, 0x2A, 0xEC, 0xAE, 0xEE, 0xEE, 
    0x00, 0x00, 0x00, 0x00, 0x00, 0x50, 0x05, 0x00, 0x57, 0x55, 0x55, 0xD5, 
    0x57, 0x55, 0x55, 0xD5, 0x57, 0x00, 0x51, 0x00, 0x00, 0x00, 0x01, 0x00, 
    0xA8, 0x00, 0xAA, 0x00, 0xA8, 0xAA, 0xAA, 0x2A, 0xA8, 0xAA, 0xAA, 0x2A, 
    0x00, 0x00, 0x00, 0x00, 0x00, 0x00, 0x04, 0x00, 0x00, 0xAA, 0x00, 0x2A, 
    0xA8, 0xFA, 0xAF, 0x2A, 0xFF, 0xFF, 0xFF, 0xFF, 0x57, 0x55, 0x55, 0xD5, 
    0x57, 0x55, 0x55, 0xD5, 0x00, 0x40, 0x01, 0x00, 0xA8, 0xAA, 0xAA, 0x2A, 
    0xA8, 0xAA, 0xAA, 0x2A, 0xFF, 0xFF, 0xFF, 0xFF, 0x57, 0x55, 0x55, 0xD5, 
    0x00, 0x55, 0x04, 0xD5, 0x54, 0x55, 0x55, 0x15, 0xA8, 0xAA, 0xAA, 0x2A, 
    0x00, 0x00, 0x00, 0x00, 0x00, 0x00, 0x02, 0x00, 0xA8, 0xAA, 0xA8, 0x2A, 
    0x00, 0x40, 0x00, 0x00, 0x57, 0x55, 0x55, 0xD5, 0x00, 0x00, 0x00, 0x00, 
    0x00, 0x00, 0x00, 0x00, 0x57, 0x55, 0x55, 0xD5, 0xA8, 0xAA, 0xAA, 0x2A, 
    0x54, 0x55, 0x55, 0x15, 0x03, 0x00, 0x00, 0xC0, 0x00, 0x00, 0x00, 0x00, 
    0x00, 0x00, 0x00, 0x00, 0x00, 0xB5, 0x0A, 0xD5, 0x00, 0x00, 0x00, 0x00, 
    0x00, 0xFA, 0x05, 0x2A, 0x00, 0x00, 0x00, 0x00, 0x00, 0x00, 0x00, 0x00, 
    0xA8, 0xAA, 0xAA, 0x2A, 0xA8, 0xAA, 0xAA, 0x2A, 0x54, 0xFF, 0x55, 0x3F, 
    0x03, 0x00, 0x00, 0xC0, 0x57, 0x55, 0x55, 0xD5, 0x57, 0xFF, 0x55, 0xFF, 
    0x00, 0xE0, 0x0E, 0x00, 0x00, 0x00, 0x00, 0x00, 0x00, 0x50, 0x05, 0x00, 
    0xA8, 0x5F, 0xA0, 0xFF, 0xA8, 0xAA, 0xAA, 0x2A, 0x00, 0x00, 0x00, 0x00, 
    0xA8, 0xFF, 0xAA, 0xFF, 0x00, 0x00, 0x00, 0x00, 0xFF, 0xFF, 0xFF, 0xFF, 
    0xFF, 0xFF, 0xFF, 0xFF, 0xFF, 0xFF, 0xFF, 0xFF, 0x54, 0xA5, 0x5A, 0x15, 
    0x00, 0xF0, 0x0F, 0x00, 0x00, 0x50, 0x05, 0x00, 0xFF, 0xFF, 0xFB, 0xFF, 
    0xFF, 0xFF, 0xFF, 0xFF, 0xFF, 0x1F, 0xF5, 0xFF, 0x00, 0x00, 0x00, 0x00, 
    0x54, 0x55, 0x57, 0x15, 0xAB, 0xAA, 0xAA, 0xEA, 0x00, 0x00, 0x00, 0x00, 
    0xA8, 0x00, 0xAA, 0x00, 0x00, 0x00, 0x40, 0x00, 0x00, 0x00, 0x00, 0x00, 
    0x03, 0x20, 0x00, 0xC0, 0x57, 0x00, 0x51, 0x00, 0x00, 0x00, 0x00, 0x00, 
    0xFF, 0x1F, 0xF5, 0xFF, 0xA8, 0xAA, 0xAE, 0x2A, 0x00, 0xAA, 0x02, 0x2A, 
    0x03, 0x00, 0x00, 0xC0, 0x00, 0x00, 0x00, 0x00, 0x00, 0x00, 0x00, 0x00, 
    0x00, 0x55, 0x44, 0xD5, 0x00, 0xFF, 0x00, 0xFF, 0x00, 0xAA, 0x00, 0x2A, 
    0x00, 0xA0, 0x0A, 0x00, 0x00, 0x00, 0x00, 0x00, 0x00, 0x00, 0x00, 0x00, 
    0x00, 0x55, 0x04, 0xD5, 0x00, 0x00, 0x00, 0x00, 0x54, 0x55, 0x55, 0x15, 
    0x00, 0x00, 0x40, 0x00, 0x00, 0xAA, 0x02, 0x2A, 0x00, 0x00, 0x00, 0x00, 
    0x00, 0x00, 0x00, 0x00, 0x00, 0x00, 0x00, 0x00, 0x00, 0x55, 0x00, 0xD5, 
    0x00, 0x00, 0x00, 0x00, 0x00, 0x00, 0x00, 0x00, 0x00, 0x00, 0x00, 0x00, 
    0x54, 0x55, 0x55, 0x15, 0xA8, 0xAA, 0xAA, 0x2A, 0xA8, 0xAA, 0xEA, 0x2A, 
    0xA8, 0xAA, 0xAA, 0x2A, 0x80, 0x02, 0x80, 0x02, 0x00, 0x00, 0x00, 0x00, 
    0x00, 0x00, 0x00, 0x00, 0x57, 0x55, 0x51, 0xD5, 0x57, 0x75, 0x55, 0xD5, 
    0x57, 0x55, 0x55, 0xD5, 0xA8, 0xAA, 0xAA, 0x2A, 0x54, 0xFF, 0x55, 0x3F, 
    0xAB, 0xAA, 0xAA, 0xEA, 0x00, 0x00, 0x00, 0x00, 0xA8, 0x00, 0xA8, 0x00, 
    0x80, 0x57, 0x80, 0xD7, 0x00, 0xFF, 0x00, 0xFF, 0x00, 0x8A, 0x00, 0x2A, 
    0x57, 0x00, 0x51, 0x00, 0x00, 0x00, 0x00, 0x00, 0x57, 0x55, 0x55, 0xD5, 
    0xA8, 0xFF, 0xAA, 0xFF, 0x54, 0x05, 0x50, 0x15, 0x00, 0x00, 0x00, 0x00, 
    0x00, 0x00, 0x00, 0x00, 0x00, 0x00, 0x00, 0x00, 0x00, 0x00, 0x04, 0x00, 
    0x00, 0x00, 0x00, 0x00, 0x00, 0x00, 0x00, 0x00, 0x00, 0x00, 0x00, 0x00, 
    0x00, 0x20, 0x00, 0x00, 0x00, 0x00, 0x00, 0x00, 0x00, 0x00, 0x00, 0x00, 
    0x00, 0x00, 0x00, 0x00, 0x00, 0x00, 0x00, 0x00, 0x00, 0x00, 0x00, 0x00, 
    0x00, 0x00, 0x00, 0x00, 0x57, 0x00, 0x55, 0x00, 0x00, 0x00, 0x00, 0x00, 
    0xA8, 0x00, 0xAA, 0x00, 0x00, 0x00, 0x00, 0x00, 0x00, 0x00, 0x00, 0x00, 
    0x00, 0x00, 0x00, 0x00, 0x00, 0x00, 0x00, 0x00, 0xA8, 0xAA, 0xAA, 0x2A, 
    0xA8, 0xAA, 0xAA, 0x2A, 0xFF, 0xFF, 0xFF, 0xFF, 0xFF, 0xFF, 0xFF, 0xFF, 
    0xFF, 0xFF, 0xFF, 0xFF, 0x00, 0x00, 0x00, 0x00, 0xFF, 0xFF, 0xFF, 0xFF, 
    0xFF, 0x5F, 0xF5, 0xFF, 0xFF, 0xFF, 0xFF, 0xFF, 0x57, 0x55, 0x55, 0xD5, 
    0x57, 0x55, 0x55, 0xD5, 0x20, 0x22, 0x22, 0x22, 0xAB, 0xAA, 0xAA, 0xEA, 
    0x57, 0x04, 0x50, 0xD5, 0x57, 0x05, 0x50, 0xD5, 0xA8, 0xAA, 0xAA, 0x2A, 
    0x00, 0x00, 0x00, 0x00, 0x57, 0xD5, 0x55, 0xD5, 0xA8, 0x0A, 0xA0, 0x2A, 
    0xA8, 0x0A, 0xA8, 0x2A, 0x57, 0x55, 0x55, 0xD5, 0x13, 0x11, 0x11, 0x11, 
    0x00, 0x00, 0x00, 0x00, 0x03, 0x00, 0x00, 0xC0, 0x57, 0x05, 0x50, 0xD5, 
    0x57, 0x05, 0x50, 0xD5, 0x00, 0x55, 0x00, 0xD5, 0x00, 0x00, 0x00, 0x00, 
    0x00, 0x2A, 0x00, 0x2A, 0xA8, 0x0A, 0xA0, 0x2A, 0xA8, 0x0A, 0xA8, 0x2A, 
    0x00, 0x00, 0x00, 0x00, 0x00, 0x00, 0x00, 0x00, 0x88, 0x88, 0x88, 0x08, 
    0x00, 0x00, 0x00, 0x00, 0x00, 0x00, 0x00, 0x00, 0x00, 0x00, 0x00, 0x00, 
    0x00, 0x00, 0x00, 0x00, 0x00, 0x00, 0x00, 0x00, 0x00, 0x00, 0x00, 0x00, 
    0x00, 0x00, 0x00, 0x00, 0x00, 0x00, 0x00, 0x00, 0x00, 0x00, 0x00, 0x00, 
    0x44, 0x44, 0x44, 0xC4, 0x00, 0x00, 0x00, 0x00, 0xA8, 0xAA, 0xAA, 0x2A, 
    0xA8, 0xAB, 0xAA, 0x2A, 0xA8, 0xAA, 0xAA, 0x2A, 0xFF, 0xAA, 0xFF, 0x2A, 
    0x00, 0x00, 0x00, 0x00, 0xFF, 0x55, 0xF7, 0xD5, 0x57, 0x55, 0x55, 0xD5, 
    0x57, 0x55, 0x55, 0xD5, 0x57, 0x55, 0x55, 0xD5, 0x00, 0x10, 0x01, 0x00, 
    0xA8, 0xAA, 0xAA, 0x2A, 0xAB, 0xAA, 0xAA, 0xEA, 0x57, 0x04, 0x50, 0xD5, 
    0x57, 0x05, 0x50, 0xD5, 0xFF, 0xFF, 0xFF, 0xFF, 0x00, 0x00, 0x08, 0x00, 
    0xFF, 0xFF, 0xFF, 0xFF, 0xA8, 0x08, 0xA0, 0x2A, 0xA8, 0x0A, 0xA0, 0x2A, 
    0x57, 0x55, 0x55, 0xD5, 0x57, 0x55, 0x55, 0xD5, 0x20, 0x22, 0x22, 0x22, 
    0x00, 0x00, 0x00, 0x00, 0x57, 0x04, 0x50, 0xD5, 0x57, 0x05, 0x51, 0xD5, 
    0x00, 0x00, 0x00, 0x00, 0x00, 0x00, 0x08, 0x00, 0x00, 0x00, 0x00, 0x00, 
    0xA8, 0x08, 0xA0, 0x2A, 0xA8, 0x0A, 0xA0, 0x2A, 0x00, 0x00, 0x00, 0x00, 
    0x13, 0x01, 0x10, 0x11, 0x00, 0x00, 0x00, 0x00, 0x00, 0x00, 0x00, 0x00, 
    0x00, 0x00, 0x00, 0x00, 0x00, 0x00, 0x00, 0x00, 0x00, 0x55, 0x00, 0xD5, 
    0x00, 0x00, 0x00, 0x00, 0x00, 0xAA, 0x00, 0x2A, 0x00, 0x00, 0x00, 0x00, 
    0x00, 0x00, 0x00, 0x00, 0x00, 0x00, 0x00, 0x00, 0x00, 0x40, 0x04, 0x00, 
    0x88, 0x88, 0x88, 0x08, 0xAB, 0xAA, 0xAA, 0xEA, 0xA8, 0xAA, 0xAA, 0x2A, 
    0xA8, 0xAA, 0xAA, 0x2A, 0xA8, 0xAA, 0xAA, 0x2A, 0x00, 0x00, 0x00, 0x00, 
    0x57, 0x55, 0x5D, 0xD5, 0x57, 0x55, 0x55, 0xD5, 0x57, 0x55, 0x55, 0xD5, 
    0x57, 0x55, 0x55, 0xD5, 0x44, 0x04, 0x40, 0xC4, 0x00, 0x80, 0x00, 0x00, 
    0xAB, 0xAA, 0xAA, 0xEA, 0x00, 0x00, 0x00, 0x00, 0x00, 0x00, 0x01, 0x00, 
    0x57, 0x00, 0x15, 0x00, 0x00, 0x00, 0x00, 0x00, 0xA8, 0x00, 0xAA, 0x00, 
    0x00, 0x00, 0x00, 0x00, 0x00, 0x00, 0x00, 0x00, 0x57, 0x55, 0x55, 0xD5, 
    0x00, 0x10, 0x01, 0x00, 0xA8, 0xAA, 0xA2, 0x2A, 0x00, 0x00, 0x00, 0x00, 
    0x00, 0x00, 0x00, 0x00, 0x00, 0x00, 0x08, 0x00, 0x57, 0x55, 0x55, 0xD5, 
    0x00, 0x00, 0x00, 0x00, 0xA8, 0xAA, 0xAA, 0x2A, 0x00, 0x00, 0x00, 0x00, 
    0x00, 0x00, 0x00, 0x00, 0x00, 0x00, 0x00, 0x00, 0x57, 0x55, 0x55, 0xD5, 
    0x20, 0x02, 0x20, 0x22, 0x00, 0x00, 0x00, 0x00, 0x00, 0x00, 0x00, 0x00, 
    0x00, 0x00, 0x02, 0x00, 0xA8, 0xAA, 0xA0, 0x2A, 0x00, 0x00, 0x00, 0x00, 
    0x57, 0x55, 0x55, 0xD5, 0x00, 0x00, 0x00, 0x00, 0x00, 0x00, 0x00, 0x00, 
    0x00, 0x00, 0x00, 0x00, 0x13, 0x01, 0x10, 0x11, 0x00, 0x20, 0x02, 0x00, 
    0xAB, 0xAA, 0xAA, 0xEA, 0xFF, 0xFF, 0xFF, 0xFF, 0x57, 0x05, 0x50, 0xD5, 
    0x00, 0x55, 0x00, 0xD5, 0x00, 0x00, 0x00, 0x00, 0x00, 0xAA, 0x00, 0x2A, 
    0xA8, 0x0A, 0xA0, 0x2A, 0xFF, 0xFF, 0xFF, 0xFF, 0x57, 0x55, 0x55, 0xD5, 
    0x00, 0x40, 0x04, 0x00, 0x88, 0x08, 0x80, 0x08, 0xA8, 0xAA, 0xAA, 0x2A, 
    0x57, 0x05, 0x50, 0xD5, 0xA8, 0xAA, 0xAA, 0x2A, 0xA8, 0xAA, 0xEA, 0x2A, 
    0x00, 0x00, 0x00, 0x00, 0x57, 0x55, 0x55, 0xD5, 0x57, 0x55, 0x55, 0xD5, 
    0xA8, 0x0A, 0xA0, 0x2A, 0x57, 0x55, 0x55, 0xD5, 0x44, 0x04, 0x40, 0xC4, 
    0x00, 0x00, 0x00, 0x00, 0x00, 0x00, 0x00, 0x00, 0x00, 0x00, 0x00, 0x00, 
    0x00, 0x00, 0x00, 0x00, 0x57, 0x00, 0x55, 0x00, 0x00, 0x00, 0x00, 0x00, 
    0xA8, 0x00, 0xA2, 0x00, 0x00, 0x00, 0x00, 0x00, 0x00, 0x00, 0x00, 0x00, 
    0x00, 0x00, 0x00, 0x00, 0x00, 0x10, 0x01, 0x00, 0xA8, 0xAA, 0xAA, 0x2A, 
    0x03, 0x00, 0x00, 0xC0, 0x00, 0x00, 0x01, 0x00, 0x00, 0x00, 0x00, 0x00, 
    0x57, 0x55, 0x55, 0xD5, 0x00, 0x00, 0x08, 0x00, 0xA8, 0xAA, 0xAA, 0x2A, 
    0x00, 0x00, 0x00, 0x00, 0x00, 0x00, 0x00, 0x00, 0x00, 0x00, 0x00, 0x00, 
    0x57, 0x55, 0x55, 0xD5, 0x20, 0x22, 0x22, 0x22, 0xAB, 0xFA, 0xAF, 0xEA, 
    0xFF, 0xFF, 0xFF, 0xFF, 0x57, 0x15, 0x51, 0xD5, 0xA8, 0xAA, 0xAA, 0x2A, 
    0x00, 0x00, 0x08, 0x00, 0x57, 0xD5, 0x55, 0xD5, 0xA8, 0x0A, 0xA0, 0x2A, 
    0xFF, 0xFF, 0xFF, 0xFF, 0x57, 0x75, 0x5F, 0xD5, 0x13, 0x21, 0x1A, 0x11, 
    0x00, 0x00, 0x00, 0x00, 0xAB, 0xFA, 0xAF, 0xEA, 0x57, 0x05, 0x50, 0xD5, 
    0x00, 0x00, 0x00, 0x00, 0x00, 0x55, 0x00, 0xD5, 0x00, 0x00, 0x00, 0x00, 
    0x00, 0x2A, 0x00, 0x2A, 0x00, 0x00, 0x00, 0x00, 0xA8, 0x0A, 0xA0, 0x2A, 
    0x57, 0x75, 0x5F, 0xD5, 0x00, 0x60, 0x0E, 0x00, 0x88, 0xD8, 0x8D, 0x08, 
    0x00, 0x50, 0x05, 0x00, 0x00, 0x10, 0x00, 0x00, 0xA8, 0xAA, 0xAA, 0x2A, 
    0xA8, 0xAA, 0xAA, 0x2A, 0x00, 0x00, 0x00, 0x00, 0x57, 0x55, 0x5D, 0xD5, 
    0x57, 0x55, 0x55, 0xD5, 0x00, 0x00, 0x00, 0x00, 0x00, 0xA0, 0x0A, 0x00, 
    0x44, 0xA4, 0x4A, 0xC4, 0x00, 0x00, 0x00, 0x00, 0x00, 0x00, 0x00, 0x00, 
    0x57, 0x15, 0x55, 0xD5, 0x57, 0x55, 0x55, 0xD5, 0x57, 0x00, 0x55, 0x00, 
    0x00, 0x80, 0x00, 0x00, 0xA8, 0x80, 0xAA, 0x00, 0xA8, 0xAA, 0xAA, 0x2A, 
    0xA8, 0xAA, 0xA2, 0x2A, 0x00, 0x00, 0x00, 0x00, 0x00, 0x00, 0x00, 0x00, 
    0x00, 0xAA, 0x00, 0x2A, 0xA8, 0xFA, 0xAF, 0x2A, 0xFF, 0xBF, 0xFF, 0xFF, 
    0x57, 0x55, 0x55, 0xD5, 0x57, 0x55, 0x55, 0xD5, 0x00, 0x80, 0x00, 0x00, 
    0xA8, 0xAA, 0xAA, 0x2A, 0xAC, 0xAA, 0xAA, 0x2A, 0xFF, 0xFF, 0xFF, 0xFF, 
    0x57, 0x75, 0x5F, 0xD5, 0x00, 0x75, 0x0A, 0xD5, 0x00, 0x00, 0x00, 0x00, 
    0xA8, 0xFA, 0xAF, 0x2A, 0x00, 0x00, 0x00, 0x00, 0x08, 0x00, 0x00, 0x02, 
    0xA0, 0xAA, 0xAA, 0x28, 0x00, 0x00, 0x00, 0x00, 0x53, 0x55, 0x50, 0x94, 
    0x00, 0x00, 0x05, 0x41, 0x00, 0x00, 0x08, 0x00, 0x57, 0x75, 0x5F, 0xD5, 
    0x00, 0x20, 0x0A, 0x00, 0x00, 0x50, 0x05, 0x00, 0x03, 0x50, 0x05, 0xC0, 
    0x00, 0x00, 0x00, 0x00, 0x00, 0x00, 0x00, 0x00, 0xA8, 0xFF, 0xAA, 0xFF, 
    0x00, 0x00, 0x00, 0x00, 0x54, 0x2F, 0x50, 0x3F, 0x00, 0x00, 0x00, 0x00, 
    0x00, 0x00, 0x00, 0x00, 0x00, 0xA0, 0x0A, 0x00, 0x00, 0xA0, 0x0A, 0x00, 
    0x00, 0xAA, 0x00, 0x2A, 0x03, 0x00, 0x00, 0xC0, 0x57, 0x15, 0x55, 0xD5, 
    0x57, 0xBF, 0x55, 0xFF, 0xA8, 0xAA, 0xAA, 0x2A, 0x00, 0x00, 0x00, 0x00, 
    0x54, 0x05, 0x54, 0x15, 0xA8, 0xFF, 0xAA, 0xFF, 0xA8, 0xAA, 0xAA, 0x2A, 
    0x00, 0x00, 0x00, 0x00, 0x00, 0x55, 0x00, 0xD5, 0x00, 0x00, 0x00, 0x00, 
    0xAB, 0xAA, 0xAA, 0xEA, 0xFF, 0xBF, 0xFF, 0xFF, 0xFF, 0xBF, 0xFF, 0xFF, 
    0xE8, 0xAB, 0xEA, 0x2B, 0xFC, 0xEF, 0xFA, 0x3F, 0xD4, 0x57, 0xD5, 0x17, 
    0xFF, 0xFF, 0xFF, 0xFF, 0xFF, 0xFF, 0xFF, 0xFF, 0x57, 0x55, 0x54, 0xD5, 
    0x00, 0x00, 0x00, 0x00, 0x00, 0x50, 0x07, 0x00, 0xAB, 0xFA, 0xAF, 0xEA, 
    0x00, 0x00, 0x00, 0x00, 0xA8, 0x00, 0xAA, 0x00, 0x80, 0x02, 0x80, 0x02, 
    0x00, 0x00, 0x00, 0x00, 0x43, 0x21, 0x40, 0xC1, 0x57, 0x00, 0x55, 0x00, 
    0x00, 0x00, 0x00, 0x00, 0x57, 0xF5, 0x5E, 0xD5, 0x00, 0xA0, 0x0A, 0x00, 
    0x00, 0xFA, 0x07, 0x2A, 0x03, 0x50, 0x05, 0xC0, 0x00, 0x00, 0x00, 0x00, 
    0x00, 0x00, 0x00, 0x00, 0x80, 0x57, 0x80, 0xD7, 0x00, 0xFF, 0x00, 0xFF, 
    0x60, 0xAB, 0x40, 0x2B, 0x00, 0x00, 0x00, 0x00, 0x00, 0x00, 0x00, 0x00, 
    0x00, 0xA0, 0x0A, 0x00, 0x00, 0xF5, 0x0A, 0xD5, 0x00, 0x00, 0x00, 0x00, 
    0x00, 0x00, 0x00, 0x00, 0x00, 0x00, 0x00, 0x00, 0x00, 0xAA, 0x02, 0x2A, 
    0x80, 0x02, 0x80, 0x02, 0x00, 0x00, 0x00, 0x00, 0x40, 0x01, 0x40, 0x01, 
    0x00, 0x55, 0x00, 0xD5, 0x00, 0x00, 0x00, 0x00, 0x00, 0x00, 0x00, 0x00, 
    0x00, 0x00, 0x00, 0x00, 0x00, 0x80, 0x00, 0x00, 0xA8, 0xFA, 0xAF, 0x2A, 
    0xA8, 0xBA, 0xAA, 0x2A, 0xA8, 0xAA, 0xAA, 0x2A, 0x80, 0x02, 0x80, 0x02, 
    0x00, 0x00, 0x00, 0x00, 0x40, 0x01, 0x40, 0x01, 0x57, 0x55, 0x55, 0xD5, 
    0x77, 0x75, 0x55, 0xD5, 0x57, 0x65, 0x5F, 0xD5, 0x00, 0x20, 0x0A, 0x00, 
    0x00, 0x2A, 0x00, 0x2A, 0xAB, 0xFA, 0xAF, 0xEA, 0x00, 0x10, 0x00, 0x00, 
    0xA8, 0x00, 0xA8, 0x00, 0x00, 0x55, 0x00, 0xD5, 0x00, 0xFF, 0x00, 0xFF, 
    0x00, 0x8A, 0x00, 0x2A, 0x57, 0x00, 0x55, 0x00, 0x20, 0x00, 0x00, 0x00, 
    0x57, 0x65, 0x5F, 0xD5, 0x00, 0x75, 0x0A, 0xD5, 0x00, 0x50, 0x05, 0x00, 
    0x00, 0x50, 0x05, 0x00, 0x00, 0x00, 0x00, 0x00, 0x00, 0x00, 0x00, 0x00, 
    0x00, 0x00, 0x00, 0x00, 0x00, 0x00, 0x00, 0x00, 0x20, 0x00, 0x00, 0x00, 
    0x00, 0x00, 0x00, 0x00, 0x00, 0x20, 0x00, 0x00, 0x00, 0xA0, 0x0A, 0x00, 
    0x00, 0xA0, 0x0A, 0x00, 0x00, 0x22, 0x22, 0x20, 0x00, 0x00, 0x00, 0x00, 
    0x00, 0x00, 0x00, 0x00, 0x00, 0x00, 0x00, 0x00, 0x57, 0x10, 0x40, 0x01, 
    0x00, 0x00, 0x00, 0x00, 0xA8, 0x00, 0xA8, 0x00, 0x00, 0x00, 0x00, 0x00, 
    0x00, 0x00, 0x00, 0x00, 0x00, 0x00, 0x00, 0x00, 0x03, 0x41, 0x11, 0x11, 
    0xA8, 0xAA, 0xEA, 0x2A, 0xA8, 0xAA, 0xEA, 0x2A, 0xFF, 0xFF, 0xFF, 0xFF, 
    0xBF, 0xFF, 0xBF, 0xFE, 0xFF, 0xFF, 0xFF, 0xFF, 0x00, 0x10, 0x10, 0x00, 
    0xFF, 0xFF, 0xFD, 0xFF, 0x5F, 0x5F, 0x55, 0xFC, 0xFF, 0xFF, 0xFF, 0xFF, 
    0x57, 0x55, 0x55, 0xD5, 0x57, 0x55, 0x55, 0xD5, 0x00, 0x00, 0x40, 0x00, 
    0xAB, 0xAA, 0xEA, 0xEA, 0x07, 0x55, 0x15, 0xD4, 0x07, 0x45, 0x54, 0xD4, 
    0xA8, 0xEA, 0xA9, 0x2A, 0x00, 0x00, 0x00, 0x00, 0x57, 0x55, 0x51, 0xD4, 
    0x88, 0xAA, 0x06, 0x2A, 0x88, 0xAA, 0x22, 0x28, 0x77, 0x55, 0x55, 0xD5, 
    0x30, 0x00, 0x00, 0x00, 0x98, 0x88, 0x08, 0x09, 0x13, 0x00, 0x00, 0xC0, 
    0x47, 0x55, 0x55, 0xD5, 0x07, 0x45, 0x57, 0xD5, 0x00, 0x05, 0x04, 0xD4, 
    0x00, 0x00, 0x10, 0x00, 0x00, 0x2A, 0x00, 0x2A, 0x88, 0xAA, 0xAA, 0x2A, 
    0x88, 0xAA, 0xAA, 0x2A, 0x20, 0x00, 0x80, 0x00, 0x64, 0x14, 0x40, 0xC6, 
    0x20, 0x00, 0xC0, 0x02, 0x00, 0x10, 0x00, 0x01, 0x00, 0x00, 0x40, 0x01, 
    0x00, 0x00, 0x00, 0x03, 0x00, 0x00, 0x10, 0x00, 0x00, 0x10, 0x00, 0x00, 
    0x00, 0x80, 0x00, 0x00, 0x00, 0x00, 0x88, 0x00, 0x00, 0x00, 0x88, 0x02, 
    0x00, 0x20, 0x00, 0x00, 0x00, 0x00, 0x84, 0x00, 0x00, 0x02, 0x40, 0x20, 
    0xA8, 0xBA, 0xEA, 0x2A, 0xE8, 0xAA, 0xAA, 0x2A, 0xA8, 0xAA, 0xAB, 0x2A, 
    0xFF, 0xAA, 0xEF, 0x2A, 0x00, 0x00, 0x00, 0x00, 0xFF, 0x55, 0xFD, 0xD5, 
    0x57, 0x55, 0x75, 0xD5, 0x57, 0x55, 0x55, 0xD5, 0x57, 0x75, 0x55, 0xD5, 
    0x03, 0x11, 0x00, 0x10, 0xA8, 0x2A, 0xEA, 0x2A, 0xAB, 0xBA, 0xEA, 0xEA, 
    0x07, 0x05, 0x00, 0xD4, 0x07, 0x05, 0x00, 0xD4, 0xFF, 0xFF, 0xEF, 0xFD, 
    0x00, 0x80, 0x90, 0x00, 0xFF, 0xFF, 0xF9, 0xFF, 0x08, 0x8A, 0x00, 0x20, 
    0x08, 0x8A, 0x00, 0x28, 0x77, 0x75, 0x55, 0xD5, 0x77, 0x55, 0x45, 0xD4, 
    0x30, 0x20, 0xC8, 0x03, 0x10, 0x10, 0x00, 0x01, 0x47, 0x55, 0x51, 0xD5, 
    0x47, 0x55, 0x54, 0xD5, 0x00, 0x00, 0x00, 0x00, 0x00, 0x80, 0x00, 0x00, 
    0x00, 0x00, 0x00, 0x00, 0xA8, 0xAA, 0xAE, 0x2A, 0xA8, 0xAA, 0xA2, 0x2A, 
    0x20, 0x20, 0x80, 0x00, 0x20, 0x00, 0xC0, 0x02, 0x98, 0x08, 0x00, 0x08, 
    0x10, 0x00, 0x40, 0x00, 0x00, 0x00, 0x00, 0x01, 0x00, 0x00, 0x00, 0x01, 
    0x00, 0x55, 0x80, 0xD4, 0x00, 0x00, 0x80, 0x00, 0x00, 0xAA, 0x50, 0x28, 
    0x00, 0x00, 0x00, 0x02, 0x00, 0x00, 0x00, 0x02, 0x20, 0x00, 0x00, 0x02, 
    0x74, 0x44, 0x05, 0xC4, 0x10, 0x00, 0x62, 0x00, 0xB8, 0xAA, 0xEA, 0x2A, 
    0xE8, 0xAA, 0xAA, 0x2A, 0xE8, 0xAA, 0xAA, 0x2A, 0xA8, 0xAA, 0xAA, 0x2B, 
    0x00, 0x00, 0x10, 0x00, 0x57, 0x55, 0x55, 0xD7, 0x77, 0x55, 0x55, 0xDD, 
    0x77, 0x55, 0x55, 0xD5, 0x77, 0x55, 0x55, 0xD5, 0x20, 0x00, 0x00, 0x00, 
    0x10, 0x02, 0x40, 0x20, 0xBB, 0xAA, 0xEA, 0xEA, 0x00, 0x50, 0x11, 0x00, 
    0x00, 0x50, 0x54, 0x00, 0x47, 0x00, 0x51, 0x00, 0x00, 0x00, 0x00, 0x00, 
    0x88, 0x80, 0x88, 0x00, 0x80, 0x20, 0xAA, 0x00, 0x80, 0x20, 0x22, 0x00, 
    0x77, 0x55, 0x55, 0xD5, 0x23, 0x01, 0x04, 0x11, 0xB8, 0x2A, 0x2A, 0x29, 
    0x13, 0x00, 0x40, 0xC0, 0x00, 0x00, 0x40, 0x00, 0x00, 0x00, 0x00, 0x00, 
    0x57, 0x55, 0x55, 0xD5, 0x00, 0x80, 0x46, 0x02, 0xA8, 0xAA, 0xAA, 0x2A, 
    0x00, 0x00, 0x00, 0x00, 0x00, 0x00, 0x80, 0x00, 0x20, 0x00, 0x80, 0x02, 
    0x77, 0x45, 0x54, 0xD7, 0x20, 0x30, 0x48, 0x00, 0x00, 0x00, 0x40, 0x01, 
    0x00, 0x40, 0x04, 0x00, 0x00, 0x00, 0x00, 0x00, 0xA8, 0xBA, 0x2A, 0x2A, 
    0x00, 0x80, 0x02, 0x02, 0x77, 0x55, 0x25, 0xD5, 0x00, 0x80, 0x80, 0x00, 
    0x00, 0x20, 0x2A, 0x00, 0x00, 0x00, 0x00, 0x02, 0x10, 0x20, 0x90, 0x00, 
    0x88, 0x18, 0x40, 0x08, 0xA8, 0xAA, 0xEA, 0x2A, 0xFF, 0xFF, 0xFF, 0xFF, 
    0x47, 0x55, 0x55, 0xD1, 0x80, 0x45, 0x04, 0xD5, 0x00, 0x00, 0x04, 0x00, 
    0x00, 0x0A, 0x00, 0x28, 0x88, 0xAA, 0xAA, 0x2A, 0xFF, 0xFF, 0xFF, 0xFF, 
    0x57, 0x55, 0x55, 0xD5, 0x44, 0x24, 0x40, 0xC4, 0x00, 0x10, 0x62, 0x00, 
    0xAB, 0xAA, 0xEA, 0xEA, 0x07, 0x05, 0x10, 0xD0, 0xA8, 0xAA, 0xAA, 0x2B, 
    0xB8, 0xAA, 0xAA, 0x2A, 0x00, 0x00, 0x40, 0x00, 0x57, 0x75, 0x57, 0xD7, 
    0x57, 0x55, 0x55, 0xD7, 0x08, 0x0A, 0x00, 0x20, 0x57, 0x55, 0x55, 0xD5, 
    0x00, 0x60, 0x00, 0x00, 0x00, 0x12, 0x40, 0x21, 0x00, 0x00, 0x40, 0x01, 
    0x00, 0x00, 0x00, 0x00, 0x40, 0x10, 0x41, 0x00, 0x17, 0x10, 0x40, 0x00, 
    0x00, 0x00, 0x00, 0x00, 0x28, 0x00, 0x08, 0x00, 0x80, 0x00, 0x00, 0x09, 
    0x00, 0x00, 0x00, 0x00, 0x00, 0x00, 0x80, 0x02, 0x03, 0x61, 0x91, 0x13, 
    0xB8, 0xFA, 0xAF, 0x2A, 0x03, 0x50, 0x01, 0xC0, 0x00, 0x50, 0x15, 0x00, 
    0x02, 0x00, 0x00, 0x00, 0x57, 0x55, 0x55, 0xD5, 0x80, 0x50, 0xBD, 0x08, 
    0xA8, 0xAA, 0xA8, 0x2A, 0x00, 0x00, 0x08, 0x00, 0x80, 0xA0, 0xA2, 0x00, 
    0x00, 0x20, 0x02, 0x00, 0x77, 0xF5, 0x53, 0xD5, 0x10, 0xD0, 0x5C, 0x01, 
    0xAB, 0xF8, 0xEB, 0xEB, 0xFF, 0xFF, 0xBF, 0xFF, 0x47, 0x55, 0x55, 0xD5, 
    0x28, 0xAA, 0xAE, 0x2A, 0x00, 0x40, 0x94, 0x00, 0x57, 0x55, 0x55, 0xD4, 
    0x88, 0xAA, 0xAA, 0x2A, 0xFF, 0xFF, 0xFF, 0xFF, 0x57, 0xD5, 0x5F, 0xD5, 
    0x30, 0xA0, 0xA8, 0x02, 0xB8, 0x58, 0xF3, 0x0B, 0xBB, 0xF8, 0xFB, 0xEB, 
    0x05, 0x05, 0x00, 0xD4, 0x00, 0x00, 0x00, 0x01, 0x80, 0x05, 0x01, 0xDD, 
    0x80, 0x00, 0x29, 0x08, 0x80, 0x2A, 0xA0, 0x2E, 0x00, 0x00, 0x00, 0x02, 
    0x08, 0x08, 0x00, 0x28, 0x57, 0xF5, 0x7F, 0xD5, 0x64, 0xB4, 0xEA, 0xC6, 
    0x10, 0x70, 0x41, 0x00, 0x13, 0x50, 0x01, 0xC1, 0x00, 0x00, 0x00, 0x00, 
    0xE8, 0xAA, 0xAA, 0x28, 0xE8, 0xEA, 0xBA, 0x2A, 0x00, 0x10, 0x00, 0x00, 
    0x57, 0xD5, 0x55, 0xD5, 0x57, 0x55, 0x55, 0xD5, 0x00, 0x02, 0x00, 0x00, 
    0x20, 0xA0, 0x82, 0x02, 0x20, 0xA0, 0x82, 0x02, 0x10, 0xD0, 0x15, 0x00, 
    0x00, 0x50, 0x11, 0x00, 0x57, 0x55, 0x10, 0xD4, 0x57, 0x55, 0x40, 0xD5, 
    0x57, 0x00, 0x10, 0x00, 0x00, 0x00, 0x00, 0x00, 0x88, 0x00, 0x80, 0x00, 
    0x89, 0x8A, 0xAA, 0x28, 0x88, 0x8A, 0x22, 0x2A, 0x00, 0xA0, 0x22, 0x00, 
    0x20, 0xA0, 0x22, 0x00, 0x10, 0xFA, 0x54, 0x2B, 0xA8, 0xF8, 0xEB, 0x2B, 
    0xFF, 0xFF, 0xFA, 0xFE, 0x57, 0x55, 0x40, 0xD5, 0x57, 0x55, 0x55, 0xD5, 
    0x00, 0x10, 0x4A, 0x02, 0xA8, 0xAA, 0xAA, 0x2A, 0xA8, 0x8A, 0xAA, 0x28, 
    0xDF, 0xDF, 0xFF, 0xFF, 0x77, 0xF5, 0x5F, 0xD5, 0x20, 0xF5, 0xAF, 0xD7, 
    0x10, 0x50, 0x51, 0x01, 0xB8, 0xF8, 0xF9, 0x2B, 0x00, 0x00, 0x42, 0x00, 
    0x00, 0x00, 0x00, 0x00, 0x28, 0xAA, 0xAB, 0x20, 0x00, 0x00, 0x0A, 0x02, 
    0x76, 0x55, 0x75, 0xD1, 0x20, 0x00, 0x00, 0x00, 0x00, 0x00, 0x88, 0x00, 
    0x77, 0xF5, 0x7F, 0xD5, 0x20, 0xA0, 0xAA, 0x02, 0x10, 0x50, 0x51, 0x00, 
    0x10, 0x50, 0x11, 0x01, 0x00, 0x00, 0x00, 0x00, 0x00, 0x00, 0x00, 0x00, 
    0x88, 0xFF, 0xEE, 0xF9, 0x00, 0x10, 0x40, 0x00, 0x44, 0x6F, 0x55, 0x3D, 
    0x00, 0x00, 0x00, 0x00, 0x00, 0x00, 0x00, 0x00, 0x20, 0xA0, 0xA2, 0x02, 
    0x20, 0xA0, 0xA3, 0x02, 0x00, 0x78, 0x00, 0x2B, 0x03, 0x50, 0x48, 0xC0, 
    0x57, 0x55, 0x40, 0xD4, 0x57, 0x7F, 0x45, 0xFC, 0x88, 0xAA, 0xAA, 0x2C, 
    0x00, 0x00, 0x00, 0x00, 0x54, 0xD5, 0x4F, 0x16, 0xA8, 0xFF, 0xAD, 0xFF, 
    0x88, 0x8A, 0xAA, 0x28, 0x00, 0xB0, 0x00, 0x00, 0x00, 0xF5, 0x04, 0xD5, 
    0x00, 0x52, 0x54, 0x01, 0xAB, 0x7A, 0xEF, 0xEB, 0xFF, 0xFF, 0xEA, 0xFE, 
    0xFF, 0x7F, 0xEF, 0xFC, 0xC8, 0x8B, 0x6A, 0x29, 0xEC, 0xDF, 0x3F, 0x3F, 
    0xC4, 0x17, 0xD0, 0x16, 0xFF, 0xFF, 0xFF, 0xFF, 0xDF, 0xDF, 0xFF, 0xFC, 
    0x55, 0xF5, 0x5F, 0xD5, 0x00, 0xA0, 0x08, 0x00, 0x00, 0x70, 0x55, 0x01, 
    0xBB, 0x7A, 0xF7, 0xEB, 0x00, 0x00, 0x00, 0x00, 0xA8, 0x00, 0xAA, 0x00, 
    0x00, 0x02, 0x00, 0x00, 0x00, 0x20, 0x20, 0x00, 0x03, 0x03, 0x02, 0xC1, 
    0x57, 0x00, 0x52, 0x00, 0x00, 0x00, 0x00, 0x00, 0x55, 0xE5, 0xDF, 0xD6, 
    0x00, 0xA0, 0x8A, 0x02, 0x20, 0xFA, 0x60, 0x2B, 0x13, 0x50, 0x40, 0xC1, 
    0x00, 0x00, 0x00, 0x00, 0x00, 0x00, 0x00, 0x00, 0x00, 0x57, 0x84, 0xD7, 
    0x20, 0xFF, 0x6F, 0xF6, 0x00, 0xAB, 0x62, 0x2B, 0x00, 0x00, 0x00, 0x00, 
    0x00, 0x00, 0x00, 0x00, 0x20, 0xA0, 0x80, 0x02, 0x00, 0xF5, 0x84, 0xD6, 
    0x00, 0x50, 0x14, 0x01, 0x00, 0x50, 0x50, 0x00, 0x00, 0x00, 0x00, 0x00, 
    0x20, 0x2A, 0x20, 0x28, 0x00, 0x02, 0x04, 0x02, 0x00, 0x00, 0x0A, 0x02, 
    0x00, 0x01, 0x00, 0x00, 0x00, 0x75, 0x24, 0xD4, 0x00, 0x00, 0x00, 0x00, 
    0x00, 0xA0, 0x21, 0x00, 0x00, 0xA0, 0x20, 0x00, 0x20, 0x50, 0x74, 0x01, 
    0xA8, 0x7A, 0xE3, 0x2B, 0xA8, 0xAA, 0xAA, 0x2A, 0xA8, 0x3A, 0xFA, 0x28, 
    0x00, 0x02, 0x80, 0x00, 0x20, 0x00, 0x00, 0x00, 0x00, 0x01, 0x60, 0x00, 
    0x77, 0x75, 0x7D, 0xDD, 0x57, 0x57, 0x57, 0xD5, 0x77, 0xF5, 0x3D, 0xD5, 
    0x00, 0xA0, 0xAC, 0x02, 0x00, 0xDA, 0x51, 0x2B, 0xBB, 0x7A, 0xF3, 0xEB, 
    0x00, 0x00, 0x00, 0x00, 0x88, 0x10, 0xC8, 0x00, 0x00, 0x55, 0x00, 0xD5, 
    0x00, 0x4F, 0x45, 0xF4, 0x00, 0x28, 0x00, 0x2A, 0x77, 0x00, 0x51, 0x09, 
    0x00, 0x00, 0x00, 0x00, 0x77, 0xF5, 0x3C, 0xD5, 0x00, 0xF5, 0xA8, 0xD6, 
    0x00, 0x50, 0x50, 0x01, 0x10, 0x50, 0x50, 0x01, 0x00, 0x00, 0x00, 0x00, 
    0x00, 0x00, 0x12, 0x00, 0x00, 0x00, 0x00, 0x00, 0x00, 0x90, 0x00, 0x00, 
    0x00, 0x80, 0x00, 0x00, 0x00, 0x00, 0x08, 0x00, 0x00, 0x02, 0x02, 0x00, 
    0x20, 0xA0, 0xA0, 0x02, 0x00, 0xA0, 0xA0, 0x02, 0x00, 0x02, 0x00, 0x22, 
    0x00, 0x00, 0x00, 0x00, 0x00, 0x00, 0x00, 0x00, 0x00, 0x00, 0x00, 0x00, 
    0x47, 0x00, 0x45, 0x00, 0x00, 0x00, 0x00, 0x00, 0x88, 0x00, 0xA0, 0x00, 
    0x00, 0x00, 0x00, 0x00, 0x00, 0x00, 0x00, 0x00, 0x20, 0x00, 0x00, 0x00, 
    0x13, 0x01, 0x10, 0x11, 0xFC, 0xFF, 0xDF, 0x3F, 0xA8, 0xAA, 0xAA, 0x2A, 
    0xFF, 0xFF, 0xFF, 0xFF, 0xFF, 0xFF, 0xFF, 0xFF, 0xFF, 0xFF, 0xFF, 0xFF, 
    0x20, 0x00, 0xB0, 0x00, 0xFF, 0xFF, 0xF5, 0xFF, 0xDF, 0xFF, 0xFF, 0xFF, 
    0xFF, 0xFF, 0xFF, 0xFF, 0x77, 0x55, 0x55, 0xD5, 0xFF, 0xEF, 0xFF, 0xFF, 
    0x00, 0xA0, 0x00, 0x00, 0xAB, 0xAA, 0xAA, 0xEA, 0x07, 0x55, 0x01, 0xD4, 
    0x07, 0x55, 0x01, 0xD4, 0xA8, 0xAA, 0xA0, 0x2A, 0x20, 0x00, 0x00, 0x00, 
    0x57, 0x25, 0x55, 0xD5, 0x08, 0x6A, 0x02, 0x28, 0x08, 0x2A, 0x2A, 0x28, 
    0x57, 0x55, 0x55, 0xD5, 0x00, 0x00, 0x01, 0x00, 0xA8, 0x08, 0x88, 0x08, 
    0x43, 0x00, 0x00, 0xC0, 0x47, 0x55, 0x45, 0xD5, 0x47, 0x55, 0x4F, 0xD5, 
    0x10, 0x55, 0x10, 0xD5, 0x00, 0x00, 0xB0, 0x00, 0x00, 0x8A, 0x00, 0x2A, 
    0x88, 0xBA, 0xAA, 0x2A, 0x88, 0xAA, 0xAA, 0x2A, 0x00, 0x00, 0x00, 0x00, 
    0x44, 0x44, 0x44, 0xC4, 0x00, 0x00, 0x02, 0x00, 0x54, 0x55, 0x55, 0x15, 
    0x00, 0x00, 0x04, 0x01, 0x00, 0x00, 0x04, 0x01, 0x00, 0x00, 0x00, 0x00, 
    0x00, 0x00, 0x00, 0x00, 0x20, 0x00, 0x00, 0x00, 0x00, 0x80, 0x20, 0x02, 
    0x00, 0x80, 0x80, 0x02, 0x08, 0x0A, 0x00, 0x28, 0x00, 0x00, 0x00, 0x00, 
    0x54, 0x77, 0xDF, 0x35, 0xA8, 0xAA, 0xAA, 0x2A, 0xE8, 0xAA, 0xEA, 0x2A, 
    0xE8, 0xAA, 0xEA, 0x2A, 0xEF, 0xEA, 0xAE, 0x2A, 0x00, 0x00, 0x00, 0x00, 
    0xFF, 0x55, 0xD5, 0xD5, 0xD7, 0x55, 0xDD, 0xD5, 0xD7, 0x55, 0x55, 0xD5, 
    0x5F, 0x5F, 0x55, 0xFD, 0xAB, 0xAB, 0xAA, 0x3A, 0xA8, 0xAA, 0xAA, 0x2A, 
    0xAB, 0xAA, 0xAA, 0xEA, 0x07, 0x45, 0x10, 0xD4, 0x07, 0x45, 0x40, 0xD4, 
    0xFF, 0x6F, 0xFF, 0xFF, 0x10, 0xD0, 0x73, 0x00, 0xFF, 0x7F, 0xF3, 0xFF, 
    0x08, 0x0A, 0x00, 0x28, 0x08, 0x0A, 0x00, 0x28, 0x57, 0x55, 0x55, 0xD5, 
    0x47, 0x15, 0x05, 0xD5, 0x24, 0x05, 0x20, 0x14, 0x14, 0x55, 0x55, 0x15, 
    0x47, 0x55, 0x55, 0xD5, 0x47, 0xD5, 0x55, 0xD5, 0x00, 0x00, 0x00, 0x00, 
    0x10, 0xD0, 0x23, 0x00, 0x00, 0x00, 0x00, 0x00, 0x08, 0xAA, 0xAE, 0x2A, 
    0x88, 0x8A, 0xAA, 0x2A, 0x00, 0x00, 0x00, 0x00, 0x08, 0x3A, 0x00, 0x28, 
    0x8C, 0x8D, 0x00, 0x1E, 0x50, 0x50, 0x55, 0x01, 0x00, 0x00, 0x40, 0x01, 
    0x00, 0x00, 0x00, 0x01, 0x00, 0x85, 0x21, 0xD4, 0x00, 0x00, 0x40, 0x00, 
    0x00, 0x7A, 0x17, 0x2E, 0x00, 0x00, 0x00, 0x02, 0x00, 0x00, 0x00, 0x02, 
    0x00, 0x00, 0x00, 0x00, 0x4C, 0x2E, 0x04, 0xEC, 0x00, 0x00, 0x00, 0x00, 
    0xFB, 0xFA, 0xFF, 0xEB, 0xE8, 0xAA, 0xAA, 0x2A, 0xE8, 0xAA, 0xAA, 0x2A, 
    0xB8, 0xAA, 0xFA, 0x2B, 0x00, 0x00, 0x10, 0x00, 0x57, 0x55, 0x75, 0xD5, 
    0x57, 0x55, 0x55, 0xD5, 0xD7, 0x55, 0x55, 0xD5, 0xFF, 0xFF, 0xFF, 0xFF, 
    0x00, 0x00, 0x01, 0x01, 0x00, 0x02, 0x00, 0x20, 0xAB, 0xAA, 0xAA, 0xEA, 
    0x00, 0x10, 0x05, 0x00, 0x00, 0x00, 0x15, 0x00, 0x47, 0x00, 0x51, 0x00, 
    0x00, 0x00, 0x00, 0x00, 0xA8, 0x20, 0xA0, 0x00, 0x00, 0x80, 0xAA, 0x00, 
    0x00, 0x80, 0xAA, 0x00, 0x57, 0x55, 0x55, 0xD5, 0x03, 0x01, 0x00, 0x10, 
    0xAC, 0x2F, 0xAA, 0x3E, 0x00, 0x00, 0x00, 0x00, 0x00, 0x00, 0x00, 0x00, 
    0x00, 0x10, 0x00, 0x00, 0x57, 0x55, 0x55, 0xD5, 0x40, 0x20, 0x20, 0x01, 
    0xA8, 0xAA, 0xA0, 0x2A, 0x00, 0x20, 0x00, 0x00, 0x00, 0x00, 0x00, 0x00, 
    0x00, 0x00, 0x00, 0x00, 0x5F, 0x1F, 0x44, 0xFC, 0x54, 0x55, 0xD7, 0x15, 
    0x54, 0x55, 0x10, 0x15, 0x00, 0x00, 0x40, 0x00, 0x00, 0x00, 0x01, 0x00, 
    0xA8, 0x2A, 0x8E, 0x2A, 0x00, 0x00, 0x00, 0x01, 0x57, 0x05, 0x40, 0xD1, 
    0x00, 0x00, 0x00, 0x00, 0x00, 0x20, 0x0A, 0x00, 0x00, 0x00, 0x00, 0x00, 
    0xA8, 0xBA, 0xAA, 0x28, 0x88, 0x08, 0x00, 0x08, 0xFF, 0xFF, 0xFF, 0xFF, 
    0xFF, 0xFF, 0xFF, 0xFF, 0x47, 0x55, 0x45, 0xD5, 0x00, 0x55, 0x00, 0xD4, 
    0x00, 0x00, 0x20, 0x00, 0x00, 0x8A, 0x00, 0x2A, 0x88, 0xAA, 0xAA, 0x2A, 
    0xFF, 0xFF, 0xFF, 0xF7, 0xFF, 0xFF, 0xFF, 0xFF, 0xE4, 0x24, 0xAA, 0xC4, 
    0x60, 0x20, 0x28, 0x02, 0xA8, 0xAA, 0xAA, 0x2A, 0x07, 0x15, 0x04, 0xD0, 
    0xA8, 0xEA, 0xAA, 0x2B, 0xB8, 0xAA, 0xAA, 0x2B, 0x40, 0x20, 0x00, 0x00, 
    0x57, 0x45, 0x54, 0xD5, 0x57, 0x55, 0x55, 0xD5, 0x08, 0x8A, 0x00, 0x20, 
    0x57, 0x55, 0x55, 0xD5, 0x10, 0x80, 0x44, 0x00, 0x30, 0x52, 0x75, 0x23, 
    0x00, 0x00, 0x45, 0x00, 0x00, 0x00, 0x00, 0x04, 0x40, 0x00, 0x00, 0x00, 
    0x57, 0x00, 0x44, 0x01, 0x40, 0x00, 0x00, 0x00, 0xA8, 0x00, 0x80, 0x00, 
    0x80, 0x00, 0xA0, 0x02, 0x00, 0x00, 0x00, 0x00, 0x00, 0x00, 0x00, 0x00, 
    0x03, 0x01, 0x05, 0x10, 0xF8, 0xFA, 0xFD, 0x2B, 0x47, 0x55, 0x15, 0xD4, 
    0x00, 0x00, 0x54, 0x00, 0x00, 0x40, 0x00, 0x00, 0x57, 0x45, 0x55, 0xD5, 
    0xC0, 0x10, 0x33, 0x00, 0xA8, 0xAA, 0xA2, 0x2A, 0x00, 0x00, 0x00, 0x00, 
    0x00, 0xA0, 0xAA, 0x00, 0x00, 0x00, 0x00, 0x00, 0xF7, 0xE5, 0x5F, 0xD5, 
    0x00, 0xA0, 0x08, 0x00, 0xEF, 0xFF, 0xFF, 0xFF, 0xFF, 0xEF, 0xFF, 0xFF, 
    0x47, 0x55, 0x55, 0xD5, 0xA8, 0xAA, 0xAA, 0x2A, 0x00, 0x10, 0x03, 0x00, 
    0x57, 0x45, 0x54, 0xD5, 0x88, 0xAA, 0xAA, 0x2A, 0xFF, 0xFF, 0xFF, 0xFF, 
    0x57, 0x55, 0x55, 0xD5, 0x00, 0x00, 0x50, 0x01, 0x88, 0x08, 0x00, 0x08, 
    0xAB, 0xAA, 0xAA, 0xEA, 0x07, 0x05, 0x00, 0xD0, 0x00, 0x00, 0x00, 0x01, 
    0x00, 0x45, 0x01, 0xD6, 0x00, 0x00, 0x20, 0x00, 0x00, 0xAA, 0x22, 0x22, 
    0x00, 0x00, 0x00, 0x02, 0x08, 0x0A, 0x00, 0x28, 0x57, 0x55, 0x55, 0xD5, 
    0x54, 0x04, 0x00, 0xC4, 0x54, 0x55, 0xD5, 0x15, 0x00, 0x00, 0x40, 0x01, 
    0x00, 0x00, 0x01, 0x00, 0xE8, 0xAA, 0xAA, 0x2E, 0xA8, 0xAA, 0xBA, 0x2A, 
    0x80, 0x00, 0x10, 0x00, 0x57, 0x55, 0x55, 0xD9, 0xD7, 0x55, 0x55, 0xD5, 
    0x00, 0x00, 0x00, 0x00, 0x00, 0x00, 0x00, 0x00, 0xA8, 0xEA, 0xAA, 0x2A, 
    0x00, 0x00, 0x00, 0x00, 0x44, 0x05, 0x00, 0x14, 0x57, 0x45, 0x01, 0xD5, 
    0x57, 0x55, 0x54, 0xD5, 0x57, 0x00, 0x50, 0x05, 0x00, 0x00, 0x00, 0x00, 
    0xA8, 0x00, 0x80, 0x00, 0xA8, 0x8A, 0x2A, 0x2A, 0x88, 0x0A, 0x0A, 0x2A, 
    0xA8, 0x0A, 0x8A, 0x28, 0x00, 0x00, 0x00, 0x00, 0x00, 0xAA, 0x00, 0x2A, 
    0xEC, 0xEF, 0xFE, 0x3F, 0xFF, 0xEF, 0xAB, 0xFF, 0x57, 0x55, 0x54, 0xD5, 
    0x57, 0x55, 0x51, 0xD5, 0x00, 0x00, 0x2D, 0x04, 0xA8, 0xAA, 0xA8, 0x2A, 
    0xA8, 0x8A, 0xAA, 0x2A, 0xDF, 0xDF, 0x7F, 0xFF, 0xFF, 0x5F, 0xFF, 0xFF, 
    0x00, 0x55, 0x00, 0xD4, 0x54, 0x55, 0x55, 0x15, 0xA8, 0xEA, 0xBE, 0x2A, 
    0x00, 0x00, 0x00, 0x00, 0x00, 0x00, 0x00, 0x00, 0xA8, 0xAA, 0xAA, 0x28, 
    0x00, 0x00, 0x04, 0x00, 0x57, 0x55, 0x55, 0xD1, 0x00, 0x00, 0x00, 0x00, 
    0x00, 0x00, 0x00, 0x00, 0x57, 0x55, 0x55, 0xD7, 0xA8, 0xAA, 0xAA, 0x2A, 
    0x54, 0x55, 0x55, 0x15, 0x03, 0x00, 0x40, 0xC1, 0x00, 0x00, 0x00, 0x00, 
    0x00, 0x00, 0x00, 0x00, 0x80, 0xF5, 0xAB, 0xD2, 0x00, 0x00, 0x29, 0x00, 
    0x50, 0xDA, 0x7D, 0x2B, 0x00, 0x00, 0x80, 0x00, 0x00, 0x80, 0x20, 0x00, 
    0x00, 0x00, 0x20, 0x00, 0xA8, 0xAA, 0xAA, 0x2A, 0x00, 0xA2, 0x00, 0x2A, 
    0x47, 0x05, 0x20, 0xD4, 0x57, 0x45, 0x45, 0xD5, 0x57, 0x7F, 0x55, 0xFE, 
    0x80, 0xA0, 0xAA, 0x02, 0x00, 0x00, 0x00, 0x04, 0x50, 0x70, 0x55, 0x01, 
    0x88, 0xAF, 0x2A, 0xFE, 0x88, 0x8A, 0x2A, 0x2A, 0x88, 0x0A, 0x80, 0x28, 
    0xA8, 0xFF, 0xAA, 0xFE, 0x00, 0x08, 0x00, 0x00, 0xEF, 0xEF, 0xFE, 0xFF, 
    0xFF, 0xFF, 0xEF, 0xFF, 0xFF, 0xFF, 0xFF, 0xFE, 0x84, 0xA5, 0xAA, 0x16, 
    0xF0, 0xD0, 0xFF, 0x03, 0x50, 0x50, 0x55, 0x01, 0xDF, 0xBF, 0x7F, 0xFF, 
    0xDF, 0xDF, 0x7F, 0xFF, 0xFF, 0xFF, 0xD5, 0xFF, 0x00, 0x00, 0x00, 0x00, 
    0x54, 0x75, 0x55, 0x17, 0xAB, 0xEA, 0x9E, 0xEA, 0x00, 0x00, 0x00, 0x00, 
    0xA8, 0x80, 0xAA, 0x00, 0x00, 0x00, 0x00, 0x00, 0x00, 0x00, 0x00, 0x00, 
    0x03, 0x00, 0x02, 0xC0, 0x57, 0x00, 0x51, 0x01, 0x00, 0x00, 0x00, 0x00, 
    0x57, 0xD5, 0x55, 0xD7, 0x88, 0xAB, 0xAA, 0x2A, 0x00, 0xAA, 0x00, 0x2A, 
    0x03, 0x00, 0x40, 0xC1, 0x00, 0x10, 0x00, 0x00, 0x00, 0x00, 0x00, 0x00, 
    0x00, 0x55, 0x00, 0xD4, 0x00, 0x0F, 0x06, 0xFF, 0x00, 0xAA, 0x0A, 0x2A, 
    0x00, 0x10, 0x04, 0x00, 0x00, 0x00, 0x00, 0x00, 0x20, 0x20, 0x00, 0x00, 
    0x00, 0x55, 0x10, 0xD4, 0x00, 0x00, 0x00, 0x00, 0x44, 0x05, 0xE0, 0x1C, 
    0x00, 0x00, 0x00, 0x00, 0x00, 0x2A, 0x00, 0x2A, 0x00, 0x00, 0x00, 0x00, 
    0x00, 0x00, 0x02, 0x00, 0x00, 0x80, 0x08, 0x00, 0x00, 0x85, 0xA0, 0xD4, 
    0x00, 0x00, 0x00, 0x00, 0x88, 0x0A, 0xA0, 0x28, 0x00, 0x00, 0x00, 0x00, 
    0x54, 0x55, 0x55, 0x15, 0xFC, 0xEF, 0xEF, 0x3F, 0xA8, 0xAA, 0xAA, 0x2A, 
    0xA8, 0xAA, 0xAE, 0x2B, 0x80, 0x02, 0x80, 0x02, 0x00, 0x00, 0x00, 0x09, 
    0x00, 0x00, 0x00, 0x00, 0xD7, 0xB5, 0xFD, 0xDD, 0x57, 0x55, 0x57, 0xD5, 
    0xFF, 0xFF, 0xFF, 0xFF, 0x88, 0xAA, 0xBA, 0x2A, 0x14, 0xDD, 0x55, 0x3D, 
    0xBB, 0xEA, 0x0E, 0xE3, 0x00, 0x00, 0x00, 0x00, 0xA8, 0x80, 0xA4, 0x01, 
    0x00, 0x57, 0x00, 0xD4, 0x00, 0x0F, 0x04, 0xF6, 0x00, 0x2A, 0x00, 0x2A, 
    0xD7, 0x20, 0x5D, 0x09, 0x00, 0x00, 0x00, 0x00, 0x57, 0xD5, 0x55, 0xD7, 
    0x88, 0xFE, 0xAA, 0xFE, 0x44, 0x07, 0x00, 0x14, 0x00, 0x00, 0x01, 0x00, 
    0x00, 0x00, 0x00, 0x00, 0x00, 0x00, 0x0A, 0x00, 0x00, 0x00, 0x00, 0x00, 
    0x00, 0x00, 0x00, 0x00, 0x00, 0x00, 0x00, 0x00, 0x00, 0x10, 0x00, 0x00, 
    0x00, 0x00, 0x02, 0x00, 0x20, 0x20, 0x0A, 0x00, 0xA8, 0xAA, 0xAA, 0x2A, 
    0x30, 0x20, 0xB3, 0x02, 0x00, 0x40, 0x00, 0x00, 0x00, 0x00, 0x00, 0x00, 
    0x00, 0x00, 0x00, 0x00, 0x53, 0x00, 0x55, 0x00, 0x00, 0x00, 0x00, 0x00, 
    0xA8, 0x80, 0x2A, 0x00, 0x00, 0x00, 0x00, 0x00, 0x00, 0x00, 0x00, 0x00, 
    0x00, 0x00, 0x08, 0x00, 0x20, 0x00, 0x2A, 0x00, 0xB8, 0xAA, 0xAB, 0x2B, 
    0xA8, 0xBA, 0xEB, 0x2B, 0xFF, 0xFF, 0xFF, 0xFF, 0xBF, 0xFF, 0xFF, 0xFF, 
    0xFB, 0xFF, 0xFF, 0xFF, 0x00, 0xC0, 0x80, 0x00, 0xFF, 0xFF, 0xFF, 0xFF, 
    0x7B, 0xFF, 0x7F, 0xFD, 0xFF, 0xFF, 0xFF, 0xFF, 0x57, 0x55, 0x57, 0xD7, 
    0x77, 0x05, 0xD7, 0xD5, 0x10, 0x02, 0x10, 0x20, 0xBB, 0xAA, 0xFA, 0xEB, 
    0x17, 0x15, 0x41, 0xD4, 0x17, 0x15, 0x44, 0xD4, 0xA8, 0xAA, 0xAA, 0x2A, 
    0x00, 0x40, 0x00, 0x00, 0x53, 0x55, 0x55, 0xD5, 0x28, 0x2A, 0x2A, 0x20, 
    0x28, 0xAA, 0x2A, 0x20, 0x57, 0x55, 0xFD, 0xD5, 0x33, 0x01, 0xA9, 0x12, 
    0x90, 0x00, 0x19, 0x08, 0x03, 0x00, 0x40, 0xC1, 0x57, 0x15, 0x45, 0xD5, 
    0x57, 0x15, 0x45, 0xD4, 0x00, 0x51, 0x00, 0xD5, 0x00, 0x00, 0x80, 0x00, 
    0x00, 0x2A, 0x00, 0x22, 0xA8, 0xAA, 0x2A, 0x22, 0xA8, 0xAA, 0x2A, 0x22, 
    0x00, 0x00, 0x88, 0x00, 0x20, 0x00, 0xAE, 0x02, 0x08, 0x88, 0x51, 0x00, 
    0x00, 0x00, 0x00, 0x00, 0x40, 0x00, 0x00, 0x01, 0x40, 0x00, 0x00, 0x00, 
    0x00, 0x04, 0x00, 0x00, 0x00, 0x80, 0x00, 0x00, 0x00, 0x00, 0x80, 0x08, 
    0x80, 0x00, 0x00, 0x02, 0x80, 0x00, 0x00, 0x02, 0x00, 0x00, 0x80, 0x00, 
    0x44, 0x04, 0x7A, 0xC5, 0x20, 0x20, 0xF2, 0x03, 0xA8, 0xAA, 0xFA, 0x2B, 
    0xA8, 0xAA, 0xAE, 0x2A, 0xA8, 0xAA, 0xAB, 0x2A, 0xFB, 0xAA, 0xEF, 0x2A, 
    0x00, 0x00, 0x04, 0x00, 0xFF, 0x55, 0xF7, 0xD5, 0x57, 0xD5, 0x55, 0xD5, 
    0x57, 0x55, 0x55, 0xD5, 0x57, 0x55, 0xF5, 0xD7, 0x10, 0x40, 0xA0, 0x00, 
    0x28, 0xAA, 0xB2, 0x22, 0xBB, 0xAA, 0xFA, 0xEB, 0x17, 0x05, 0x10, 0xD4, 
    0x17, 0x05, 0x00, 0xD4, 0xFB, 0xBF, 0xF7, 0xFF, 0x80, 0x40, 0x14, 0x00, 
    0xFF, 0xFF, 0xF6, 0xFF, 0x28, 0x0A, 0x00, 0x20, 0x28, 0x0A, 0x80, 0x20, 
    0x57, 0x55, 0xF5, 0xD5, 0x57, 0x55, 0xF9, 0xD7, 0x00, 0x02, 0x11, 0x20, 
    0x00, 0x00, 0x40, 0x01, 0x57, 0x55, 0x55, 0xD5, 0x57, 0x55, 0x5D, 0xD5, 
    0x00, 0x10, 0x00, 0x00, 0x00, 0x00, 0x00, 0x00, 0x00, 0x00, 0x00, 0x00, 
    0xA8, 0xAA, 0xAB, 0x22, 0xA8, 0xAA, 0xAA, 0x22, 0x00, 0x00, 0x80, 0x00, 
    0x03, 0x11, 0xFA, 0x13, 0x10, 0x00, 0x15, 0x00, 0x10, 0x00, 0x04, 0x00, 
    0x40, 0x00, 0x00, 0x01, 0x40, 0x00, 0x00, 0x01, 0x00, 0x01, 0x00, 0xD5, 
    0x00, 0x00, 0x10, 0x00, 0x00, 0xAA, 0x05, 0x2A, 0x80, 0x00, 0x00, 0x02, 
    0x80, 0x00, 0x00, 0x02, 0x20, 0x00, 0x08, 0x00, 0x60, 0x00, 0x2B, 0x02, 
    0x18, 0x88, 0x15, 0x01, 0xAB, 0xAA, 0xEE, 0xEB, 0xA8, 0xAA, 0xAA, 0x2A, 
    0xA8, 0xAA, 0xAA, 0x2A, 0xA8, 0xAE, 0xBA, 0x2A, 0x80, 0x40, 0x00, 0x00, 
    0x57, 0x55, 0x55, 0xD5, 0x57, 0xD5, 0x55, 0xD5, 0x57, 0x55, 0x55, 0xD5, 
    0x77, 0x55, 0x57, 0xD7, 0x24, 0x04, 0x82, 0xC6, 0x10, 0x00, 0x15, 0x02, 
    0xBB, 0xAA, 0xAE, 0xEA, 0x00, 0x50, 0x45, 0x00, 0x00, 0x40, 0x51, 0x00, 
    0x43, 0x00, 0x15, 0x00, 0x00, 0x20, 0x00, 0x00, 0x88, 0x20, 0x22, 0x02, 
    0x00, 0x20, 0xAA, 0x00, 0x00, 0xA0, 0x2A, 0x00, 0x77, 0x55, 0xFD, 0xD5, 
    0x20, 0x10, 0xA8, 0x02, 0xB8, 0xAA, 0xBF, 0x2A, 0x10, 0x00, 0x44, 0x01, 
    0x00, 0x00, 0x00, 0x00, 0x00, 0x10, 0x04, 0x00, 0x43, 0x55, 0x55, 0xD5, 
    0x30, 0xA0, 0xC8, 0x02, 0x88, 0xAA, 0x2A, 0x2A, 0x00, 0x00, 0x00, 0x00, 
    0x00, 0x00, 0x00, 0x00, 0x20, 0x00, 0x88, 0x00, 0x77, 0x55, 0xEF, 0xD7, 
    0x20, 0xA2, 0x77, 0x20, 0x10, 0x00, 0x04, 0x00, 0x00, 0x50, 0x50, 0x00, 
    0x00, 0x00, 0x00, 0x00, 0xA8, 0xAA, 0xAA, 0x2A, 0x10, 0x00, 0x08, 0x00, 
    0x57, 0x55, 0x50, 0xD5, 0x00, 0x00, 0x00, 0x00, 0x00, 0xA0, 0xA2, 0x00, 
    0x20, 0x00, 0x88, 0x00, 0x03, 0x01, 0x2B, 0x12, 0x00, 0x00, 0x55, 0x09, 
    0xAB, 0xAA, 0xEE, 0xEB, 0xFF, 0xFF, 0xFF, 0xFF, 0x57, 0x55, 0x55, 0xD5, 
    0x00, 0x51, 0x08, 0xD5, 0x20, 0x80, 0x40, 0x02, 0x00, 0x8A, 0x08, 0x20, 
    0xA8, 0xAA, 0xAA, 0x2A, 0xFF, 0xFF, 0xFF, 0xFF, 0x77, 0x55, 0xFD, 0xD7, 
    0x10, 0x00, 0xA0, 0x03, 0x88, 0x08, 0x9D, 0x00, 0xB8, 0xAA, 0xEE, 0x2B, 
    0x17, 0x05, 0x00, 0xD0, 0xE8, 0xAA, 0xAA, 0x2F, 0xA8, 0xAE, 0xEA, 0x2A, 
    0x00, 0x00, 0x80, 0x00, 0x57, 0x55, 0x55, 0xDD, 0x57, 0x55, 0x55, 0xD5, 
    0x28, 0x0A, 0x00, 0x22, 0x77, 0x55, 0xFD, 0xD5, 0x44, 0x44, 0xEC, 0xC6, 
    0x20, 0x80, 0x15, 0x00, 0x10, 0x00, 0x44, 0x01, 0x00, 0x00, 0x00, 0x00, 
    0x00, 0x00, 0x05, 0x00, 0x03, 0x00, 0x55, 0x04, 0x00, 0x00, 0x40, 0x00, 
    0xA8, 0x00, 0xAA, 0x00, 0x84, 0x00, 0x00, 0x08, 0x00, 0x00, 0x08, 0x00, 
    0x20, 0x00, 0x88, 0x00, 0x10, 0x00, 0xAA, 0x02, 0xA8, 0xFA, 0xAE, 0x2A, 
    0x03, 0x50, 0x04, 0xC0, 0x00, 0x50, 0x55, 0x00, 0x00, 0x00, 0x00, 0x00, 
    0x53, 0x55, 0x55, 0xD5, 0x40, 0x40, 0x44, 0x04, 0xA8, 0xAA, 0xAA, 0x2A, 
    0x00, 0x00, 0x08, 0x00, 0x00, 0xA0, 0xA2, 0x00, 0x00, 0x00, 0x22, 0x00, 
    0x57, 0x55, 0x55, 0xD5, 0x00, 0x22, 0x64, 0x22, 0xBB, 0xFA, 0xEE, 0xEB, 
    0xFF, 0xFF, 0xFF, 0xFF, 0x57, 0x55, 0x55, 0xD5, 0xA8, 0xAA, 0xA2, 0x2A, 
    0x00, 0x00, 0x00, 0x00, 0x53, 0x55, 0x55, 0xD5, 0xA8, 0xAA, 0xAA, 0x2A, 
    0xFF, 0xFF, 0xFF, 0xFF, 0x57, 0xF5, 0x5D, 0xD5, 0x03, 0x01, 0x0D, 0x12, 
    0x00, 0x00, 0x04, 0x00, 0xBB, 0xAA, 0xEE, 0xEB, 0x17, 0x05, 0x00, 0xD4, 
    0x40, 0x00, 0x00, 0x01, 0x80, 0x11, 0x08, 0xD3, 0x40, 0x40, 0x00, 0x00, 
    0x00, 0xAA, 0x00, 0x26, 0x80, 0x00, 0x00, 0x02, 0x28, 0x0A, 0x00, 0x28, 
    0x57, 0x55, 0xDD, 0xD5, 0x00, 0x50, 0x98, 0x03, 0x98, 0x58, 0x8E, 0x08, 
    0x10, 0x50, 0x44, 0x01, 0x00, 0x00, 0x00, 0x00, 0xA8, 0xAA, 0xAA, 0x2A, 
    0xF8, 0xEE, 0xAA, 0x22, 0x00, 0x00, 0x04, 0x04, 0x57, 0x55, 0x55, 0xDD, 
    0x57, 0x55, 0x55, 0xD5, 0x00, 0x00, 0x00, 0x00, 0x20, 0x00, 0x80, 0x00, 
    0x64, 0x04, 0xC0, 0xC6, 0x00, 0x50, 0x00, 0x08, 0x00, 0x50, 0x08, 0x00, 
    0x07, 0x15, 0x50, 0xD5, 0x47, 0x05, 0x41, 0xD1, 0x53, 0x00, 0x54, 0x00, 
    0x00, 0x00, 0x00, 0x00, 0x28, 0x00, 0x22, 0x00, 0x8C, 0x8A, 0xA2, 0x20, 
    0x88, 0x8A, 0x2A, 0x22, 0x00, 0x00, 0x00, 0x02, 0x00, 0x00, 0x00, 0x00, 
    0x00, 0xAA, 0x48, 0x2A, 0xB8, 0xFA, 0xEA, 0x2B, 0xAF, 0xFF, 0xFB, 0xFF, 
    0x47, 0x15, 0x45, 0xD1, 0x53, 0x55, 0x55, 0xD5, 0x80, 0x80, 0x89, 0x08, 
    0xA8, 0xAA, 0xAA, 0x2A, 0x88, 0x8A, 0xA2, 0x20, 0xDF, 0xDF, 0xFF, 0xF7, 
    0x57, 0xF5, 0x5D, 0xD7, 0x00, 0x55, 0x0D, 0xD7, 0x00, 0x00, 0x04, 0x00, 
    0xB8, 0xAA, 0xE6, 0x2B, 0x00, 0x40, 0x01, 0x00, 0x00, 0x00, 0x00, 0x00, 
    0x28, 0xAA, 0xA2, 0x20, 0x00, 0x00, 0x08, 0x00, 0x53, 0x55, 0x55, 0xD1, 
    0x00, 0x00, 0x00, 0x00, 0x00, 0x00, 0x00, 0x00, 0x57, 0x55, 0xDD, 0xD5, 
    0x00, 0x00, 0x88, 0x02, 0x10, 0x50, 0x04, 0x00, 0x13, 0x50, 0x44, 0xC1, 
    0x00, 0x00, 0x00, 0x00, 0x00, 0x10, 0x04, 0x00, 0x88, 0xFB, 0x8B, 0xFD, 
    0x80, 0x80, 0x81, 0x08, 0x84, 0xAF, 0x59, 0x3F, 0x00, 0x00, 0x00, 0x00, 
    0x00, 0x00, 0x80, 0x00, 0x20, 0x00, 0x80, 0x00, 0x20, 0x00, 0x84, 0x02, 
    0x00, 0xFA, 0x04, 0x23, 0x03, 0x50, 0x00, 0xC8, 0x07, 0x15, 0x40, 0xD4, 
    0x07, 0xFF, 0x4C, 0xF5, 0x88, 0x2E, 0x20, 0x2A, 0x00, 0x00, 0x00, 0x00, 
    0x14, 0x05, 0xD1, 0x15, 0x08, 0x9F, 0x2F, 0xFD, 0x88, 0xAA, 0xAA, 0x28, 
    0x00, 0x00, 0x80, 0x00, 0x00, 0x55, 0x80, 0xD5, 0x00, 0x50, 0x4C, 0x01, 
    0xAB, 0xFA, 0xE6, 0xEB, 0xAF, 0xBF, 0xEB, 0xFF, 0xAF, 0xFF, 0xFE, 0xF5, 
    0xE8, 0xAB, 0x48, 0x29, 0xCC, 0xCF, 0x04, 0x3E, 0x84, 0x17, 0x95, 0x16, 
    0x7F, 0x9F, 0xFF, 0xFF, 0xDF, 0xFF, 0xFF, 0xFD, 0x57, 0x55, 0xDD, 0xD5, 
    0x00, 0x00, 0x89, 0x02, 0x10, 0x50, 0x04, 0x08, 0xBB, 0xFA, 0xA6, 0xE2, 
    0x00, 0x00, 0x01, 0x01, 0xA8, 0x00, 0xB2, 0x00, 0x00, 0x02, 0x80, 0x00, 
    0x00, 0x50, 0x00, 0x00, 0x03, 0x01, 0x00, 0xC0, 0x77, 0x00, 0xD0, 0x02, 
    0x00, 0x00, 0x00, 0x00, 0x77, 0x55, 0xDD, 0xD5, 0x20, 0x04, 0x88, 0x02, 
    0x10, 0xFA, 0x04, 0x2A, 0x13, 0x50, 0x40, 0xC1, 0x00, 0x00, 0x00, 0x00, 
    0x00, 0x00, 0x00, 0x00, 0x04, 0x57, 0x81, 0xD7, 0x04, 0xFF, 0x08, 0xFF, 
    0x00, 0xAB, 0x00, 0x2A, 0x00, 0x00, 0x00, 0x00, 0x00, 0x00, 0x00, 0x00, 
    0x20, 0x00, 0x80, 0x00, 0x20, 0x55, 0x81, 0xD7, 0x00, 0x50, 0x00, 0x01, 
    0x00, 0x50, 0x00, 0x00, 0x00, 0x00, 0x00, 0x00, 0x00, 0xAA, 0x00, 0x20, 
    0x04, 0x02, 0x01, 0x00, 0x04, 0x80, 0x00, 0x00, 0x00, 0x01, 0x00, 0x00, 
    0x00, 0x15, 0x81, 0xD5, 0x00, 0x00, 0x00, 0x00, 0x00, 0x00, 0x84, 0x02, 
    0x00, 0x00, 0x80, 0x00, 0x00, 0x00, 0x40, 0x01, 0xB8, 0xFA, 0xEE, 0x2B, 
    0xA8, 0xAA, 0xAE, 0x2A, 0xA8, 0xFA, 0xAA, 0x20, 0x00, 0x02, 0x00, 0x00, 
    0x00, 0x00, 0x08, 0x00, 0x00, 0x01, 0x00, 0x00, 0x57, 0x95, 0xDD, 0xD5, 
    0x57, 0x55, 0x55, 0xD5, 0x57, 0xF5, 0xDD, 0xD7, 0x00, 0x40, 0x88, 0x02, 
    0x00, 0xAA, 0x04, 0x22, 0xBB, 0xAA, 0xEE, 0xEB, 0x00, 0x00, 0x00, 0x00, 
    0xA8, 0x40, 0xAA, 0x00, 0x00, 0x51, 0x00, 0xD5, 0x00, 0x2B, 0x00, 0xF7, 
    0x00, 0xAA, 0x00, 0x23, 0x53, 0x80, 0x5C, 0x00, 0x00, 0x00, 0x00, 0x00, 
    0x57, 0x55, 0xD9, 0xD5, 0x00, 0x11, 0x88, 0xD7, 0x10, 0x50, 0x04, 0x00, 
    0x10, 0x50, 0x40, 0x01, 0x00, 0x00, 0x04, 0x00, 0x00, 0x10, 0x00, 0x00, 
    0x00, 0x04, 0x00, 0x00, 0x00, 0x04, 0x00, 0x08, 0x00, 0x00, 0x00, 0x08, 
    0x04, 0x00, 0x00, 0x00, 0x00, 0x00, 0x00, 0x00, 0x20, 0x00, 0x80, 0x00, 
    0x20, 0x00, 0x81, 0x02, 0x00, 0x50, 0x24, 0x00, 0x00, 0x40, 0x01, 0x00, 
    0x00, 0x40, 0x01, 0x00, 0x00, 0x00, 0x00, 0x00, 0x57, 0x00, 0x00, 0x00, 
    0x00, 0x30, 0x00, 0x00, 0x28, 0x00, 0xA2, 0x00, 0x00, 0x00, 0x00, 0x00, 
    0x00, 0x80, 0x02, 0x00, 0x00, 0x80, 0x82, 0x00, 0x10, 0xA0, 0x18, 0x00, 
    0xA8, 0xEA, 0x3E, 0x2A, 0xA8, 0xEA, 0xBA, 0x2A, 0xFF, 0xFF, 0xFF, 0xFF, 
    0xFF, 0xBF, 0xEE, 0xFA, 0xFF, 0xEF, 0xEE, 0xFF, 0xA0, 0x30, 0x50, 0x00, 
    0xFF, 0xFF, 0xFF, 0xFF, 0x7F, 0x5F, 0x55, 0xF5, 0xFF, 0xFF, 0xFF, 0xFF, 
    0xD7, 0xD5, 0xD5, 0xD5, 0xD7, 0x95, 0xD5, 0xD5, 0x20, 0xC2, 0x07, 0x22, 
    0xAB, 0xEA, 0xAE, 0xEA, 0x57, 0x45, 0x40, 0xD4, 0x57, 0x45, 0x49, 0xD4, 
    0xA8, 0xAA, 0xE6, 0x2A, 0x80, 0x00, 0x00, 0x00, 0x57, 0x45, 0x58, 0xD5, 
    0x28, 0x8A, 0xAE, 0x20, 0x28, 0x8A, 0xA2, 0x20, 0xD7, 0xD5, 0xDD, 0xDD, 
    0xC3, 0x81, 0x82, 0x18, 0x00, 0x40, 0x05, 0x00, 0x03, 0x40, 0x05, 0xC1, 
    0x57, 0x45, 0x41, 0xD5, 0x57, 0x45, 0x41, 0xD5, 0x00, 0x45, 0x00, 0xD1, 
    0x00, 0x00, 0x40, 0x00, 0x00, 0xAA, 0x00, 0x22, 0xA8, 0x9A, 0xAB, 0x22, 
    0xA8, 0x8A, 0xA2, 0x22, 0x00, 0x80, 0x8A, 0x02, 0x00, 0x90, 0xCE, 0x04, 
    0x88, 0x78, 0x0C, 0x09, 0x00, 0x50, 0x00, 0x00, 0x00, 0x00, 0x01, 0x01, 
    0x00, 0x00, 0x00, 0x01, 0x00, 0x00, 0x00, 0x04, 0x20, 0x00, 0x10, 0x00, 
    0x80, 0x00, 0x00, 0x08, 0x80, 0x00, 0x00, 0x02, 0x80, 0x00, 0x00, 0x02, 
    0x00, 0xA0, 0x80, 0x00, 0x04, 0xA4, 0x89, 0xC3, 0x00, 0x40, 0x14, 0x00, 
    0xA8, 0xFA, 0xBB, 0x2A, 0xA8, 0xAA, 0xAA, 0x2A, 0xA8, 0xAA, 0xAA, 0x2A, 
    0xBF, 0xEA, 0xAA, 0x2A, 0x20, 0x00, 0x00, 0x00, 0xFF, 0x75, 0x75, 0xD5, 
    0x57, 0x55, 0x55, 0xD5, 0x57, 0x55, 0x55, 0xD5, 0xD7, 0xF5, 0xF7, 0xD5, 
    0x80, 0x80, 0xA0, 0x00, 0x88, 0xCA, 0xAF, 0x2A, 0xAB, 0xFA, 0xAF, 0xEA, 
    0x17, 0x05, 0x00, 0xD4, 0x17, 0x15, 0x00, 0xD4, 0xFF, 0xFF, 0xF4, 0xFF, 
    0x60, 0x60, 0xDB, 0x00, 0xFF, 0xFF, 0x7B, 0xFF, 0x28, 0x2A, 0x00, 0x20, 
    0x28, 0x0A, 0x00, 0x20, 0xD7, 0xF5, 0xFF, 0xDD, 0xD7, 0xD5, 0xE7, 0xDD, 
    0x00, 0xC2, 0xA5, 0x23, 0x00, 0x50, 0x04, 0x01, 0x57, 0x55, 0x55, 0xD5, 
    0x57, 0x55, 0x5F, 0xD5, 0x40, 0x00, 0x04, 0x00, 0x00, 0x00, 0x1A, 0x00, 
    0x00, 0x00, 0x00, 0x00, 0xA8, 0xAA, 0xAE, 0x22, 0xA8, 0xAA, 0x22, 0x22, 
    0x00, 0xA0, 0x88, 0x02, 0x13, 0x91, 0x8E, 0x13, 0x40, 0x00, 0x06, 0x00, 
    0x40, 0x00, 0x00, 0x00, 0x00, 0x00, 0x00, 0x01, 0x00, 0x00, 0x00, 0x01, 
    0x00, 0x15, 0x20, 0xD5, 0x40, 0x20, 0xC1, 0x00, 0x00, 0x8A, 0x19, 0x22, 
    0x80, 0x00, 0x00, 0x02, 0x80, 0x00, 0x00, 0x02, 0x00, 0x00, 0x80, 0x00, 
    0x00, 0x00, 0x89, 0x00, 0xC8, 0x18, 0x18, 0x0C, 0xE8, 0xAA, 0xBB, 0x2E, 
    0xA8, 0xAA, 0xAA, 0x2A, 0xA8, 0xAA, 0xAA, 0x2A, 0xA8, 0xAA, 0xFA, 0x2A, 
    0x00, 0x40, 0x00, 0x00, 0x57, 0x55, 0x57, 0xDD, 0x57, 0x55, 0x55, 0xD5, 
    0x57, 0xD5, 0x55, 0xD5, 0xD7, 0x55, 0xD7, 0xD5, 0xC4, 0x64, 0xC0, 0xC4, 
    0x40, 0x20, 0x21, 0x04, 0xEB, 0xAA, 0xAF, 0xEE, 0x40, 0x50, 0x55, 0x00, 
    0x40, 0x40, 0x55, 0x02, 0x57, 0x00, 0x50, 0x00, 0x00, 0x00, 0x00, 0x00, 
    0x88, 0x00, 0x20, 0x00, 0x00, 0x00, 0xAA, 0x00, 0x00, 0x20, 0x22, 0x00, 
    0xD7, 0x55, 0xDF, 0xDD, 0x90, 0x10, 0xC2, 0x08, 0xE8, 0xAA, 0xAD, 0x2A, 
    0x43, 0x00, 0x04, 0xC1, 0x00, 0x00, 0x00, 0x00, 0x00, 0x00, 0x00, 0x00, 
    0x57, 0x45, 0x55, 0xD5, 0x20, 0xB0, 0xCB, 0x00, 0x88, 0xAA, 0xAA, 0x2A, 
    0x00, 0x80, 0x00, 0x00, 0x00, 0x00, 0x00, 0x00, 0x00, 0x00, 0x88, 0x02, 
    0x17, 0x55, 0xDF, 0xD1, 0x60, 0x02, 0x04, 0x23, 0x40, 0x10, 0x01, 0x00, 
    0x40, 0x50, 0x40, 0x00, 0x00, 0x00, 0x00, 0x00, 0xA8, 0xAA, 0x8F, 0x28, 
    0x00, 0xA0, 0x08, 0x00, 0x57, 0x55, 0x46, 0xD5, 0x00, 0x00, 0x00, 0x00, 
    0x00, 0x20, 0x80, 0x00, 0x00, 0x20, 0x82, 0x00, 0x03, 0x01, 0x89, 0x12, 
    0xC0, 0x90, 0x1C, 0x04, 0xE8, 0xBA, 0xBA, 0x2E, 0xFF, 0xFF, 0xFF, 0xFF, 
    0x57, 0x55, 0x55, 0xD5, 0x00, 0xC5, 0x08, 0xD1, 0x20, 0x00, 0x83, 0x00, 
    0x00, 0x8A, 0x08, 0x22, 0xA8, 0xAA, 0xAA, 0x2A, 0xFF, 0x7F, 0xFF, 0xFF, 
    0xD7, 0x75, 0xF5, 0xD5, 0x80, 0x20, 0xB8, 0x01, 0x48, 0x08, 0x85, 0x0C, 
    0xEB, 0xBA, 0xAE, 0xEE, 0x17, 0x05, 0x14, 0xD0, 0xA8, 0xAA, 0xAA, 0x2B, 
    0xA8, 0xAA, 0xAA, 0x2E, 0x00, 0x10, 0x40, 0x00, 0x57, 0x75, 0xD5, 0xDD, 
    0xD7, 0x55, 0x55, 0xD5, 0x28, 0x0A, 0x00, 0x2A, 0xD7, 0x75, 0xFD, 0xDD, 
    0x84, 0x44, 0xAE, 0xC8, 0xE0, 0x00, 0x25, 0x01, 0x40, 0x10, 0x05, 0x01, 
    0x00, 0x00, 0x01, 0x00, 0x00, 0x00, 0x00, 0x04, 0x57, 0x00, 0x10, 0x00, 
    0x20, 0x00, 0x00, 0x00, 0xA8, 0x00, 0xA2, 0x00, 0x00, 0x00, 0x20, 0x00, 
    0x00, 0x00, 0x0A, 0x00, 0x00, 0x20, 0x8A, 0x02, 0x10, 0x00, 0x8E, 0x02, 
    0xA8, 0xEA, 0xE3, 0x2A, 0x03, 0x40, 0x01, 0xC0, 0x40, 0x51, 0x55, 0x00, 
    0x00, 0x00, 0x00, 0x00, 0x57, 0x55, 0x51, 0xD4, 0x20, 0x00, 0x7B, 0x01, 
    0xA8, 0xAA, 0xAA, 0x2A, 0x00, 0x00, 0x0C, 0x00, 0x00, 0xA0, 0xA2, 0x00, 
    0x00, 0x80, 0x02, 0x00, 0x57, 0xD5, 0x16, 0xD5, 0x00, 0x22, 0x05, 0x23, 
    0xEB, 0xAA, 0xAB, 0xEB, 0xFF, 0xFF, 0xFF, 0xFF, 0x57, 0x55, 0x55, 0xD5, 
    0xA8, 0x6A, 0xA2, 0x2A, 0x00, 0x00, 0x08, 0x00, 0x57, 0x75, 0x51, 0xD5, 
    0xA8, 0xAA, 0xAA, 0x22, 0xFF, 0xFF, 0xFF, 0xFD, 0xD7, 0x55, 0xF7, 0xD5, 
    0x03, 0x11, 0x32, 0x12, 0x00, 0x00, 0x85, 0x01, 0xEB, 0xAA, 0xAB, 0xEB, 
    0x17, 0x04, 0x00, 0xD0, 0x00, 0x00, 0x00, 0x05, 0x00, 0x15, 0x00, 0xDE, 
    0x00, 0x00, 0x50, 0x00, 0x00, 0x8A, 0x08, 0x22, 0x80, 0x00, 0x00, 0x00, 
    0x28, 0x0A, 0x00, 0x20, 0xD7, 0x55, 0xF7, 0xDD, 0x00, 0x20, 0x22, 0x0B, 
    0x08, 0xC8, 0x07, 0x08, 0x03, 0x40, 0x01, 0xC1, 0x00, 0x00, 0x00, 0x00, 
    0xA8, 0xAA, 0xAA, 0x2A, 0xA8, 0xAA, 0xEB, 0x2A, 0x00, 0x00, 0x23, 0x01, 
    0x57, 0x55, 0x55, 0xD9, 0x57, 0x55, 0x55, 0xD5, 0x00, 0x00, 0x00, 0x00, 
    0x80, 0x80, 0x82, 0x02, 0xC4, 0xC4, 0x8A, 0xC6, 0x40, 0x50, 0x05, 0x08, 
    0x40, 0x40, 0x01, 0x00, 0x57, 0x45, 0x51, 0xD1, 0x57, 0x55, 0x41, 0xD0, 
    0x17, 0x00, 0x50, 0x00, 0x00, 0x00, 0x00, 0x00, 0x28, 0x00, 0xA8, 0x00, 
    0x28, 0x8A, 0x8A, 0x20, 0xA8, 0x8A, 0x82, 0x20, 0x00, 0x80, 0x02, 0x00, 
    0x00, 0xA0, 0x02, 0x04, 0x00, 0xBA, 0x0D, 0x2B, 0xE8, 0xAA, 0xAB, 0x2B, 
    0xFF, 0xFF, 0xFF, 0xFB, 0x57, 0x55, 0x51, 0xD1, 0x57, 0x55, 0x55, 0xD5, 
    0x40, 0x80, 0x85, 0x04, 0xA8, 0x2A, 0xA8, 0x2A, 0xA8, 0xAA, 0x8A, 0x20, 
    0xFF, 0xFF, 0xD7, 0xFF, 0xD7, 0x54, 0xD7, 0xD5, 0x00, 0x55, 0x02, 0xD7, 
    0x00, 0x10, 0x05, 0x01, 0xE8, 0xAA, 0xAB, 0x2B, 0x00, 0x10, 0x04, 0x00, 
    0x00, 0x00, 0x10, 0x00, 0xE8, 0xAA, 0xAF, 0x20, 0x00, 0x80, 0x00, 0x00, 
    0x57, 0x55, 0x55, 0xD1, 0x80, 0x20, 0x00, 0x00, 0x00, 0x00, 0x00, 0x0A, 
    0xD7, 0x54, 0xD7, 0xDD, 0x00, 0x20, 0x02, 0x0A, 0x40, 0x50, 0x05, 0x00, 
    0x40, 0x40, 0x01, 0x01, 0x00, 0x00, 0x00, 0x00, 0x00, 0x00, 0x00, 0x01, 
    0xA8, 0xDF, 0x8A, 0xFD, 0x40, 0x00, 0x01, 0x04, 0x94, 0x6F, 0x41, 0x3E, 
    0x00, 0x00, 0x00, 0x00, 0x00, 0x20, 0x00, 0x00, 0x80, 0x80, 0x82, 0x02, 
    0x80, 0xA0, 0x82, 0x02, 0x00, 0xEA, 0x00, 0x23, 0x03, 0x50, 0x04, 0xC0, 
    0x47, 0x55, 0x41, 0xD0, 0x57, 0xDF, 0x15, 0xF4, 0x28, 0xAA, 0xAA, 0x22, 
    0x00, 0x00, 0x84, 0x00, 0x54, 0x55, 0x40, 0x15, 0xA8, 0xEE, 0x20, 0xFE, 
    0xA8, 0xAA, 0x82, 0x20, 0x00, 0xA0, 0x0C, 0x04, 0x00, 0xD5, 0x00, 0xD1, 
    0x00, 0x00, 0x1C, 0x05, 0xAB, 0xBA, 0xBE, 0xED, 0xFF, 0xFF, 0xFF, 0xFA, 
    0xFF, 0xFF, 0xB7, 0xF7, 0x68, 0xAB, 0xCA, 0x21, 0x3C, 0xCF, 0xFE, 0x3F, 
    0x94, 0x47, 0x80, 0x12, 0xFF, 0xEE, 0x7D, 0xFE, 0xFF, 0xFF, 0xDF, 0xF5, 
    0x57, 0x75, 0x7D, 0xD5, 0x00, 0x00, 0x20, 0x00, 0x40, 0x00, 0x14, 0x0D, 
    0xEB, 0xBA, 0xBE, 0xED, 0x00, 0x00, 0x10, 0x00, 0xA8, 0x20, 0xA2, 0x03, 
    0x00, 0x02, 0x00, 0x00, 0x80, 0x00, 0x40, 0x01, 0x03, 0x01, 0x00, 0xC0, 
    0x57, 0x00, 0x5D, 0x00, 0x00, 0x00, 0x00, 0x00, 0xD7, 0x75, 0xF9, 0xDB, 
    0x80, 0x20, 0xA0, 0x0F, 0x40, 0xCA, 0x06, 0x2B, 0x43, 0x50, 0x04, 0xC1, 
    0x10, 0x00, 0x04, 0x00, 0x00, 0x00, 0x00, 0x00, 0x00, 0x57, 0x05, 0xD7, 
    0x80, 0xEF, 0x49, 0xFF, 0x00, 0x2B, 0x08, 0x2B, 0x00, 0x00, 0x00, 0x00, 
    0x00, 0x00, 0x08, 0x00, 0x80, 0xA0, 0x88, 0x02, 0x80, 0xD5, 0x8C, 0xD7, 
    0x00, 0x50, 0x04, 0x01, 0x00, 0x50, 0x26, 0x00, 0x00, 0x00, 0x00, 0x00, 
    0x00, 0x8A, 0x52, 0x20, 0x00, 0x02, 0x01, 0x00, 0x00, 0x00, 0x01, 0x00, 
    0x00, 0x01, 0x00, 0x00, 0x00, 0x44, 0x00, 0xD4, 0x00, 0x00, 0x00, 0x00, 
    0x00, 0xA0, 0x0C, 0x00, 0x00, 0xA0, 0x00, 0x00, 0x00, 0x10, 0x16, 0x05, 
    0xA8, 0xBA, 0xB6, 0x2F, 0xA8, 0xAA, 0xAA, 0x2A, 0xA8, 0x8A, 0xFA, 0x23, 
    0x00, 0x02, 0x04, 0x00, 0x00, 0x00, 0x08, 0x00, 0x00, 0x01, 0x08, 0x00, 
    0xD7, 0x44, 0x51, 0xD4, 0x57, 0xD5, 0x55, 0xD5, 0xD7, 0x75, 0xDD, 0xD5, 
    0x00, 0x00, 0x04, 0x02, 0x40, 0x92, 0x14, 0x27, 0xEB, 0xBA, 0x94, 0xEF, 
    0x00, 0x00, 0x00, 0x00, 0xA8, 0x00, 0xA0, 0x03, 0x00, 0x55, 0x00, 0xD1, 
    0x00, 0xEF, 0x00, 0xF2, 0x40, 0x2A, 0x40, 0x22, 0x57, 0x00, 0x50, 0x00, 
    0x00, 0x00, 0x00, 0x00, 0xD7, 0x75, 0xD9, 0xDD, 0x00, 0x75, 0x00, 0xDA, 
    0x40, 0x58, 0x04, 0x01, 0x40, 0x50, 0x04, 0x01, 0x00, 0x00, 0x00, 0x00, 
    0x00, 0x00, 0x08, 0x00, 0x00, 0x00, 0x00, 0x04, 0x00, 0x00, 0x00, 0x0C, 
    0x00, 0x00, 0x00, 0x08, 0x80, 0x00, 0x01, 0x00, 0x00, 0x80, 0x00, 0x00, 
    0x80, 0xA0, 0x88, 0x02, 0x80, 0xA0, 0x80, 0x02, 0x20, 0x02, 0x00, 0x20, 
    0x54, 0x55, 0x01, 0x10, 0x00, 0x40, 0x01, 0x00, 0x00, 0x40, 0x01, 0x00, 
    0x10, 0x10, 0x41, 0x05, 0x00, 0x00, 0x00, 0x04, 0x20, 0x00, 0x08, 0x00, 
    0x00, 0x80, 0x02, 0x00, 0x00, 0x80, 0x02, 0x00, 0xA8, 0x0A, 0x00, 0x20, 
    0x13, 0x01, 0x51, 0x11, 0xFC, 0xDF, 0xD7, 0x37, 0xFC, 0xFF, 0xFB, 0x3F, 
    0xFF, 0xFF, 0xFF, 0xFF, 0xFF, 0xFF, 0xFF, 0xFF, 0xFF, 0xFF, 0xFF, 0xFF, 
    0x00, 0x30, 0x78, 0x05, 0xFF, 0xFF, 0xFF, 0xFF, 0xFF, 0xFF, 0xF7, 0xFF, 
    0x7F, 0xFF, 0xFF, 0xFF, 0xFF, 0x7F, 0xD5, 0xF5, 0xFF, 0xBF, 0xFF, 0xFF, 
    0x00, 0x00, 0x00, 0x02, 0xAB, 0xAA, 0xBA, 0xEF, 0x17, 0x55, 0x55, 0xD5, 
    0x17, 0x55, 0x05, 0xD5, 0xEF, 0xAA, 0xBC, 0x2A, 0x00, 0x10, 0x00, 0x00, 
    0xDF, 0x55, 0xD3, 0xD5, 0x28, 0xAA, 0x22, 0x2A, 0x28, 0xAA, 0x02, 0x2A, 
    0x57, 0x55, 0x55, 0xD5, 0x00, 0x10, 0x00, 0x00, 0x08, 0x08, 0x00, 0x00, 
    0x03, 0x00, 0x40, 0xC0, 0x17, 0x55, 0x55, 0xD5, 0x17, 0x55, 0x47, 0xD5, 
    0x00, 0x00, 0x00, 0x00, 0x00, 0x20, 0x28, 0x00, 0x00, 0x00, 0x00, 0x0A, 
    0x28, 0xAA, 0x2E, 0x2A, 0x28, 0xAA, 0xAA, 0x2A, 0x00, 0x20, 0x80, 0x00, 
    0x04, 0x04, 0x00, 0xC4, 0x80, 0x80, 0x83, 0x00, 0x14, 0x45, 0x01, 0x10, 
    0x00, 0x00, 0x00, 0x00, 0x00, 0x00, 0x00, 0x00, 0x00, 0x45, 0x00, 0xD0, 
    0x00, 0x00, 0x50, 0x01, 0x00, 0xAA, 0x20, 0x20, 0x00, 0x00, 0x08, 0x00, 
    0x00, 0x00, 0x08, 0x00, 0x28, 0x0A, 0x80, 0x20, 0x40, 0x00, 0x04, 0x00, 
    0x74, 0x77, 0x7C, 0x35, 0xFC, 0xFF, 0xFF, 0x3F, 0xA8, 0xAA, 0xAA, 0x2A, 
    0xA8, 0xAA, 0x6A, 0x2A, 0xB8, 0xEA, 0xAA, 0x2A, 0x00, 0x00, 0x00, 0x00, 
    0xF7, 0x75, 0x75, 0xD5, 0x57, 0x55, 0x55, 0xD5, 0x57, 0x55, 0xF5, 0xD5, 
    0xFF, 0x7F, 0xDD, 0xF5, 0xBB, 0xBB, 0xAA, 0x3E, 0xA8, 0xAA, 0xAA, 0x28, 
    0xEB, 0xBA, 0xFE, 0xEF, 0x17, 0x55, 0x01, 0xD0, 0x17, 0x45, 0x04, 0xD0, 
    0xBF, 0xEF, 0x7F, 0xFF, 0xC0, 0x70, 0xA8, 0x08, 0xFF, 0xFF, 0xFF, 0xF7, 
    0x08, 0x88, 0x08, 0x20, 0x28, 0xA8, 0x02, 0x20, 0xD7, 0x75, 0x5D, 0xD5, 
    0x57, 0x55, 0x55, 0xD4, 0x14, 0x05, 0x01, 0x10, 0x00, 0x00, 0x00, 0x00, 
    0x17, 0x55, 0x45, 0xD5, 0x17, 0x55, 0x45, 0xD5, 0x07, 0x00, 0x55, 0x00, 
    0x40, 0x50, 0x88, 0x00, 0x08, 0x00, 0x0A, 0x00, 0x28, 0x8A, 0xAA, 0x2A, 
    0x28, 0xAA, 0xAA, 0x2A, 0x00, 0x00, 0x00, 0x00, 0x28, 0x0A, 0x16, 0x20, 
    0x9C, 0x0D, 0x82, 0x18, 0x54, 0x45, 0x41, 0x10, 0x00, 0x00, 0x00, 0x00, 
    0x00, 0x00, 0x00, 0x00, 0x00, 0x00, 0x00, 0x01, 0x80, 0x00, 0x00, 0x00, 
    0x00, 0x10, 0x81, 0x00, 0x20, 0x00, 0x02, 0x00, 0x00, 0x00, 0x08, 0x00, 
    0xA8, 0x0A, 0x00, 0x20, 0x6C, 0x4E, 0x42, 0xE0, 0x00, 0x80, 0x01, 0x00, 
    0xFF, 0xFF, 0xFF, 0xFF, 0xA8, 0xAA, 0xAE, 0x2A, 0xA8, 0xAA, 0xAA, 0x2A, 
    0xA8, 0xAF, 0xAA, 0xFE, 0x00, 0x20, 0x20, 0x08, 0x57, 0xDF, 0x55, 0xF7, 
    0x57, 0x57, 0x55, 0xD5, 0x57, 0x55, 0xD5, 0xD5, 0xFF, 0x7F, 0xDD, 0xF5, 
    0x00, 0x00, 0x01, 0x00, 0x20, 0x02, 0x02, 0x20, 0xAB, 0xBA, 0xBE, 0xEF, 
    0x00, 0x00, 0x00, 0x05, 0x00, 0x10, 0x40, 0x05, 0x00, 0x10, 0x11, 0x00, 
    0x00, 0x00, 0x24, 0x00, 0x00, 0x00, 0x28, 0x00, 0x00, 0x00, 0xA0, 0x08, 
    0x00, 0x02, 0x00, 0x02, 0x57, 0x75, 0xDD, 0xD5, 0x13, 0x41, 0x10, 0x11, 
    0x3C, 0xAF, 0x2A, 0x3A, 0x00, 0x00, 0x00, 0x00, 0x00, 0x00, 0x40, 0x00, 
    0x00, 0x00, 0x01, 0x00, 0x57, 0x55, 0x51, 0xD5, 0x20, 0x33, 0x3C, 0x02, 
    0xA8, 0xAA, 0xAA, 0x28, 0x00, 0x00, 0x00, 0x02, 0x00, 0x00, 0x20, 0x08, 
    0x00, 0x00, 0x00, 0x00, 0x3F, 0x4F, 0x14, 0xF5, 0x54, 0x15, 0x7C, 0x1D, 
    0x14, 0x45, 0x01, 0x10, 0x10, 0x10, 0x40, 0x05, 0x00, 0x40, 0x04, 0x00, 
    0xFF, 0xAA, 0xEA, 0x2A, 0x20, 0x32, 0x18, 0x02, 0xDF, 0x65, 0xD6, 0xD5, 
    0x00, 0x80, 0x00, 0x00, 0x00, 0x00, 0xA0, 0x02, 0x80, 0x00, 0x00, 0x00, 
    0xA8, 0x2A, 0xA8, 0x2A, 0x08, 0x28, 0x00, 0x02, 0xBF, 0xFF, 0xBF, 0xFB, 
    0xFF, 0xFF, 0xFF, 0xFF, 0x17, 0x55, 0x55, 0xD5, 0x00, 0x01, 0x00, 0x01, 
    0x00, 0x01, 0x00, 0x00, 0x20, 0x10, 0x01, 0x08, 0x28, 0xAA, 0xAA, 0x2A, 
    0xFF, 0xFF, 0xFF, 0xF7, 0xD7, 0x55, 0x55, 0xD5, 0x04, 0x04, 0x04, 0xC4, 
    0x00, 0x80, 0x00, 0x00, 0xA8, 0xAA, 0xAA, 0x2A, 0x07, 0x05, 0x00, 0xD0, 
    0xA8, 0xAA, 0xAA, 0x2A, 0xA8, 0xEE, 0xAA, 0xFE, 0x00, 0x00, 0x00, 0x00, 
    0x57, 0xDF, 0x55, 0xF5, 0x57, 0x55, 0x5D, 0xD5, 0x28, 0x2A, 0x02, 0x20, 
    0x57, 0x55, 0x55, 0xD5, 0x80, 0x20, 0xA8, 0x0A, 0x60, 0x12, 0x54, 0x25, 
    0x00, 0x10, 0x14, 0x01, 0x00, 0x00, 0x11, 0x00, 0x00, 0x00, 0x00, 0x00, 
    0x00, 0x00, 0x00, 0x01, 0x00, 0x20, 0x00, 0x00, 0x20, 0x20, 0x00, 0x00, 
    0x00, 0x00, 0x00, 0x00, 0x00, 0x00, 0x00, 0x00, 0x00, 0x00, 0x00, 0x00, 
    0x13, 0x01, 0x10, 0x11, 0xE8, 0xFA, 0xFF, 0x2F, 0x17, 0x05, 0x10, 0xD5, 
    0x00, 0x00, 0x40, 0x05, 0x00, 0x40, 0x01, 0x00, 0x57, 0x55, 0x55, 0xD5, 
    0x20, 0xB0, 0x3B, 0x01, 0xA8, 0xAA, 0xA2, 0x2A, 0x00, 0x80, 0x00, 0x00, 
    0x00, 0x00, 0x20, 0x02, 0x80, 0x20, 0x08, 0x00, 0xD7, 0x75, 0x5D, 0xD5, 
    0x80, 0x00, 0x82, 0x00, 0xBF, 0xBF, 0xBA, 0xFF, 0xFF, 0xFF, 0xFF, 0xFF, 
    0x57, 0x55, 0x55, 0xD5, 0xEF, 0xBA, 0xEE, 0x2A, 0x00, 0x80, 0x22, 0x00, 
    0xDF, 0x45, 0xD4, 0xD5, 0x28, 0xAA, 0xAA, 0x2A, 0xFF, 0xFF, 0xFF, 0xF7, 
    0x97, 0x75, 0x5D, 0xD5, 0x40, 0x10, 0x03, 0x00, 0x08, 0x88, 0x09, 0x00, 
    0xAB, 0xAA, 0xAA, 0xEA, 0x17, 0x05, 0x04, 0xD0, 0x00, 0x00, 0x00, 0x00, 
    0x10, 0x00, 0x00, 0x00, 0x00, 0x00, 0x10, 0x00, 0x10, 0x80, 0x22, 0x02, 
    0x00, 0x00, 0x08, 0x00, 0x28, 0x2A, 0x82, 0x20, 0x17, 0x55, 0x55, 0xD5, 
    0x04, 0x84, 0x00, 0xC4, 0x54, 0x75, 0x75, 0x1F, 0x00, 0x10, 0x00, 0x00, 
    0x00, 0x10, 0x10, 0x00, 0xE8, 0xAA, 0xAA, 0x2A, 0xA8, 0xEF, 0xBB, 0xFE, 
    0x20, 0x10, 0x09, 0x01, 0x57, 0x5F, 0x55, 0xFD, 0x57, 0x55, 0x55, 0xD5, 
    0x00, 0x00, 0x00, 0x00, 0x28, 0xAA, 0xAA, 0x2A, 0xA8, 0xEA, 0xEE, 0x2A, 
    0x40, 0xE8, 0x00, 0x20, 0x40, 0x10, 0x54, 0x05, 0x17, 0x55, 0x44, 0xD5, 
    0x17, 0x55, 0x54, 0xD5, 0x10, 0x00, 0x00, 0x01, 0x80, 0x00, 0x00, 0x00, 
    0x20, 0x00, 0x00, 0x00, 0x28, 0x0A, 0x20, 0x2A, 0xA8, 0x8A, 0x20, 0x28, 
    0x00, 0x00, 0x00, 0x00, 0x00, 0x55, 0x02, 0xD5, 0x88, 0xAA, 0xA8, 0x2A, 
    0xE8, 0xBA, 0xFE, 0x2F, 0xFF, 0xFF, 0xEF, 0xFF, 0x17, 0x55, 0x54, 0xD5, 
    0x57, 0x55, 0x54, 0xD5, 0xC1, 0x03, 0x71, 0x03, 0x28, 0xAA, 0x2A, 0x2A, 
    0xA8, 0xAA, 0xA8, 0x2A, 0xFF, 0xFF, 0xF5, 0xFD, 0x17, 0x45, 0x55, 0xD5, 
    0x47, 0x55, 0x51, 0xD5, 0x14, 0x15, 0x54, 0x15, 0xA8, 0xAA, 0xAA, 0x2A, 
    0x40, 0x00, 0x00, 0x00, 0x00, 0x00, 0x00, 0x00, 0xAE, 0xAA, 0xBE, 0x2A, 
    0x40, 0x00, 0x01, 0x00, 0x4F, 0x55, 0x5F, 0xD7, 0x00, 0xA0, 0x08, 0x00, 
    0x00, 0x20, 0x00, 0x00, 0x17, 0x45, 0x57, 0xD5, 0xA8, 0x2A, 0xA8, 0x2A, 
    0x9C, 0x55, 0xFC, 0x15, 0x03, 0x00, 0x00, 0xC0, 0x00, 0x00, 0x01, 0x00, 
    0x00, 0x00, 0x00, 0x00, 0x01, 0xA1, 0xE2, 0x0A, 0x01, 0x03, 0x60, 0x00, 
    0x40, 0x52, 0x74, 0x0D, 0x80, 0x00, 0x80, 0x00, 0x00, 0x00, 0x80, 0x00, 
    0x28, 0xAA, 0xA8, 0x2A, 0xEF, 0x2A, 0xF8, 0x2A, 0x54, 0x15, 0x54, 0x1F, 
    0x03, 0x00, 0x00, 0xC0, 0x17, 0x55, 0x44, 0xD5, 0x5F, 0xFD, 0x75, 0xF5, 
    0xC0, 0xD4, 0xA8, 0xDE, 0x00, 0x00, 0x10, 0x03, 0x40, 0xE8, 0x55, 0x25, 
    0x6F, 0x8F, 0xC0, 0xF5, 0x28, 0x8A, 0xE8, 0x2A, 0x00, 0x00, 0x04, 0x00, 
    0xA8, 0x2A, 0xA8, 0x2A, 0x00, 0x02, 0x00, 0x00, 0xFF, 0xFF, 0x7F, 0xFF, 
    0xFF, 0xFF, 0xFE, 0xFF, 0x7F, 0xFD, 0xF7, 0xF7, 0x94, 0xC5, 0xA9, 0x1A, 
    0x80, 0x80, 0xF5, 0x0F, 0x40, 0x00, 0x55, 0x05, 0xFF, 0xBF, 0xFD, 0xFF, 
    0x7F, 0xFF, 0xFD, 0xFF, 0x7F, 0x5F, 0x57, 0xF5, 0x80, 0x20, 0x09, 0x00, 
    0x54, 0xAF, 0x54, 0x35, 0xAB, 0xAA, 0x2A, 0xEA, 0x40, 0x00, 0x00, 0x00, 
    0x20, 0x00, 0x82, 0x02, 0x00, 0x00, 0x00, 0x04, 0x00, 0x10, 0x50, 0x00, 
    0x03, 0x00, 0x00, 0xC0, 0x10, 0x10, 0x1D, 0x00, 0x00, 0x20, 0x00, 0x00, 
    0x7F, 0x5F, 0x13, 0xF5, 0xA8, 0xFB, 0xAA, 0xFF, 0xA8, 0xAA, 0xAA, 0x2A, 
    0x03, 0x00, 0x01, 0xC0, 0x00, 0x00, 0x10, 0x00, 0x00, 0x00, 0x00, 0x00, 
    0x47, 0x45, 0x54, 0xD5, 0xCF, 0xFF, 0xFE, 0xFF, 0x88, 0x2A, 0xAA, 0x2A, 
    0x80, 0x20, 0x20, 0x0A, 0x00, 0x00, 0x00, 0x00, 0x00, 0x00, 0x00, 0x00, 
    0x47, 0x55, 0x55, 0xD5, 0x00, 0x00, 0x00, 0x00, 0x54, 0x55, 0x54, 0x15, 
    0x00, 0x00, 0x00, 0x00, 0x28, 0xA8, 0x62, 0x20, 0x00, 0x00, 0x40, 0x00, 
    0x00, 0x00, 0x00, 0x00, 0x00, 0x00, 0x00, 0x00, 0x47, 0x01, 0x44, 0xD5, 
    0x00, 0x00, 0x40, 0x00, 0x00, 0x00, 0x00, 0x00, 0x00, 0x84, 0x02, 0x00, 
    0xFC, 0x05, 0xFE, 0x15, 0xA8, 0xBA, 0xAA, 0x2A, 0xA8, 0xBA, 0xEA, 0x0E, 
    0x28, 0xA8, 0xF2, 0x22, 0xC7, 0x02, 0x94, 0x02, 0xCF, 0x00, 0xAE, 0x00, 
    0x88, 0x00, 0xA8, 0x00, 0x57, 0x15, 0x55, 0xD5, 0x57, 0xF5, 0x57, 0xD5, 
    0x57, 0x75, 0x5D, 0xD5, 0x6F, 0x0A, 0xB4, 0x2A, 0x54, 0x45, 0x54, 0x1F, 
    0xAB, 0xBA, 0xAA, 0xCA, 0x00, 0x00, 0x40, 0x00, 0x00, 0x00, 0x90, 0x02, 
    0x00, 0x02, 0x00, 0x00, 0x00, 0x00, 0x00, 0x0A, 0x00, 0x00, 0x02, 0x0A, 
    0x10, 0x10, 0x11, 0x00, 0x00, 0xA0, 0x02, 0x00, 0xD7, 0x75, 0x1D, 0xD5, 
    0x28, 0x8A, 0xA0, 0x2A, 0x14, 0x45, 0x01, 0x10, 0x00, 0x00, 0x00, 0x00, 
    0x00, 0x10, 0x00, 0x04, 0x00, 0x00, 0x00, 0x00, 0x00, 0x45, 0x00, 0xD1, 
    0x00, 0xEF, 0x00, 0xF5, 0x00, 0x2A, 0x00, 0x20, 0x00, 0x04, 0x00, 0x00, 
    0x00, 0x00, 0x00, 0x00, 0x80, 0x00, 0x00, 0x00, 0x00, 0x00, 0x43, 0x00, 
    0x20, 0x42, 0x41, 0x20, 0x00, 0x50, 0x05, 0x00, 0x00, 0x40, 0x01, 0x00, 
    0x00, 0x00, 0x00, 0x00, 0x00, 0x00, 0x14, 0x00, 0x00, 0x00, 0x00, 0x00, 
    0x00, 0x00, 0x08, 0x00, 0x00, 0x00, 0x00, 0x00, 0x00, 0x80, 0x02, 0x00, 
    0x00, 0xA0, 0x0A, 0x00, 0x53, 0x91, 0x0E, 0x15, 0xE8, 0xAA, 0x7B, 0x2C, 
    0xE8, 0xBA, 0xFE, 0x2F, 0xFF, 0xFF, 0xFF, 0xFF, 0xFF, 0xA7, 0xFE, 0xFF, 
    0xFF, 0xEF, 0xFF, 0xFF, 0x00, 0x30, 0xFC, 0x00, 0xFF, 0xFF, 0xFF, 0xFF, 
    0x7F, 0x7F, 0xDD, 0xF5, 0x7F, 0xFF, 0xFF, 0xFF, 0x57, 0x75, 0x5D, 0xD5, 
    0x57, 0x55, 0x47, 0xD5, 0x00, 0x00, 0x64, 0x04, 0xAB, 0xAA, 0xAE, 0xEF, 
    0x17, 0x05, 0x11, 0xD1, 0x17, 0x05, 0x55, 0xD1, 0xBF, 0xA2, 0xEB, 0x2A, 
    0x00, 0x00, 0x00, 0x00, 0x7F, 0x55, 0x57, 0xD5, 0x28, 0x0A, 0xAA, 0x20, 
    0x28, 0xAA, 0x82, 0x20, 0x57, 0x55, 0x5D, 0xD5, 0x00, 0x00, 0x09, 0x02, 
    0xC8, 0xE8, 0x48, 0x00, 0x03, 0x40, 0x05, 0xC1, 0x17, 0x45, 0x55, 0xD5, 
    0x17, 0x45, 0x55, 0xD5, 0x40, 0x00, 0x00, 0x45, 0x00, 0x30, 0xF4, 0x00, 
    0x80, 0x20, 0x00, 0x0A, 0x28, 0x0A, 0xAA, 0x22, 0x28, 0xAA, 0xAA, 0x22, 
    0x00, 0x80, 0x0A, 0x00, 0x04, 0xC4, 0x48, 0xC2, 0x40, 0x40, 0x43, 0x09, 
    0x00, 0x50, 0x04, 0x00, 0x00, 0x40, 0x04, 0x04, 0x20, 0x40, 0x00, 0x04, 
    0x00, 0x45, 0x00, 0x90, 0x00, 0x00, 0x08, 0x00, 0x00, 0x8A, 0xA0, 0x20, 
    0x00, 0x04, 0x00, 0x00, 0x00, 0x00, 0x00, 0x00, 0x00, 0xA0, 0x08, 0x02, 
    0x80, 0x80, 0x02, 0x00, 0x60, 0x12, 0x59, 0x25, 0xE8, 0xBA, 0xFF, 0x2F, 
    0xA8, 0xAA, 0xEA, 0x2A, 0xA8, 0xAA, 0xAA, 0x2A, 0xA8, 0xBA, 0xEA, 0x2A, 
    0x00, 0x00, 0x02, 0x00, 0x57, 0x75, 0x57, 0xD7, 0x57, 0x55, 0x55, 0xD7, 
    0x57, 0x55, 0x7D, 0xD7, 0x57, 0x75, 0x5F, 0xDF, 0x93, 0x01, 0x42, 0x18, 
    0xE8, 0xBA, 0xEE, 0x2E, 0xAB, 0xAA, 0xAF, 0xEF, 0x11, 0x15, 0x01, 0xD0, 
    0x17, 0x01, 0x01, 0xD4, 0xDF, 0xFF, 0xFF, 0xFF, 0xC0, 0x30, 0xFF, 0x02, 
    0x7F, 0xFB, 0xFF, 0xFF, 0x28, 0x0A, 0x0A, 0x28, 0x28, 0x8A, 0x0A, 0x20, 
    0xD7, 0x55, 0x5F, 0xDD, 0x97, 0x45, 0x59, 0xDF, 0xC0, 0x40, 0x46, 0x00, 
    0x00, 0x40, 0x04, 0x01, 0x17, 0x55, 0x55, 0xD5, 0x17, 0x45, 0x15, 0xD5, 
    0x17, 0x00, 0x00, 0x00, 0x40, 0x00, 0xCD, 0x00, 0x28, 0x00, 0x00, 0x08, 
    0x28, 0x2A, 0xAA, 0x2A, 0x28, 0xAA, 0xAA, 0x2A, 0x80, 0x80, 0x08, 0x00, 
    0x80, 0x80, 0x08, 0x03, 0x08, 0xD8, 0x61, 0x0A, 0x00, 0x50, 0x00, 0x00, 
    0x00, 0x00, 0x40, 0x00, 0x00, 0x00, 0x00, 0x00, 0x00, 0x00, 0x00, 0x40, 
    0x00, 0x10, 0x10, 0x02, 0x00, 0x10, 0x89, 0x00, 0x00, 0x00, 0x00, 0x00, 
    0x00, 0x00, 0x20, 0x00, 0x00, 0xA0, 0x00, 0x00, 0x04, 0xA4, 0x1B, 0xC6, 
    0x40, 0x20, 0xD1, 0x00, 0xEB, 0xBA, 0xFB, 0xEB, 0xA8, 0xAA, 0xAE, 0x2A, 
    0xA8, 0xEA, 0xAA, 0x2A, 0xE8, 0xEF, 0xBF, 0xBF, 0x80, 0x20, 0x20, 0x00, 
    0x57, 0xDF, 0x75, 0xF5, 0x57, 0x71, 0x55, 0xD5, 0x57, 0x55, 0x55, 0xD5, 
    0x57, 0x75, 0x77, 0xD5, 0x80, 0x60, 0x22, 0x02, 0xA0, 0x22, 0xE4, 0x2A, 
    0xAB, 0xAA, 0xAB, 0xEA, 0x06, 0x00, 0x10, 0x05, 0x00, 0x04, 0x10, 0x01, 
    0x00, 0x00, 0x00, 0x00, 0x00, 0x40, 0x00, 0x00, 0x00, 0x08, 0x00, 0x00, 
    0x00, 0x00, 0xA0, 0x02, 0x00, 0x00, 0x80, 0x0A, 0x57, 0x55, 0x77, 0xD5, 
    0x13, 0x21, 0x38, 0x12, 0xE8, 0xFA, 0xE0, 0x2A, 0x40, 0x40, 0x40, 0x01, 
    0x00, 0x40, 0x00, 0x00, 0x00, 0x00, 0x04, 0x00, 0x57, 0x15, 0x51, 0xD5, 
    0x20, 0x44, 0x9C, 0x02, 0xA8, 0xAA, 0xA2, 0x2A, 0x00, 0x00, 0x00, 0x00, 
    0x00, 0x20, 0x00, 0x00, 0x00, 0x80, 0x00, 0x00, 0xD7, 0xF5, 0x1C, 0xD6, 
    0x40, 0xD0, 0x41, 0x01, 0x00, 0x50, 0x01, 0x00, 0x00, 0x00, 0x10, 0x01, 
    0x00, 0x00, 0x00, 0x00, 0xEF, 0xAA, 0xEB, 0x2A, 0x20, 0x00, 0x08, 0x02, 
    0xFF, 0x41, 0x76, 0xD5, 0x00, 0x20, 0x00, 0x00, 0x00, 0x00, 0x80, 0x0A, 
    0x00, 0xA0, 0x02, 0x02, 0x00, 0xA0, 0x02, 0x02, 0x48, 0x18, 0x51, 0x01, 
    0xEB, 0xBA, 0xFA, 0xEB, 0xFF, 0xFF, 0xFF, 0xFF, 0x17, 0x45, 0x55, 0xD1, 
    0x10, 0x94, 0x0A, 0x41, 0x00, 0x04, 0x90, 0x00, 0x00, 0x50, 0x05, 0x02, 
    0x28, 0x2A, 0x8A, 0x2A, 0xFF, 0xFF, 0xFF, 0xFF, 0x57, 0x75, 0x75, 0xDF, 
    0x84, 0x24, 0x26, 0xCA, 0x40, 0x10, 0x44, 0x00, 0xA8, 0xAA, 0xAA, 0x2B, 
    0x17, 0x05, 0x40, 0xD0, 0xA8, 0xAA, 0xAA, 0x2A, 0xA8, 0xAB, 0xBA, 0xBE, 
    0x00, 0x00, 0x04, 0x00, 0x57, 0xF7, 0xD5, 0xFD, 0x57, 0x55, 0x55, 0xD5, 
    0x28, 0x0A, 0x00, 0x20, 0xD7, 0x55, 0x75, 0xDD, 0x40, 0x70, 0x28, 0x0E, 
    0x60, 0x52, 0x46, 0x20, 0x00, 0x40, 0x01, 0x01, 0x00, 0x00, 0x05, 0x00, 
    0x00, 0x40, 0x00, 0x00, 0x10, 0x00, 0x04, 0x01, 0x10, 0x10, 0x00, 0x00, 
    0x00, 0x80, 0x00, 0x00, 0x00, 0x00, 0x00, 0x00, 0x00, 0x00, 0x0A, 0x00, 
    0x80, 0x80, 0x02, 0x00, 0x93, 0xA1, 0x08, 0x12, 0x28, 0xCA, 0xCB, 0x2A, 
    0x03, 0x40, 0x20, 0xC0, 0x00, 0x00, 0x10, 0x00, 0x00, 0x50, 0x05, 0x00, 
    0x57, 0x15, 0x15, 0xD5, 0x10, 0xD0, 0xF7, 0x09, 0x88, 0xAA, 0x0A, 0x2A, 
    0x00, 0xA0, 0x00, 0x00, 0x00, 0x00, 0x80, 0x0A, 0x00, 0x80, 0x00, 0x04, 
    0x57, 0xD5, 0x57, 0xD4, 0x40, 0x10, 0x51, 0x03, 0xEB, 0xFA, 0xEB, 0xEB, 
    0xFF, 0xFF, 0xBF, 0xFF, 0x17, 0x55, 0x55, 0xD5, 0xEF, 0x3A, 0xA1, 0x2A, 
    0x00, 0x00, 0xE2, 0x00, 0xDF, 0x05, 0x58, 0xDD, 0x28, 0xA8, 0xAA, 0x2A, 
    0xFF, 0xFF, 0xF7, 0xFF, 0x57, 0xD5, 0x57, 0xD7, 0x00, 0x40, 0x1E, 0x0E, 
    0x08, 0x88, 0xD8, 0x08, 0xAB, 0xAA, 0x8B, 0xEB, 0x17, 0x05, 0x00, 0xD0, 
    0x00, 0x00, 0x00, 0x00, 0x00, 0x00, 0x00, 0x40, 0x00, 0x00, 0x15, 0x00, 
    0x00, 0x00, 0x00, 0x00, 0x00, 0x00, 0x00, 0x00, 0x28, 0x08, 0x02, 0x20, 
    0x17, 0x55, 0x57, 0xD1, 0x44, 0x14, 0x00, 0xCA, 0x40, 0x50, 0x50, 0x04, 
    0x00, 0x10, 0x10, 0x05, 0x00, 0x00, 0x00, 0x04, 0xA8, 0xAA, 0xAA, 0x2B, 
    0xA8, 0xAF, 0xBA, 0xBE, 0x00, 0xC0, 0x00, 0x09, 0x57, 0x7F, 0x57, 0xF7, 
    0x57, 0x55, 0x55, 0xD5, 0x40, 0x00, 0x20, 0x00, 0x00, 0x20, 0x20, 0x08, 
    0x00, 0xA0, 0x61, 0x0A, 0x40, 0xEA, 0x41, 0x22, 0x00, 0x00, 0x01, 0x00, 
    0x17, 0x05, 0x45, 0xD4, 0x57, 0x55, 0x51, 0xD1, 0x00, 0x00, 0x00, 0x00, 
    0x00, 0x00, 0x00, 0x00, 0x00, 0x00, 0x80, 0x00, 0x28, 0x8A, 0xA2, 0x20, 
    0x28, 0x8A, 0x2A, 0x2A, 0x00, 0x00, 0x02, 0x04, 0x80, 0xC5, 0x02, 0xD5, 
    0xE8, 0xBA, 0xFB, 0x2B, 0xE8, 0xBA, 0xEA, 0x2B, 0xBF, 0xBF, 0xFF, 0xFE, 
    0x57, 0x55, 0x51, 0xD5, 0x57, 0x55, 0x55, 0xD5, 0x40, 0x18, 0x90, 0x01, 
    0xA8, 0xAA, 0xAA, 0x2A, 0xA8, 0xAA, 0xA2, 0x20, 0x7F, 0xDF, 0x7F, 0xFF, 
    0x57, 0x55, 0x55, 0xD7, 0xD7, 0x55, 0x5F, 0xDF, 0x40, 0x00, 0x50, 0x00, 
    0xA8, 0xEA, 0xAA, 0x2B, 0x00, 0x00, 0x10, 0x00, 0x00, 0x00, 0x00, 0x04, 
    0xFF, 0xBB, 0xEF, 0x2A, 0x40, 0x08, 0x00, 0x00, 0xFF, 0x55, 0x7F, 0xD5, 
    0x80, 0x20, 0x00, 0x00, 0x00, 0x00, 0x00, 0x00, 0xD7, 0xD5, 0x55, 0xD1, 
    0x80, 0x00, 0x08, 0x0A, 0xE8, 0x50, 0xF0, 0x0C, 0x03, 0x50, 0x11, 0xC5, 
    0x00, 0x10, 0x00, 0x00, 0x00, 0x00, 0x00, 0x00, 0xA8, 0xAA, 0x88, 0x63, 
    0x00, 0x00, 0x10, 0x01, 0x54, 0x45, 0x11, 0x18, 0x00, 0x00, 0x00, 0x00, 
    0x00, 0x00, 0x00, 0x00, 0x80, 0xA0, 0x22, 0x08, 0xD7, 0xA0, 0x34, 0x0A, 
    0x00, 0x40, 0x45, 0x00, 0x03, 0x00, 0x05, 0xC0, 0x17, 0x45, 0x40, 0xD0, 
    0x3F, 0xCF, 0xDA, 0xF0, 0xA8, 0xEE, 0xB0, 0xBC, 0x00, 0x10, 0x80, 0x00, 
    0x14, 0xFF, 0x40, 0x32, 0xF9, 0xAB, 0x21, 0xFB, 0x28, 0x8A, 0x6A, 0x20, 
    0x00, 0x00, 0x0A, 0x00, 0x00, 0x90, 0x0A, 0x00, 0x40, 0x00, 0x4B, 0x01, 
    0xEB, 0xAA, 0xEA, 0xEB, 0xBF, 0xEF, 0xFF, 0xFA, 0x3F, 0xFF, 0xFA, 0xF8, 
    0xE8, 0xAB, 0xE2, 0x21, 0x7C, 0xCF, 0x04, 0x3F, 0xD4, 0x57, 0xD0, 0x17, 
    0xF9, 0xBB, 0x61, 0xFF, 0xFF, 0xFF, 0xFF, 0xF5, 0x57, 0x55, 0x51, 0xD7, 
    0x80, 0x00, 0x4B, 0x02, 0x00, 0x9A, 0x54, 0x26, 0xAB, 0xFA, 0xBE, 0xEE, 
    0x00, 0x00, 0x10, 0x00, 0x00, 0x30, 0x00, 0x08, 0x00, 0x42, 0x00, 0x00, 
    0x80, 0x00, 0x00, 0x00, 0x03, 0x03, 0x00, 0xC2, 0x00, 0x10, 0x40, 0x04, 
    0x80, 0x00, 0x80, 0x00, 0x57, 0xF5, 0x39, 0xDD, 0x00, 0x31, 0x28, 0x9F, 
    0xC8, 0xFA, 0xFE, 0x2E, 0x43, 0x50, 0x55, 0xC5, 0x00, 0x00, 0x05, 0x00, 
    0x00, 0x00, 0x20, 0x00, 0x47, 0x57, 0x51, 0xD7, 0xFF, 0xFF, 0xEF, 0xFF, 
    0xA8, 0xAB, 0x2A, 0x2A, 0x00, 0x00, 0x00, 0x00, 0x00, 0x20, 0x00, 0x00, 
    0x00, 0xA0, 0x2A, 0x08, 0xD7, 0xF1, 0x7D, 0xDF, 0xC0, 0x40, 0x45, 0x00, 
    0x00, 0x40, 0x04, 0x00, 0x20, 0x00, 0x04, 0x04, 0x08, 0x8A, 0x9A, 0x20, 
    0x80, 0x02, 0x00, 0x04, 0x00, 0x20, 0x00, 0x04, 0x00, 0x01, 0x00, 0x00, 
    0x51, 0x01, 0x01, 0xD1, 0x00, 0x00, 0x80, 0x00, 0x00, 0x80, 0x08, 0x00, 
    0x00, 0xC0, 0x0A, 0x00, 0x48, 0x30, 0xF9, 0x09, 0xE8, 0xF8, 0xE3, 0x2B, 
    0xB8, 0xEA, 0xAE, 0x2E, 0xE8, 0xAA, 0xBA, 0x2C, 0x47, 0x02, 0x51, 0x00, 
    0x3F, 0x00, 0xEF, 0x08, 0xA8, 0x01, 0x2A, 0x08, 0xD1, 0x75, 0x41, 0xD5, 
    0x57, 0x57, 0xD5, 0xD7, 0x57, 0xD5, 0x17, 0xD2, 0xD7, 0x00, 0x1F, 0x0A, 
    0x40, 0x00, 0x50, 0x00, 0x8B, 0xA8, 0xA3, 0xEB, 0x10, 0x40, 0x00, 0x00, 
    0x40, 0x20, 0x00, 0x08, 0x00, 0x00, 0x80, 0x40, 0x00, 0x10, 0x00, 0x40, 
    0x00, 0x00, 0x00, 0x01, 0x80, 0x50, 0x40, 0x04, 0x00, 0x00, 0x00, 0x02, 
    0xD7, 0x55, 0x17, 0xD0, 0x00, 0x00, 0x08, 0x4A, 0x40, 0x50, 0x56, 0x04, 
    0x00, 0x10, 0x14, 0x05, 0x00, 0x00, 0x00, 0x00, 0xA0, 0x00, 0x20, 0x04, 
    0x00, 0x15, 0x00, 0x91, 0x40, 0xCF, 0x00, 0xB3, 0x00, 0xA8, 0x00, 0x20, 
    0x00, 0x24, 0x00, 0x00, 0x00, 0x02, 0x00, 0x00, 0x80, 0x20, 0x28, 0x08, 
    0x80, 0xA0, 0x68, 0x0A, 0x04, 0x52, 0x10, 0x04, 0x14, 0x50, 0x00, 0x04, 
    0x00, 0x00, 0x01, 0x00, 0x00, 0x00, 0x00, 0x00, 0x10, 0x00, 0x00, 0x00, 
    0x10, 0x00, 0x00, 0x04, 0x00, 0x80, 0x80, 0x00, 0x00, 0x00, 0x00, 0x00, 
    0x00, 0x00, 0x02, 0x00, 0x28, 0xA0, 0x00, 0x08, 0x08, 0xB1, 0x20, 0x0B, 
    0xBC, 0x8A, 0xFB, 0x2A, 0xBC, 0xEA, 0xEB, 0x2A, 0xFF, 0xFF, 0xFF, 0xFF, 
    0xEB, 0xAA, 0xBE, 0xFB, 0xFF, 0xBF, 0xFB, 0xFE, 0x30, 0xD8, 0x8A, 0x07, 
    0xFF, 0xFF, 0xFF, 0xFF, 0xD7, 0x55, 0x55, 0xF5, 0xFF, 0xFF, 0xFF, 0xFF, 
    0x7F, 0xD5, 0x57, 0xDD, 0x6F, 0x55, 0x77, 0xDD, 0x20, 0x00, 0x43, 0x28, 
    0xAB, 0xEA, 0xEB, 0xEA, 0x47, 0x40, 0x50, 0xD4, 0x47, 0x00, 0x55, 0xD5, 
    0xEF, 0xBA, 0xF3, 0x2E, 0x20, 0x08, 0x8A, 0x01, 0xFF, 0x5D, 0x7B, 0xD7, 
    0x80, 0xA0, 0x2E, 0x2A, 0x80, 0x20, 0x8A, 0x20, 0x57, 0xD7, 0x57, 0xDD, 
    0x03, 0x02, 0x03, 0x18, 0x08, 0x58, 0x40, 0x04, 0x03, 0x50, 0x00, 0xC4, 
    0x47, 0x40, 0x54, 0xD5, 0x57, 0x10, 0x5D, 0xD5, 0x00, 0x00, 0x00, 0x00, 
    0x00, 0x10, 0x00, 0x02, 0x00, 0x00, 0x00, 0x00, 0x80, 0xA0, 0xAA, 0x2A, 
    0x80, 0x20, 0xAA, 0x2A, 0x00, 0xA2, 0x00, 0x08, 0x00, 0xA2, 0x80, 0x0C, 
    0x84, 0xC1, 0xB8, 0x06, 0x04, 0x01, 0x00, 0x04, 0x00, 0x00, 0x00, 0x01, 
    0x00, 0x10, 0x00, 0x00, 0x00, 0x05, 0x00, 0xD0, 0x00, 0xC0, 0x00, 0x00, 
    0x00, 0x22, 0x00, 0x28, 0x00, 0x00, 0x80, 0x00, 0x00, 0x00, 0x20, 0x00, 
    0x08, 0x00, 0x20, 0x08, 0x4C, 0xC4, 0x74, 0xC8, 0x24, 0x01, 0xDB, 0x06, 
    0xAC, 0xAB, 0xFB, 0x2E, 0xA8, 0xAA, 0xAE, 0x2A, 0xB8, 0xAA, 0xAA, 0x2A, 
    0xA8, 0xBE, 0xAA, 0x2E, 0x00, 0x2C, 0x02, 0x00, 0x57, 0x75, 0xD7, 0xD7, 
    0x57, 0x45, 0x15, 0xD1, 0x57, 0x55, 0x55, 0xDF, 0x5F, 0x55, 0x57, 0xDD, 
    0x18, 0x01, 0x22, 0x0C, 0xA8, 0xA3, 0xEB, 0x2E, 0xAB, 0xAB, 0xFB, 0xEE, 
    0x45, 0x00, 0x00, 0xD0, 0x47, 0x00, 0x00, 0xD0, 0xFF, 0xFF, 0xFB, 0xFF, 
    0x30, 0x3C, 0x9B, 0x07, 0xFF, 0xE7, 0xB7, 0xFB, 0x80, 0x08, 0x22, 0x20, 
    0x88, 0x20, 0x0A, 0x20, 0x57, 0x57, 0x57, 0xDD, 0x57, 0x53, 0x47, 0xDD, 
    0x00, 0x63, 0x60, 0x24, 0x00, 0x01, 0x00, 0x04, 0x47, 0x00, 0x51, 0xD5, 
    0x57, 0x10, 0x51, 0xD5, 0x47, 0x00, 0x50, 0x01, 0x20, 0x00, 0x11, 0x06, 
    0x88, 0x00, 0x20, 0x00, 0x80, 0xAA, 0xAA, 0x2A, 0x88, 0xA0, 0xAA, 0x2A, 
    0x00, 0x02, 0x20, 0x08, 0x03, 0x92, 0x81, 0x19, 0x04, 0x54, 0x00, 0x04, 
    0x14, 0x54, 0x40, 0x04, 0x00, 0x00, 0x00, 0x00, 0x00, 0x00, 0x00, 0x00, 
    0x00, 0x00, 0x00, 0x00, 0x10, 0x10, 0x80, 0x01, 0x20, 0x00, 0x00, 0x00, 
    0x00, 0x20, 0x80, 0x00, 0x00, 0x00, 0x00, 0x00, 0x28, 0xA8, 0x80, 0x08, 
    0x0C, 0xA8, 0x44, 0x08, 0x9C, 0x80, 0x41, 0x08, 0xBC, 0xEA, 0xEB, 0x2A, 
    0xA8, 0xAA, 0xAA, 0x2A, 0xB8, 0xAA, 0xAA, 0x2A, 0xB8, 0xEB, 0xAB, 0xFA, 
    0x00, 0x00, 0x08, 0x00, 0x57, 0xD7, 0x55, 0xFD, 0x57, 0xD5, 0x55, 0xD5, 
    0x57, 0x55, 0xD5, 0xD7, 0x7F, 0xD5, 0x57, 0xD5, 0x68, 0x40, 0x02, 0xC0, 
    0x10, 0x82, 0x41, 0x00, 0xAB, 0xEA, 0xEB, 0xEA, 0x02, 0x00, 0x51, 0x01, 
    0x00, 0x10, 0x50, 0x00, 0x40, 0x00, 0x10, 0x00, 0x40, 0x00, 0x1C, 0x08, 
    0x00, 0x00, 0x00, 0x08, 0x00, 0x02, 0x08, 0x08, 0x00, 0x00, 0x20, 0x08, 
    0x57, 0xD7, 0x57, 0xD5, 0x20, 0x43, 0x06, 0x00, 0x98, 0xFE, 0x62, 0x2E, 
    0x03, 0x54, 0x40, 0xC4, 0x00, 0x00, 0x00, 0x04, 0x00, 0x00, 0x01, 0x05, 
    0x57, 0x55, 0x51, 0xD5, 0xC0, 0x10, 0x9F, 0x08, 0x28, 0xAA, 0x22, 0x2A, 
    0x00, 0x00, 0x00, 0x02, 0x00, 0x80, 0x00, 0x00, 0x00, 0x8A, 0x80, 0x08, 
    0x77, 0xDF, 0xD4, 0xDD, 0x04, 0x45, 0x00, 0x26, 0x04, 0x05, 0x40, 0x04, 
    0x00, 0x00, 0x50, 0x01, 0x00, 0x50, 0x05, 0x00, 0xBF, 0xAA, 0xEA, 0x2A, 
    0x00, 0x00, 0x03, 0x00, 0x7F, 0x55, 0x75, 0xD5, 0x00, 0xA8, 0x00, 0x00, 
    0x00, 0x00, 0x00, 0x02, 0x08, 0x08, 0xA0, 0x08, 0x0F, 0x98, 0x00, 0x18, 
    0x04, 0x21, 0x63, 0x04, 0xAC, 0xAB, 0xFB, 0x2E, 0xFF, 0xFF, 0xFF, 0xFB, 
    0x07, 0x51, 0x55, 0xD5, 0x20, 0x00, 0x01, 0x08, 0x80, 0x10, 0x80, 0x00, 
    0x40, 0x00, 0x00, 0x00, 0xA0, 0xA8, 0xAA, 0x2A, 0xFF, 0xFF, 0xFF, 0xFF, 
    0x5F, 0x55, 0x57, 0xD5, 0x08, 0x04, 0x12, 0x00, 0x88, 0x09, 0x41, 0x0C, 
    0xAB, 0xAB, 0xFB, 0xEE, 0x07, 0x00, 0x00, 0xD0, 0xA8, 0xAA, 0xAA, 0x2A, 
    0xA8, 0xFF, 0xAA, 0xFF, 0x00, 0x00, 0x00, 0x00, 0x57, 0xFF, 0x57, 0xF7, 
    0x57, 0x55, 0x55, 0xD4, 0x80, 0x00, 0x0A, 0x20, 0x57, 0x57, 0x57, 0xD5, 
    0x50, 0x02, 0x42, 0xC5, 0x00, 0x6F, 0x40, 0x04, 0x00, 0x05, 0x40, 0x04, 
    0x00, 0x01, 0x00, 0x00, 0x00, 0x00, 0x00, 0x00, 0x01, 0x00, 0x10, 0x00, 
    0x01, 0x00, 0x11, 0x02, 0x00, 0x00, 0x20, 0x00, 0x20, 0x00, 0x00, 0x08, 
    0x00, 0x00, 0xA0, 0x00, 0x00, 0x0A, 0xA0, 0x08, 0x00, 0x8A, 0x80, 0x08, 
    0xA8, 0xEA, 0xBD, 0x29, 0x03, 0x00, 0x15, 0xC0, 0x00, 0x00, 0x50, 0x01, 
    0x00, 0x40, 0x05, 0x00, 0x57, 0x55, 0x11, 0xD5, 0x03, 0x81, 0xB1, 0x02, 
    0xA8, 0x2A, 0xAA, 0x28, 0x00, 0xA0, 0x00, 0x20, 0x00, 0x00, 0x00, 0x08, 
    0x00, 0x21, 0x02, 0x00, 0x57, 0xE1, 0x5F, 0xD0, 0x04, 0x50, 0x5D, 0x20, 
    0xAF, 0xBA, 0xFF, 0xEA, 0xFF, 0xFF, 0xFF, 0xFB, 0x47, 0x50, 0x55, 0xD5, 
    0xDC, 0xAA, 0xAB, 0x22, 0x00, 0x81, 0x20, 0x00, 0xBF, 0x55, 0xD7, 0xD4, 
    0x80, 0xA0, 0xAA, 0x2A, 0xFF, 0xFF, 0xFF, 0xFD, 0x5F, 0x75, 0x7F, 0xD5, 
    0x1F, 0xA1, 0x3F, 0x10, 0x04, 0x04, 0xF4, 0x0C, 0xBF, 0xAE, 0xFE, 0xEE, 
    0x47, 0x00, 0x00, 0xD0, 0x00, 0x00, 0x00, 0x00, 0x00, 0x01, 0x00, 0x02, 
    0x02, 0x00, 0x00, 0x00, 0x00, 0x00, 0x08, 0x00, 0x00, 0x00, 0x00, 0x00, 
    0x00, 0x00, 0x0A, 0x00, 0x7F, 0x5C, 0x7D, 0xD5, 0x08, 0x08, 0x28, 0x00, 
    0xA8, 0x80, 0x54, 0x04, 0x03, 0x00, 0x14, 0xC4, 0x00, 0x10, 0x00, 0x00, 
    0xA8, 0xAA, 0xAA, 0x2A, 0xAA, 0xFE, 0xAA, 0xFF, 0x00, 0x00, 0x80, 0x00, 
    0x57, 0x7F, 0x55, 0xFD, 0x57, 0x55, 0x55, 0xD5, 0x80, 0x00, 0xA0, 0x00, 
    0x00, 0x00, 0x88, 0x02, 0x40, 0x40, 0xC8, 0xC2, 0x00, 0xEA, 0x05, 0x28, 
    0x00, 0x08, 0x45, 0x00, 0x53, 0x41, 0x45, 0xD5, 0x53, 0x11, 0x41, 0xD5, 
    0x00, 0x00, 0x00, 0x00, 0x00, 0x00, 0x00, 0x00, 0x00, 0x00, 0x00, 0x00, 
    0xA0, 0x82, 0x0A, 0x2E, 0xA8, 0x2A, 0x0A, 0x2A, 0x00, 0x20, 0x0A, 0x00, 
    0x00, 0xF4, 0x0A, 0xD5, 0xAC, 0xFA, 0xE7, 0x2A, 0x2C, 0xBA, 0xEF, 0x0A, 
    0xFB, 0xFB, 0xEF, 0xFF, 0x53, 0x11, 0x51, 0xD5, 0x57, 0x55, 0x55, 0xD5, 
    0x10, 0x90, 0x98, 0x0A, 0xA8, 0xAA, 0xAA, 0x2A, 0xA0, 0xA2, 0x8A, 0x2A, 
    0xFF, 0xFF, 0xDF, 0xFF, 0x5F, 0x65, 0x7F, 0xD5, 0x5F, 0xF5, 0x7B, 0xD5, 
    0x04, 0x00, 0x54, 0x00, 0x3C, 0xA2, 0xFE, 0x0A, 0x00, 0x10, 0x00, 0x00, 
    0x00, 0x00, 0x10, 0x00, 0xEF, 0xAA, 0xEE, 0x28, 0x00, 0x00, 0x18, 0x00, 
    0xFF, 0x55, 0x77, 0xD1, 0x00, 0x00, 0x80, 0x00, 0x00, 0x80, 0x80, 0x00, 
    0x7F, 0x45, 0x7D, 0xD5, 0x09, 0x00, 0x28, 0x00, 0x88, 0x00, 0xF4, 0x00, 
    0x00, 0x00, 0x54, 0x00, 0x00, 0x00, 0x00, 0x00, 0x00, 0x00, 0x00, 0x00, 
    0xB8, 0x28, 0xBB, 0x2A, 0x10, 0x80, 0x80, 0x0A, 0x40, 0x80, 0xDD, 0x1E, 
    0x00, 0x20, 0x00, 0x00, 0x00, 0x00, 0x00, 0x00, 0x00, 0x00, 0x88, 0x02, 
    0x56, 0x00, 0xD9, 0x02, 0x00, 0x45, 0x15, 0x02, 0x03, 0x45, 0x05, 0xC2, 
    0x57, 0x11, 0x41, 0xD1, 0xE7, 0xB4, 0x52, 0xFD, 0x88, 0x5D, 0x2A, 0xFF, 
    0x00, 0x10, 0x00, 0x00, 0x50, 0x3A, 0x45, 0x35, 0xF4, 0x2F, 0xFA, 0xFB, 
    0xA0, 0x22, 0x8A, 0x22, 0x00, 0xAA, 0x0A, 0x00, 0x00, 0xAA, 0x0A, 0x00, 
    0x24, 0x55, 0x57, 0x00, 0xAF, 0xFF, 0xFF, 0xEA, 0xFF, 0xFB, 0xEB, 0xFF, 
    0xF7, 0xB4, 0xDA, 0xFD, 0xE8, 0x2B, 0xCA, 0x23, 0xD4, 0xF4, 0xBB, 0x33, 
    0xD0, 0x13, 0x85, 0x13, 0xF5, 0xAF, 0xFF, 0xFB, 0xF7, 0x77, 0xDF, 0xFF, 
    0x5F, 0xFF, 0x7F, 0xD5, 0x08, 0xAB, 0x2A, 0x00, 0x04, 0x87, 0x54, 0x2C, 
    0xBF, 0xEF, 0xFE, 0xEC, 0x00, 0x00, 0x00, 0x04, 0x00, 0x00, 0x88, 0x00, 
    0x80, 0x40, 0x40, 0x00, 0x80, 0x00, 0x00, 0x00, 0x43, 0x00, 0x20, 0xC0, 
    0x01, 0x80, 0x01, 0x00, 0x00, 0x00, 0x00, 0x08, 0x7F, 0xDF, 0xFD, 0xDF, 
    0x08, 0x0F, 0xA8, 0xDB, 0xA8, 0xAB, 0xFE, 0x2E, 0x03, 0x41, 0x04, 0xC4, 
    0x00, 0x40, 0x00, 0x00, 0x10, 0x00, 0x00, 0x00, 0xD7, 0x55, 0xD5, 0xD5, 
    0xFF, 0xBF, 0xFF, 0xFF, 0xE8, 0xA2, 0xEA, 0x2A, 0x00, 0x00, 0x04, 0x00, 
    0x00, 0x00, 0x00, 0x00, 0x00, 0x82, 0x88, 0x0A, 0x57, 0x47, 0xD9, 0xDB, 
    0x10, 0x41, 0x05, 0x00, 0x00, 0x41, 0x45, 0x00, 0x00, 0x00, 0x00, 0x00, 
    0xA0, 0xA0, 0x02, 0x28, 0x80, 0x00, 0x04, 0x04, 0x00, 0x00, 0x84, 0x04, 
    0x00, 0x00, 0x40, 0x00, 0x55, 0x05, 0xD0, 0xD1, 0x00, 0x00, 0x20, 0x00, 
    0x00, 0xA2, 0x0A, 0x00, 0x20, 0xA2, 0x0A, 0x00, 0x3C, 0x51, 0xEF, 0x00, 
    0xAC, 0xFB, 0xFF, 0x2A, 0xA8, 0xEA, 0xEA, 0x0A, 0xA0, 0xE0, 0x86, 0x28, 
    0x57, 0x02, 0x91, 0x00, 0x7F, 0x00, 0x7B, 0x00, 0xA8, 0x00, 0x82, 0x00, 
    0xD5, 0x95, 0xD5, 0xD5, 0x57, 0x5D, 0x7D, 0xD5, 0x5F, 0xF7, 0x7F, 0xD5, 
    0x7F, 0xA2, 0x7B, 0x00, 0x14, 0x21, 0x54, 0x02, 0xBF, 0xEB, 0xFE, 0xCA, 
    0x00, 0x40, 0x00, 0x00, 0x00, 0x00, 0x80, 0x00, 0x00, 0x00, 0x80, 0x00, 
    0x00, 0x00, 0x00, 0x02, 0x00, 0x00, 0x48, 0x03, 0x00, 0x80, 0x05, 0x00, 
    0x00, 0x00, 0x08, 0x00, 0x7F, 0xD7, 0x7D, 0xDD, 0x28, 0x42, 0x28, 0x08, 
    0x90, 0x09, 0x54, 0x00, 0x00, 0x41, 0x44, 0x00, 0x00, 0x00, 0x40, 0x00, 
    0x00, 0x40, 0x04, 0x00, 0x00, 0x15, 0x00, 0xD1, 0x00, 0xBF, 0x00, 0xF9, 
    0x00, 0xA2, 0x00, 0x28, 0x80, 0x10, 0x00, 0x04, 0x00, 0x08, 0x00, 0x00, 
    0x00, 0x82, 0x88, 0x0A, 0x20, 0x02, 0x88, 0x0A, 0x00, 0x08, 0x00, 0x00, 
    0x00, 0x00, 0x00, 0x00, 0x00, 0x00, 0x01, 0x00, 0x00, 0x00, 0x01, 0x00, 
    0x00, 0x00, 0x00, 0x00, 0x00, 0x11, 0x00, 0x00, 0x00, 0x20, 0x0A, 0x08, 
    0x00, 0x00, 0x02, 0x00, 0x00, 0x00, 0x02, 0x00, 0x00, 0x00, 0x00, 0x08, 
    0x00, 0x01, 0x00, 0x04, 0xFC, 0xDF, 0xD7, 0x3D, 0xA8, 0xBA, 0xAA, 0x2A, 
    0xFF, 0xFF, 0xFF, 0xFB, 0xFF, 0xFF, 0xFF, 0xFF, 0xFF, 0xEE, 0xFF, 0xFF, 
    0x00, 0x39, 0x20, 0x08, 0xDF, 0xFF, 0xFF, 0xFF, 0xEF, 0xFF, 0xFF, 0xFF, 
    0xFF, 0xFF, 0xFF, 0xFF, 0x57, 0x55, 0x55, 0xDD, 0xFF, 0xFF, 0xFB, 0xFF, 
    0x20, 0x43, 0x02, 0x20, 0xAB, 0xBA, 0xAA, 0xEA, 0x47, 0x00, 0x44, 0xD5, 
    0x47, 0x00, 0x04, 0xD1, 0xFF, 0xAA, 0xDF, 0x2B, 0x00, 0x00, 0x20, 0x00, 
    0xCF, 0x55, 0xD1, 0xD5, 0x88, 0x80, 0x8A, 0x20, 0x88, 0x20, 0x00, 0x22, 
    0x57, 0x55, 0x55, 0xD5, 0x13, 0x92, 0x11, 0x11, 0x08, 0x00, 0x00, 0x00, 
    0x03, 0x00, 0x00, 0xC0, 0x47, 0x00, 0x44, 0xD5, 0x47, 0x00, 0x24, 0xD5, 
    0x00, 0x04, 0x00, 0x04, 0x00, 0x28, 0x00, 0x08, 0x00, 0x00, 0x20, 0x00, 
    0x88, 0x80, 0x8E, 0x22, 0xA8, 0x20, 0x8A, 0x2A, 0x00, 0x00, 0x00, 0x00, 
    0x00, 0x44, 0x00, 0x00, 0x84, 0x80, 0x80, 0x08, 0x54, 0x14, 0x55, 0x15, 
    0x00, 0x00, 0x00, 0x00, 0x20, 0x00, 0x00, 0x00, 0x00, 0x40, 0x00, 0xD0, 
    0x00, 0x00, 0x00, 0x00, 0x00, 0x8A, 0x00, 0x22, 0x00, 0x00, 0x00, 0x00, 
    0x00, 0x00, 0x80, 0x00, 0x80, 0x8A, 0x02, 0x20, 0x44, 0x00, 0x40, 0xC0, 
    0x70, 0x34, 0x75, 0x1F, 0xA8, 0xAA, 0xAA, 0x2A, 0xA8, 0xAA, 0xAA, 0x2A, 
    0xA8, 0xAA, 0xAA, 0x2E, 0xA8, 0xBA, 0xAA, 0x2A, 0x00, 0x00, 0x68, 0x00, 
    0x57, 0x55, 0x5F, 0xD5, 0x57, 0x55, 0x45, 0xD7, 0x77, 0x55, 0x5F, 0xDD, 
    0xD7, 0x5D, 0x55, 0xF5, 0xA8, 0x28, 0xAA, 0x2A, 0xA8, 0xAA, 0xAA, 0x2A, 
    0xAF, 0xAA, 0xAA, 0xEA, 0x44, 0x00, 0x05, 0xD0, 0x07, 0x40, 0x04, 0xD0, 
    0xDF, 0xFF, 0xAF, 0xFF, 0x30, 0x39, 0x6C, 0x03, 0xFF, 0xFF, 0xCF, 0xFF, 
    0x88, 0x22, 0x82, 0x20, 0x88, 0x80, 0x08, 0x20, 0x57, 0x55, 0x55, 0xD5, 
    0x57, 0x55, 0x55, 0xD5, 0x50, 0x01, 0x03, 0x30, 0x50, 0x14, 0x55, 0x15, 
    0x47, 0x01, 0x55, 0xD5, 0x07, 0x40, 0x54, 0xD5, 0x57, 0x00, 0x01, 0x00, 
    0x30, 0x09, 0x04, 0x03, 0xA8, 0x08, 0x80, 0x00, 0x88, 0xA2, 0xA2, 0x2A, 
    0x88, 0xA0, 0x0A, 0x2A, 0x00, 0x82, 0x02, 0x00, 0xA3, 0x54, 0x53, 0x30, 
    0x50, 0x82, 0x00, 0x10, 0x14, 0x54, 0x54, 0x05, 0x00, 0x00, 0x00, 0x00, 
    0x00, 0x00, 0x10, 0x00, 0x00, 0x84, 0x04, 0x01, 0x00, 0x30, 0x00, 0x00, 
    0x00, 0x00, 0x00, 0x02, 0x00, 0x80, 0x00, 0x02, 0x00, 0x00, 0x00, 0x00, 
    0x00, 0x00, 0x00, 0x00, 0xA0, 0x01, 0x04, 0x21, 0x88, 0x08, 0x88, 0x00, 
    0xBF, 0xFF, 0xFF, 0xEF, 0xA8, 0xAA, 0xAA, 0x2A, 0xA8, 0xAA, 0xAA, 0x2A, 
    0xA8, 0xEB, 0xAA, 0xFE, 0x00, 0x00, 0x00, 0x00, 0x57, 0xF7, 0x55, 0xFD, 
    0x57, 0x55, 0x55, 0xD5, 0x57, 0x55, 0x55, 0xD5, 0xFF, 0xFF, 0xFF, 0xFF, 
    0x54, 0x00, 0x00, 0xC4, 0x00, 0x21, 0x01, 0x00, 0xAB, 0xAA, 0xAA, 0xEA, 
    0x03, 0x01, 0x50, 0x05, 0x00, 0x00, 0x40, 0x05, 0x00, 0x00, 0x00, 0x01, 
    0x00, 0x00, 0x01, 0x04, 0x80, 0x00, 0x08, 0x00, 0x00, 0x00, 0x20, 0x08, 
    0x00, 0x00, 0x02, 0x0A, 0x57, 0xD7, 0x55, 0xD5, 0x00, 0x04, 0x02, 0x00, 
    0xE8, 0xE2, 0xAA, 0x3A, 0x00, 0x01, 0x01, 0x00, 0x00, 0x00, 0x00, 0x00, 
    0x00, 0x00, 0x00, 0x00, 0x57, 0x55, 0x50, 0xD5, 0x80, 0xC0, 0x05, 0x05, 
    0xA8, 0xAA, 0xAA, 0x2A, 0x00, 0x00, 0x00, 0x00, 0x00, 0x20, 0x00, 0x00, 
    0x00, 0x00, 0x00, 0x00, 0xCF, 0x45, 0x5D, 0xF4, 0x54, 0x47, 0xD7, 0x35, 
    0x44, 0x41, 0x00, 0x15, 0x00, 0x00, 0x50, 0x00, 0x00, 0x40, 0x01, 0x00, 
    0xFF, 0x2A, 0xFA, 0x2A, 0x00, 0x40, 0x00, 0x00, 0x7F, 0x55, 0xF7, 0xD5, 
    0x00, 0x20, 0x00, 0x00, 0x00, 0x00, 0x00, 0x00, 0x08, 0x00, 0x00, 0x00, 
    0xAB, 0xAB, 0xAF, 0x38, 0x24, 0x00, 0x29, 0x08, 0xFF, 0xFF, 0xFF, 0xFF, 
    0xFF, 0xFF, 0xFF, 0xFF, 0x47, 0x40, 0x55, 0xD4, 0x00, 0x84, 0x02, 0x00, 
    0x00, 0x80, 0x00, 0x00, 0x00, 0x08, 0x04, 0x01, 0x88, 0xA0, 0xAA, 0x2A, 
    0xFF, 0xFF, 0xFF, 0xFF, 0xF7, 0x7D, 0xFF, 0xFF, 0x20, 0xAA, 0xF2, 0x0C, 
    0x88, 0x81, 0x00, 0x02, 0xA8, 0xAA, 0xAB, 0x2A, 0x47, 0x00, 0x00, 0xD0, 
    0xA8, 0xAA, 0xAA, 0x2E, 0xA8, 0xFB, 0xAA, 0xFE, 0x80, 0x00, 0x04, 0x01, 
    0x57, 0xF7, 0x55, 0xFF, 0x57, 0x55, 0x55, 0xD7, 0x88, 0x80, 0x08, 0x20, 
    0x57, 0x55, 0x55, 0xDD, 0x44, 0x40, 0x00, 0xC0, 0x10, 0x04, 0x54, 0x05, 
    0x10, 0x14, 0x54, 0x00, 0x00, 0x00, 0x04, 0x00, 0x00, 0x00, 0x00, 0x00, 
    0x02, 0x01, 0x00, 0x00, 0x00, 0x20, 0x00, 0x00, 0x00, 0x00, 0xA8, 0x00, 
    0x00, 0x00, 0x00, 0x08, 0x00, 0x00, 0xA2, 0x00, 0x00, 0x00, 0x00, 0x08, 
    0x00, 0x50, 0x00, 0x01, 0x98, 0xEE, 0xFF, 0x2F, 0x57, 0x55, 0x21, 0xD0, 
    0x00, 0x00, 0x50, 0x05, 0x00, 0x50, 0x05, 0x00, 0x57, 0x45, 0x15, 0xD1, 
    0x42, 0x31, 0xD3, 0x04, 0xA8, 0xAA, 0xAA, 0x2A, 0x00, 0x20, 0x08, 0x00, 
    0x00, 0x00, 0x00, 0x0A, 0x00, 0x00, 0x00, 0x00, 0x77, 0xFE, 0x0D, 0xD1, 
    0x00, 0x68, 0x0B, 0x2A, 0xFF, 0xFF, 0xEF, 0xFF, 0xFF, 0xFF, 0xFF, 0xFF, 
    0x47, 0x54, 0x55, 0xD5, 0xFD, 0x2A, 0xAC, 0x2A, 0x02, 0x01, 0x82, 0x00, 
    0x7F, 0x75, 0x50, 0xD4, 0xA8, 0xA0, 0xAB, 0x2A, 0xFF, 0xFF, 0xFF, 0xFF, 
    0x57, 0x55, 0x55, 0xD5, 0x03, 0x80, 0x03, 0x10, 0x00, 0x00, 0x81, 0x00, 
    0xAB, 0xAA, 0x8E, 0xEB, 0x47, 0x00, 0x00, 0xD0, 0x00, 0x04, 0x00, 0x00, 
    0x00, 0x00, 0x10, 0x02, 0x40, 0x00, 0x01, 0x04, 0x80, 0x00, 0x02, 0x02, 
    0x00, 0x00, 0x00, 0x00, 0x88, 0x00, 0x22, 0x20, 0x57, 0x55, 0x75, 0xD5, 
    0x10, 0x00, 0x00, 0x00, 0xDC, 0x97, 0x75, 0x15, 0x00, 0x00, 0x40, 0x04, 
    0x00, 0x00, 0x00, 0x00, 0xA8, 0xAA, 0xAA, 0x2A, 0xA8, 0xEE, 0xAB, 0xFB, 
    0x00, 0x10, 0x50, 0x00, 0x57, 0xDF, 0x55, 0xFD, 0x57, 0xD5, 0x55, 0xD5, 
    0x20, 0x00, 0x80, 0x00, 0x00, 0x00, 0x20, 0x00, 0xEC, 0xAE, 0xAC, 0xEA, 
    0x00, 0x28, 0x00, 0x2A, 0x54, 0x55, 0x01, 0x10, 0x57, 0x04, 0x04, 0xD1, 
    0x47, 0x54, 0x14, 0xD5, 0x00, 0x00, 0x00, 0x00, 0x00, 0x80, 0x04, 0x00, 
    0x00, 0x00, 0x02, 0x00, 0xA8, 0x80, 0x88, 0x62, 0xA8, 0x80, 0xA8, 0x22, 
    0xA8, 0x8A, 0xA8, 0x20, 0x00, 0x51, 0x40, 0xD0, 0xA8, 0xAA, 0xA8, 0x2E, 
    0xDC, 0x7F, 0xDB, 0x3F, 0xFF, 0xEE, 0xAF, 0xFB, 0x47, 0x54, 0x54, 0xD5, 
    0x57, 0x55, 0x51, 0xD5, 0x00, 0xC0, 0x04, 0x02, 0xA8, 0x2A, 0xAA, 0x2A, 
    0xA8, 0xA2, 0x88, 0x22, 0xFF, 0xF7, 0xFD, 0xF7, 0xFF, 0xFF, 0xFF, 0xF5, 
    0x57, 0xD5, 0x50, 0xD5, 0x54, 0x17, 0x54, 0x11, 0x88, 0x2A, 0x9A, 0x2A, 
    0x00, 0x40, 0x01, 0x00, 0x00, 0x00, 0x00, 0x00, 0xFF, 0xAA, 0xFB, 0x2C, 
    0x00, 0x00, 0x00, 0x00, 0xFF, 0x55, 0xFD, 0x95, 0x00, 0x20, 0x00, 0x00, 
    0x00, 0x22, 0x00, 0x00, 0x57, 0x55, 0x57, 0xD5, 0xA8, 0x2A, 0xB8, 0x2A, 
    0xFC, 0x55, 0xD5, 0x11, 0x03, 0x00, 0x40, 0xC5, 0x00, 0x00, 0x00, 0x00, 
    0x00, 0x00, 0x40, 0x00, 0x20, 0xE4, 0xAA, 0x03, 0x00, 0x40, 0x00, 0x02, 
    0x10, 0x4C, 0x55, 0x07, 0x00, 0x02, 0x00, 0x00, 0x00, 0x00, 0x00, 0x00, 
    0x00, 0x20, 0x00, 0x00, 0xF7, 0xA8, 0xA8, 0x2F, 0x00, 0x00, 0x00, 0x00, 
    0x47, 0x51, 0x15, 0xD0, 0x47, 0x44, 0x14, 0xD0, 0xEF, 0x5C, 0x4D, 0xF3, 
    0x20, 0xB3, 0xA8, 0xD2, 0x00, 0x00, 0x00, 0x00, 0x10, 0x77, 0x54, 0x29, 
    0xCC, 0xA6, 0x1B, 0xFB, 0xA8, 0x0A, 0x88, 0x22, 0xA8, 0x8A, 0x80, 0x20, 
    0xA8, 0xAA, 0xA8, 0x2A, 0x00, 0x80, 0x28, 0x00, 0xFF, 0xFF, 0xF7, 0xFE, 
    0xFF, 0xFF, 0xBE, 0xFE, 0xFF, 0x7F, 0xDF, 0xF3, 0x40, 0xA0, 0xAB, 0x12, 
    0x20, 0xFC, 0xDE, 0x0B, 0x10, 0x54, 0x54, 0x05, 0xCC, 0xA6, 0x3F, 0xFF, 
    0xFF, 0x7F, 0xDD, 0xFF, 0xFF, 0xEF, 0xF7, 0xF7, 0x00, 0x04, 0x00, 0x00, 
    0x54, 0xF7, 0x55, 0x3F, 0xAB, 0xAA, 0xA2, 0xEA, 0x00, 0x10, 0x00, 0x04, 
    0x10, 0x23, 0x02, 0x00, 0x10, 0x00, 0x00, 0x00, 0x00, 0x00, 0x84, 0x01, 
    0x03, 0x00, 0xA8, 0xC0, 0x00, 0x00, 0x24, 0x00, 0x00, 0x20, 0x00, 0x08, 
    0x57, 0x45, 0x57, 0xD5, 0xA8, 0xFB, 0xAA, 0xF2, 0xA8, 0xAA, 0xA1, 0x2A, 
    0x13, 0x04, 0x40, 0xC4, 0x10, 0x01, 0x00, 0x00, 0x00, 0x00, 0x90, 0x00, 
    0x57, 0x05, 0x55, 0xD5, 0xFF, 0xBF, 0xA5, 0xFF, 0xA8, 0xAA, 0xAA, 0x2A, 
    0x00, 0x00, 0x00, 0x04, 0x00, 0x00, 0x00, 0x00, 0x00, 0x20, 0x20, 0x02, 
    0x47, 0x55, 0x55, 0xD5, 0x00, 0x00, 0x00, 0x00, 0x44, 0x41, 0x01, 0x19, 
    0x00, 0x40, 0x00, 0x00, 0xA8, 0x08, 0x54, 0x22, 0x00, 0x00, 0x00, 0x00, 
    0x20, 0x00, 0x00, 0x00, 0x00, 0x00, 0x00, 0x00, 0x44, 0x04, 0x02, 0xD1, 
    0x00, 0x00, 0x80, 0x00, 0x88, 0xAA, 0xA0, 0x24, 0x00, 0x00, 0x06, 0x00, 
    0xFC, 0x55, 0xF4, 0x15, 0xFC, 0xEF, 0xFF, 0x3F, 0xB8, 0xFA, 0xAA, 0x2A, 
    0xA8, 0x78, 0xDE, 0x23, 0xC7, 0x02, 0xD5, 0x07, 0xDF, 0x00, 0x00, 0x04, 
    0xA8, 0x00, 0x00, 0x00, 0x54, 0x04, 0x26, 0xD5, 0x57, 0x55, 0xF5, 0xD5, 
    0xDF, 0xFB, 0xFF, 0xF7, 0xEF, 0xAA, 0xE8, 0x27, 0x54, 0x5D, 0x54, 0x15, 
    0xBB, 0xAA, 0xFA, 0xE6, 0x10, 0x00, 0x00, 0x00, 0x00, 0x30, 0x0A, 0x00, 
    0x80, 0x04, 0x00, 0x00, 0x00, 0x1C, 0x20, 0x00, 0x00, 0x08, 0x00, 0x00, 
    0x10, 0x00, 0x20, 0x00, 0x00, 0x00, 0x20, 0x00, 0x57, 0x51, 0x5F, 0xD3, 
    0xA8, 0xAE, 0xAB, 0x22, 0x44, 0x51, 0x01, 0x10, 0x00, 0x04, 0x04, 0x00, 
    0x00, 0x10, 0x00, 0x00, 0x00, 0x40, 0x80, 0x01, 0x00, 0x01, 0x00, 0xD0, 
    0x00, 0xA3, 0x01, 0xFA, 0x00, 0xA2, 0x02, 0x2A, 0x00, 0x00, 0x04, 0x04, 
    0x00, 0x00, 0x00, 0x00, 0x00, 0x00, 0x00, 0x00, 0xA0, 0xAA, 0xB8, 0x2A, 
    0x30, 0x22, 0x07, 0x20, 0x10, 0x40, 0x01, 0x00, 0x00, 0x00, 0x01, 0x00, 
    0x00, 0x00, 0x00, 0x00, 0x40, 0x00, 0x50, 0x00, 0x00, 0x20, 0x00, 0x00, 
    0x00, 0x28, 0x80, 0x00, 0x00, 0x00, 0x00, 0x00, 0x00, 0x00, 0x02, 0x00, 
    0x20, 0x8A, 0x0A, 0x00, 0x33, 0x01, 0x1A, 0x10, 0xB8, 0xAA, 0xEF, 0x2A, 
    0xB8, 0xEA, 0xEF, 0x2B, 0xFF, 0xFF, 0xFF, 0xFF, 0xFB, 0xAE, 0xFE, 0xFF, 
    0xFF, 0xFF, 0xFF, 0xFF, 0x40, 0x28, 0x00, 0x00, 0xFF, 0xFF, 0xDF, 0xFF, 
    0xF7, 0x75, 0x5D, 0xF7, 0xFF, 0xFF, 0xFF, 0xFF, 0x77, 0xD7, 0xDF, 0xD5, 
    0x77, 0x55, 0xDF, 0xD1, 0x10, 0x01, 0x34, 0x04, 0xBB, 0xEA, 0xBE, 0xEE, 
    0x53, 0x14, 0x51, 0xD1, 0x13, 0x54, 0x41, 0xD1, 0xBF, 0xAA, 0xAF, 0x2A, 
    0x00, 0x00, 0x00, 0x00, 0xFF, 0x55, 0x56, 0xD5, 0x00, 0x88, 0x02, 0x22, 
    0x80, 0xA8, 0x8A, 0x2A, 0x77, 0xD7, 0xFD, 0xDD, 0x20, 0x00, 0xA8, 0x08, 
    0x10, 0x01, 0x1C, 0x00, 0x13, 0x40, 0x14, 0xC0, 0x53, 0x55, 0x55, 0xD1, 
    0x13, 0x55, 0x55, 0xD1, 0x00, 0x01, 0x00, 0x00, 0x00, 0x00, 0x00, 0x00, 
    0x00, 0x80, 0x00, 0x00, 0x00, 0xAA, 0xAB, 0x22, 0x80, 0xA8, 0xAA, 0x2A, 
    0x20, 0x8A, 0xA8, 0x08, 0x64, 0x40, 0xEC, 0xC9, 0x9C, 0x8C, 0x85, 0x0A, 
    0x14, 0x40, 0x05, 0x00, 0x00, 0x01, 0x04, 0x00, 0x00, 0x01, 0x34, 0x00, 
    0x00, 0x54, 0x00, 0xD5, 0x40, 0x08, 0x00, 0x00, 0x00, 0x02, 0x08, 0x2A, 
    0x00, 0x22, 0x28, 0x00, 0x00, 0x00, 0x20, 0x00, 0x28, 0x8A, 0x0A, 0x00, 
    0x28, 0x16, 0x0B, 0x00, 0x34, 0x08, 0x47, 0x22, 0xBC, 0xEA, 0xEF, 0x2B, 
    0xA8, 0xEA, 0xAA, 0x2A, 0xA8, 0xAA, 0xAA, 0x2A, 0xA8, 0xAB, 0xEA, 0x2A, 
    0x00, 0x10, 0x02, 0x04, 0x77, 0x55, 0xD7, 0xD5, 0x57, 0x55, 0xD5, 0xD5, 
    0x57, 0x55, 0x55, 0xD5, 0x7F, 0xD7, 0xDF, 0xD5, 0x7B, 0x02, 0x8A, 0x11, 
    0xBC, 0xAB, 0x86, 0x2E, 0xBF, 0xEA, 0xAE, 0xEE, 0x43, 0x44, 0x41, 0xD1, 
    0x13, 0x14, 0x44, 0xD1, 0xFF, 0xFF, 0xDF, 0xFB, 0x20, 0x1B, 0x33, 0x04, 
    0xFF, 0xF7, 0xFF, 0xFF, 0x20, 0xA8, 0x82, 0x20, 0x20, 0x28, 0x02, 0x22, 
    0x7F, 0xD7, 0xDD, 0xDD, 0x7F, 0x47, 0xC8, 0xDD, 0x14, 0x27, 0x04, 0x00, 
    0x14, 0x40, 0x04, 0x00, 0x43, 0x55, 0x55, 0xD1, 0x13, 0x55, 0x55, 0xD1, 
    0x57, 0x10, 0x01, 0x00, 0x00, 0x0A, 0x21, 0x00, 0x88, 0x00, 0x08, 0x00, 
    0x20, 0xAA, 0xAA, 0x22, 0xA0, 0x2A, 0xAA, 0x22, 0x28, 0x8A, 0x88, 0x08, 
    0x28, 0x0A, 0x88, 0x08, 0x10, 0x00, 0x05, 0x00, 0x10, 0x00, 0x05, 0x00, 
    0x00, 0x01, 0x04, 0x00, 0x00, 0x41, 0x10, 0x00, 0x20, 0x00, 0x00, 0x00, 
    0x20, 0x00, 0x10, 0x00, 0x00, 0xB2, 0x21, 0x00, 0x00, 0x02, 0x28, 0x00, 
    0x80, 0x02, 0x08, 0x00, 0x20, 0x08, 0x0A, 0x00, 0x24, 0x44, 0x4A, 0xC4, 
    0x98, 0x90, 0xC5, 0x08, 0xBB, 0xBA, 0xEF, 0xEB, 0xA8, 0xAA, 0xAA, 0x2A, 
    0xA8, 0xAA, 0x8A, 0x2A, 0xA8, 0xEE, 0xBE, 0xFB, 0x00, 0x01, 0x00, 0x00, 
    0x57, 0x15, 0x55, 0xFF, 0x57, 0x55, 0x55, 0xD5, 0x57, 0x55, 0x55, 0xD5, 
    0x77, 0x75, 0xDF, 0xD5, 0x20, 0x21, 0x8A, 0x00, 0x10, 0x11, 0x3C, 0x24, 
    0xBB, 0xBA, 0xBE, 0xEE, 0x00, 0x10, 0x10, 0x00, 0x00, 0x00, 0x01, 0x00, 
    0x00, 0x00, 0x50, 0x00, 0x00, 0x80, 0x02, 0x00, 0x00, 0xA0, 0x82, 0x00, 
    0x00, 0x00, 0x04, 0x02, 0x00, 0x00, 0xA0, 0x00, 0x77, 0x75, 0xFD, 0xD5, 
    0x23, 0x31, 0xA9, 0x11, 0x98, 0x89, 0xAE, 0x2A, 0x10, 0x00, 0x44, 0x01, 
    0x00, 0x00, 0x00, 0x00, 0x00, 0x00, 0x00, 0x00, 0x57, 0x55, 0x55, 0xD5, 
    0x00, 0xBC, 0x02, 0x00, 0xA8, 0xAA, 0xAA, 0x2A, 0x00, 0x00, 0x00, 0x00, 
    0x00, 0x00, 0x00, 0x00, 0x20, 0x08, 0x88, 0x00, 0x77, 0x55, 0xDD, 0xD5, 
    0x14, 0x04, 0x07, 0x02, 0x14, 0x00, 0x05, 0x00, 0x00, 0x00, 0x00, 0x00, 
    0x00, 0x00, 0x00, 0x00, 0xDF, 0xBA, 0x8F, 0x2A, 0x00, 0x0C, 0x00, 0x00, 
    0xFF, 0x05, 0x78, 0xD5, 0x00, 0xA0, 0x00, 0x00, 0x00, 0x00, 0x00, 0x00, 
    0x28, 0x08, 0x0A, 0x00, 0x28, 0x02, 0x5A, 0x04, 0x1C, 0x88, 0xC5, 0x08, 
    0xBF, 0xAA, 0xEF, 0xEB, 0xFF, 0xEF, 0xFF, 0xFF, 0x53, 0x55, 0x55, 0xD5, 
    0x20, 0x04, 0x00, 0x00, 0x00, 0x00, 0x00, 0x00, 0x10, 0x08, 0x04, 0x04, 
    0xA0, 0xAA, 0xAA, 0x22, 0xFF, 0xFF, 0xFF, 0xFF, 0x7F, 0x55, 0xDF, 0xD5, 
    0x6C, 0x02, 0x8A, 0xC0, 0x94, 0x01, 0x14, 0x04, 0xBC, 0xAA, 0xBE, 0x2E, 
    0x53, 0x04, 0x50, 0xD5, 0xA8, 0xEB, 0xAA, 0x2A, 0xA8, 0xEB, 0xAA, 0xFF, 
    0x00, 0x30, 0x00, 0x00, 0x57, 0x57, 0x55, 0xFF, 0xD7, 0x57, 0x7D, 0xD5, 
    0x20, 0x08, 0x82, 0x22, 0x7F, 0x55, 0xFD, 0xD5, 0x38, 0x66, 0xAC, 0x00, 
    0x24, 0x05, 0x24, 0x22, 0x14, 0x00, 0x04, 0x00, 0x00, 0x00, 0x05, 0x00, 
    0x00, 0x00, 0x00, 0x00, 0x00, 0x00, 0x50, 0x00, 0x00, 0x10, 0x02, 0x00, 
    0x20, 0x00, 0x82, 0x00, 0x00, 0x00, 0x00, 0x00, 0x00, 0x00, 0x00, 0x00, 
    0x28, 0x08, 0x88, 0x00, 0x3B, 0x1A, 0x89, 0x11, 0xA8, 0x80, 0xA9, 0x2A, 
    0x23, 0x50, 0x01, 0xC0, 0x00, 0x00, 0x00, 0x00, 0x00, 0x00, 0x00, 0x00, 
    0x57, 0x55, 0x55, 0xD1, 0x22, 0x13, 0x03, 0x06, 0xA8, 0xAA, 0x8A, 0x2A, 
    0x08, 0xA0, 0x00, 0x00, 0x00, 0x00, 0x00, 0x00, 0x00, 0xA2, 0x02, 0x00, 
    0x57, 0x54, 0x57, 0xD5, 0x04, 0x10, 0x11, 0x04, 0xBF, 0xFA, 0xFB, 0xEB, 
    0xFF, 0xFF, 0xFF, 0xFF, 0x43, 0x55, 0x55, 0xD1, 0xDF, 0xBA, 0xAE, 0x2A, 
    0x02, 0x03, 0x01, 0x02, 0xCF, 0x55, 0x59, 0xD1, 0x88, 0xAA, 0xAA, 0x22, 
    0xFF, 0xFF, 0xFF, 0xFF, 0x5F, 0xF7, 0x57, 0xD5, 0x08, 0x28, 0x0A, 0x00, 
    0x84, 0x91, 0x00, 0x04, 0x9F, 0xFA, 0xEA, 0xEB, 0x43, 0x04, 0x41, 0xD1, 
    0x00, 0x01, 0x10, 0x00, 0x20, 0x01, 0x00, 0x00, 0x20, 0x00, 0x00, 0x00, 
    0x00, 0xE2, 0x01, 0x00, 0x00, 0x02, 0x28, 0x00, 0x80, 0x08, 0x82, 0x22, 
    0x5F, 0xF7, 0xD5, 0xD5, 0x0C, 0x20, 0xC8, 0xC4, 0x18, 0x01, 0x8C, 0x0C, 
    0x10, 0x50, 0x44, 0x05, 0x00, 0x50, 0x00, 0x00, 0xA8, 0xAA, 0xAE, 0x2A, 
    0xA8, 0xEE, 0xAB, 0xFB, 0x00, 0x00, 0x00, 0x04, 0x57, 0x4D, 0x51, 0xFF, 
    0x57, 0x55, 0x55, 0xD5, 0x00, 0x00, 0x00, 0x00, 0x20, 0xA2, 0x88, 0x08, 
    0x60, 0x44, 0x9C, 0x08, 0x00, 0x3A, 0x03, 0x2A, 0x00, 0x40, 0x01, 0x00, 
    0x43, 0x51, 0x05, 0xD4, 0x43, 0x51, 0x01, 0xD0, 0x00, 0x04, 0x50, 0x00, 
    0x00, 0x00, 0x40, 0x00, 0x00, 0x20, 0x00, 0x00, 0x88, 0x22, 0xAA, 0x20, 
    0xA8, 0x22, 0x22, 0x28, 0x00, 0x82, 0x22, 0x00, 0x00, 0x76, 0xA2, 0xD5, 
    0xAC, 0xAE, 0x3B, 0x2A, 0xB4, 0xEA, 0xFB, 0x2B, 0xFB, 0xFB, 0xBF, 0xFE, 
    0x43, 0x51, 0x01, 0xD5, 0x57, 0x55, 0x55, 0xD5, 0x00, 0x74, 0x40, 0x00, 
    0xA8, 0xAA, 0xAA, 0x2A, 0x88, 0x22, 0xAA, 0x22, 0xFF, 0x77, 0x7F, 0xFD, 
    0x5F, 0xD7, 0x77, 0xD5, 0x5F, 0x5F, 0xF6, 0xD5, 0x84, 0x01, 0x04, 0x04, 
    0xB4, 0xEA, 0xEE, 0x2F, 0x10, 0x00, 0x10, 0x00, 0x00, 0x00, 0x02, 0x05, 
    0xDF, 0xBA, 0xAD, 0x2A, 0x00, 0x40, 0x00, 0x00, 0xFF, 0x05, 0xF2, 0xD5, 
    0x00, 0x00, 0x00, 0x02, 0x00, 0x00, 0x08, 0x00, 0x5F, 0xD7, 0xFD, 0xDD, 
    0x08, 0x02, 0xA8, 0x08, 0x38, 0x11, 0x2C, 0x04, 0x13, 0x40, 0x44, 0xC5, 
    0x00, 0x00, 0x00, 0x00, 0x00, 0x00, 0x00, 0x00, 0x88, 0x2B, 0xAA, 0x2A, 
    0x00, 0x00, 0x00, 0x00, 0x44, 0x45, 0x05, 0x14, 0x00, 0x00, 0x00, 0x00, 
    0x00, 0x00, 0x00, 0x00, 0x20, 0x82, 0xA8, 0x08, 0x77, 0x22, 0xFC, 0x08, 
    0x00, 0x84, 0x41, 0x00, 0x03, 0x14, 0x01, 0xC0, 0x43, 0x51, 0x11, 0xD0, 
    0x0F, 0xFB, 0x03, 0xF0, 0x80, 0x68, 0x2A, 0xFD, 0x00, 0x34, 0x00, 0x00, 
    0x50, 0xCA, 0x4D, 0x3F, 0x47, 0xE7, 0x62, 0xF1, 0x88, 0x22, 0x22, 0x20, 
    0x10, 0x28, 0x92, 0x00, 0x00, 0x09, 0x02, 0x00, 0x04, 0x14, 0x51, 0x04, 
    0xAF, 0xBE, 0xEB, 0xEB, 0xEB, 0xFB, 0xBB, 0xFA, 0x0F, 0xFB, 0x93, 0xF0, 
    0xE0, 0x01, 0x6A, 0x2B, 0xC4, 0xB8, 0x87, 0x3E, 0xC0, 0x12, 0xD5, 0x12, 
    0x47, 0xF7, 0xE3, 0xF9, 0xFF, 0xF7, 0x77, 0xF5, 0x5F, 0x75, 0xD7, 0xD5, 
    0x08, 0x28, 0x0A, 0x00, 0x14, 0x3F, 0x00, 0x2E, 0xBF, 0xBE, 0xAA, 0xEA, 
    0x00, 0x00, 0x00, 0x00, 0x00, 0x00, 0x80, 0x00, 0x80, 0x00, 0x00, 0x00, 
    0x28, 0x80, 0x00, 0x00, 0x43, 0x20, 0x20, 0xC0, 0x00, 0x10, 0x81, 0x08, 
    0x20, 0x80, 0x00, 0x00, 0x6F, 0x75, 0xC5, 0xD5, 0x28, 0x64, 0x88, 0xD5, 
    0xB8, 0xAF, 0x0E, 0x2E, 0x13, 0x14, 0x44, 0xC5, 0x00, 0x00, 0x00, 0x00, 
    0x00, 0x00, 0x10, 0x00, 0xD7, 0x55, 0x81, 0xD5, 0xFF, 0xFF, 0x2B, 0xFF, 
    0xE8, 0xAA, 0x2A, 0x2A, 0x00, 0x00, 0x00, 0x00, 0x00, 0x00, 0x00, 0x00, 
    0x20, 0x28, 0x88, 0x08, 0x77, 0x5D, 0x8D, 0xDD, 0x00, 0x14, 0x41, 0x00, 
    0x80, 0x04, 0x11, 0x00, 0x00, 0x00, 0x04, 0x00, 0x88, 0xAA, 0x07, 0x20, 
    0x80, 0x00, 0x00, 0x00, 0x00, 0x00, 0x21, 0x00, 0xC0, 0x00, 0x00, 0x00, 
    0x4F, 0x45, 0x00, 0xD1, 0x00, 0x00, 0x20, 0x00, 0x00, 0x08, 0xA2, 0x00, 
    0x00, 0x2A, 0xA2, 0x00, 0xAC, 0x04, 0x53, 0x04, 0xBC, 0xAA, 0xFB, 0x2B, 
    0xA8, 0xAA, 0xAE, 0x2A, 0x8A, 0xAE, 0xA7, 0x20, 0xD7, 0x00, 0x81, 0x00, 
    0xD5, 0x00, 0x08, 0x00, 0x68, 0x01, 0x0A, 0x00, 0x6F, 0xDD, 0x52, 0xD1, 
    0xD7, 0x55, 0x75, 0xD5, 0x5F, 0x55, 0xF7, 0xD5, 0x5F, 0x0A, 0xAB, 0x00, 
    0x04, 0x81, 0x00, 0x04, 0x3F, 0xAA, 0xFA, 0xEB, 0x00, 0x00, 0x00, 0x00, 
    0x02, 0x04, 0x80, 0x00, 0x00, 0x01, 0x80, 0x06, 0x02, 0x19, 0x02, 0x00, 
    0x00, 0x80, 0x40, 0x00, 0x20, 0x18, 0x52, 0x00, 0x80, 0x00, 0x00, 0x00, 
    0x5F, 0x55, 0xF5, 0xD5, 0x08, 0x13, 0xAC, 0x00, 0x10, 0x15, 0x0C, 0x04, 
    0x10, 0x04, 0x54, 0x05, 0x00, 0x00, 0x00, 0x00, 0x00, 0x00, 0x20, 0x00, 
    0x00, 0x54, 0x00, 0xD1, 0x00, 0x66, 0x00, 0xFF, 0x00, 0x0A, 0x00, 0x2A, 
    0x00, 0x80, 0x00, 0x00, 0x00, 0x00, 0x00, 0x00, 0x20, 0x08, 0xA8, 0x08, 
    0x20, 0x2A, 0xA8, 0x08, 0x20, 0x22, 0x1B, 0x20, 0x40, 0x01, 0x01, 0x00, 
    0x00, 0x00, 0x05, 0x00, 0x00, 0x40, 0x00, 0x00, 0x10, 0x00, 0x01, 0x00, 
    0x10, 0x40, 0x00, 0x02, 0x00, 0x00, 0x20, 0x00, 0x00, 0x82, 0x00, 0x00, 
    0x00, 0x00, 0x0A, 0x00, 0x00, 0x02, 0x02, 0x00, 0x03, 0x40, 0x22, 0x11, 
    0xA8, 0xAE, 0xBB, 0x2A, 0xE8, 0xAE, 0xAB, 0x2A, 0xFF, 0xFF, 0xFF, 0xFF, 
    0xBB, 0xAA, 0xFA, 0xFF, 0xFF, 0xBF, 0xEF, 0xFF, 0x10, 0x40, 0x00, 0x02, 
    0xFF, 0xFF, 0xFF, 0xFD, 0x77, 0x55, 0xC5, 0xFF, 0xFF, 0xFF, 0xFF, 0xFF, 
    0x57, 0x5D, 0x57, 0xD5, 0x07, 0x5F, 0x77, 0xD5, 0x04, 0x44, 0x11, 0x02, 
    0xEF, 0xBF, 0xAB, 0xEA, 0x15, 0x10, 0x05, 0xD1, 0x52, 0x04, 0x45, 0xD1, 
    0xEF, 0xAA, 0xEE, 0x2A, 0x00, 0x00, 0x00, 0x00, 0xFF, 0x55, 0xCF, 0xD5, 
    0x00, 0xA8, 0x0A, 0x2A, 0x80, 0xA8, 0x22, 0x22, 0x5F, 0x7D, 0x77, 0xD5, 
    0x08, 0x8A, 0x12, 0x00, 0x8C, 0xC9, 0x91, 0x08, 0x47, 0x11, 0x01, 0xC0, 
    0x57, 0x55, 0x55, 0xD1, 0x53, 0x55, 0x55, 0xD1, 0x00, 0x00, 0x00, 0x00, 
    0x00, 0x00, 0x00, 0x00, 0x00, 0x00, 0x00, 0x00, 0x20, 0xAA, 0x2A, 0x2A, 
    0x80, 0xAA, 0x2A, 0x22, 0x08, 0x22, 0x02, 0x00, 0x0C, 0x81, 0x62, 0xC4, 
    0x00, 0x44, 0x30, 0x00, 0x40, 0x45, 0x00, 0x00, 0x40, 0x41, 0x50, 0x00, 
    0x00, 0x01, 0x10, 0x00, 0x00, 0x15, 0x00, 0xD5, 0x00, 0x00, 0x00, 0x00, 
    0x00, 0xAA, 0x00, 0x28, 0x00, 0x02, 0x00, 0x00, 0x00, 0x02, 0x08, 0x00, 
    0x00, 0x8A, 0x00, 0x00, 0x00, 0x9C, 0x25, 0x00, 0x20, 0x62, 0x12, 0x22, 
    0xE8, 0xEA, 0xAA, 0x2A, 0xAA, 0xAE, 0xAA, 0x2A, 0xA9, 0xFA, 0xAA, 0x2A, 
    0xA8, 0xBA, 0xAB, 0x2A, 0x00, 0x02, 0x00, 0x04, 0x57, 0x57, 0x75, 0xD5, 
    0x77, 0x55, 0x75, 0xD5, 0x57, 0x55, 0x55, 0xD5, 0x57, 0xD5, 0x75, 0xD5, 
    0x03, 0x83, 0x14, 0x10, 0xAC, 0xAA, 0xAA, 0x2A, 0xEF, 0xFB, 0xBA, 0xEA, 
    0x13, 0x00, 0x45, 0xD1, 0x13, 0x04, 0x41, 0xD1, 0xFF, 0xFF, 0xFF, 0xFB, 
    0x40, 0x1A, 0xA4, 0x07, 0xFF, 0xFF, 0xFF, 0xFF, 0x00, 0x88, 0x02, 0x20, 
    0x80, 0x88, 0x82, 0x22, 0x5F, 0xF5, 0x75, 0xD5, 0x5F, 0x47, 0x55, 0xD0, 
    0x04, 0x05, 0x28, 0x00, 0x44, 0x55, 0x10, 0x00, 0x53, 0x55, 0x55, 0xD1, 
    0x13, 0x55, 0x55, 0xD1, 0x17, 0x00, 0x50, 0x00, 0x40, 0x08, 0xA4, 0x03, 
    0xA8, 0x80, 0x8A, 0x00, 0x00, 0xAA, 0x2A, 0x22, 0x80, 0xAA, 0x8A, 0x22, 
    0x08, 0xAA, 0x20, 0x00, 0x18, 0x08, 0x00, 0x00, 0x88, 0x88, 0x95, 0x08, 
    0x40, 0x01, 0x05, 0x00, 0x40, 0x41, 0x10, 0x00, 0x00, 0x41, 0x10, 0x00, 
    0x40, 0x20, 0x00, 0x00, 0x00, 0x10, 0x00, 0x00, 0x00, 0x08, 0x00, 0x00, 
    0x00, 0x02, 0x08, 0x00, 0x00, 0x02, 0x00, 0x00, 0x80, 0x02, 0x0A, 0x00, 
    0x84, 0x40, 0x6B, 0xC0, 0x00, 0x00, 0x15, 0x00, 0xE8, 0xAA, 0xAF, 0x2A, 
    0xA8, 0xAA, 0xAA, 0x2A, 0xA8, 0xAA, 0xAA, 0x2A, 0xA8, 0xEF, 0xAE, 0xFB, 
    0x00, 0x00, 0x00, 0x00, 0x57, 0x75, 0x51, 0xFF, 0x57, 0x55, 0x75, 0xD5, 
    0x57, 0x55, 0x55, 0xD5, 0xD7, 0x55, 0x5F, 0xD5, 0xC0, 0x06, 0x2A, 0x00, 
    0x24, 0x40, 0x05, 0x20, 0xEF, 0xBB, 0xBF, 0xEA, 0x00, 0x14, 0x00, 0x00, 
    0x00, 0x10, 0x04, 0x00, 0x00, 0x01, 0x05, 0x00, 0x00, 0x00, 0x00, 0x00, 
    0x00, 0x00, 0x00, 0x00, 0x00, 0x20, 0x10, 0x02, 0x00, 0x20, 0x08, 0x00, 
    0xDF, 0x75, 0x7F, 0xD5, 0x8B, 0x93, 0x0B, 0x11, 0xAC, 0xE3, 0x9F, 0x2A, 
    0x47, 0x11, 0x05, 0xC0, 0x00, 0x00, 0x00, 0x00, 0x00, 0x00, 0x00, 0x00, 
    0x57, 0x51, 0x45, 0xD5, 0x40, 0xCD, 0x30, 0x00, 0xA8, 0xAA, 0xAA, 0x2A, 
    0x00, 0x00, 0x00, 0x00, 0x00, 0x00, 0x00, 0x00, 0x88, 0x22, 0x2A, 0x00, 
    0xCF, 0xD5, 0x4F, 0xD5, 0x80, 0xC6, 0x14, 0x02, 0x40, 0x45, 0x04, 0x00, 
    0x00, 0x04, 0x00, 0x00, 0x00, 0x40, 0x05, 0x00, 0xFF, 0x8A, 0xEA, 0x2A, 
    0x00, 0x48, 0x00, 0x00, 0xFF, 0x55, 0xEB, 0xD5, 0x00, 0x80, 0x00, 0x00, 
    0x00, 0x00, 0x00, 0x08, 0x80, 0x8A, 0x28, 0x00, 0x80, 0x88, 0x08, 0x00, 
    0x08, 0x44, 0x8C, 0x08, 0xE8, 0xEE, 0xBE, 0x2A, 0xFF, 0xFF, 0xFF, 0xFF, 
    0x53, 0x55, 0x55, 0xD5, 0x00, 0x40, 0x00, 0x08, 0x00, 0x84, 0x30, 0x00, 
    0x00, 0x08, 0x00, 0x04, 0xA0, 0xAA, 0x2A, 0x2A, 0xFF, 0xFF, 0xFF, 0xFF, 
    0xD7, 0xDD, 0x7D, 0xD5, 0xC4, 0x8A, 0x4C, 0xC4, 0x04, 0x24, 0x06, 0x00, 
    0xEF, 0xFF, 0xBE, 0xEA, 0x13, 0x00, 0x40, 0xD5, 0xE8, 0xAB, 0xBA, 0x2A, 
    0xA8, 0xBA, 0xAA, 0xFF, 0x40, 0x01, 0x00, 0x00, 0x57, 0xE7, 0x55, 0xFF, 
    0x57, 0x57, 0x5D, 0xD5, 0xA0, 0x28, 0x00, 0x22, 0xDF, 0xFD, 0x7D, 0xD5, 
    0x88, 0x4E, 0x08, 0x00, 0x04, 0x25, 0x04, 0x20, 0x44, 0x55, 0x14, 0x00, 
    0x00, 0x00, 0x00, 0x00, 0x00, 0x10, 0x00, 0x00, 0x10, 0x00, 0x05, 0x00, 
    0x00, 0x00, 0x84, 0x00, 0x00, 0x00, 0x20, 0x00, 0x00, 0x00, 0x20, 0x00, 
    0x00, 0x00, 0x02, 0x00, 0x88, 0xAA, 0x28, 0x00, 0x9B, 0x19, 0x19, 0x10, 
    0xA8, 0x6C, 0x3F, 0x28, 0x03, 0x00, 0x15, 0xC0, 0x00, 0x04, 0x40, 0x00, 
    0x00, 0x40, 0x00, 0x00, 0x57, 0x55, 0x45, 0xD5, 0x10, 0x05, 0x84, 0x00, 
    0xA8, 0xAA, 0x2A, 0x2A, 0x00, 0xA0, 0x00, 0x00, 0x00, 0x00, 0x00, 0x00, 
    0x00, 0x00, 0x0A, 0x00, 0x57, 0xDD, 0x7B, 0xD5, 0x40, 0x0C, 0x13, 0x00, 
    0xEB, 0xBE, 0xBB, 0xEA, 0xFF, 0xEF, 0xFB, 0xFF, 0x53, 0x55, 0x55, 0xD1, 
    0xEF, 0xBB, 0xEA, 0x26, 0x00, 0x05, 0x00, 0x00, 0xFF, 0x45, 0x5D, 0xD1, 
    0x80, 0xAA, 0x2A, 0x22, 0xFF, 0xFF, 0xFD, 0xFF, 0x57, 0x7F, 0x77, 0xD5, 
    0x00, 0x0A, 0x62, 0x04, 0xC8, 0x44, 0x30, 0x00, 0xEB, 0xBE, 0xBA, 0xEA, 
    0x13, 0x00, 0x00, 0xD1, 0x40, 0x01, 0x10, 0x00, 0x20, 0x04, 0x00, 0x00, 
    0x00, 0x00, 0x00, 0x00, 0x00, 0x10, 0x00, 0x00, 0x00, 0x02, 0x08, 0x00, 
    0x80, 0x08, 0x00, 0x22, 0x57, 0x7F, 0x75, 0xD5, 0x04, 0x8E, 0x20, 0xC1, 
    0x20, 0x44, 0x1C, 0x08, 0x03, 0x00, 0x14, 0xC0, 0x00, 0x00, 0x00, 0x00, 
    0xA8, 0xAA, 0xAB, 0x2A, 0xA8, 0xEA, 0xA8, 0xFB, 0x10, 0x00, 0x00, 0x00, 
    0x57, 0xFF, 0x56, 0xFF, 0x57, 0x55, 0x75, 0xD5, 0x00, 0x00, 0x00, 0x00, 
    0x00, 0x00, 0x28, 0x00, 0x40, 0xC8, 0x28, 0x00, 0x00, 0xE6, 0x15, 0x2A, 
    0x20, 0x00, 0x17, 0x00, 0x13, 0x01, 0x55, 0xD1, 0x53, 0x55, 0x55, 0xD5, 
    0x00, 0x00, 0x05, 0x00, 0x00, 0x10, 0x00, 0x00, 0x00, 0x02, 0x20, 0x00, 
    0xA9, 0x2A, 0xAA, 0x2A, 0x08, 0x0A, 0x02, 0x22, 0x00, 0x00, 0x2A, 0x00, 
    0x00, 0xDD, 0x2A, 0xD5, 0xE8, 0xAE, 0x9B, 0x2A, 0xE8, 0xBE, 0xBB, 0x2A, 
    0xFB, 0xBF, 0xFF, 0xFB, 0x57, 0x55, 0x55, 0xD5, 0x57, 0x51, 0x45, 0xD5, 
    0x03, 0xDE, 0x80, 0x00, 0xA8, 0xAA, 0x2A, 0x2A, 0xA8, 0x2A, 0xAA, 0x2A, 
    0x5F, 0x7F, 0xDF, 0xF7, 0x57, 0x7F, 0x77, 0xD5, 0x57, 0x5F, 0x62, 0xD5, 
    0x40, 0x4C, 0x10, 0x00, 0xC8, 0xBA, 0xB8, 0x2A, 0x40, 0x00, 0x00, 0x00, 
    0x04, 0x00, 0x08, 0x00, 0xDC, 0xAA, 0xE0, 0x2A, 0x00, 0xCC, 0x00, 0x00, 
    0xFE, 0x45, 0x5E, 0xD5, 0x00, 0x00, 0x00, 0x00, 0x00, 0x00, 0x00, 0x00, 
    0x57, 0x77, 0x75, 0xD5, 0x00, 0x8A, 0x20, 0x00, 0xA8, 0x44, 0x9E, 0x00, 
    0x00, 0x00, 0x14, 0x00, 0x00, 0x14, 0x00, 0x00, 0x00, 0x00, 0x00, 0x00, 
    0xAB, 0x8A, 0xAA, 0x2A, 0x03, 0x00, 0x00, 0x00, 0x50, 0x0D, 0x45, 0x15, 
    0x00, 0x00, 0x00, 0x00, 0x00, 0x20, 0x88, 0x00, 0x00, 0x00, 0x28, 0x00, 
    0x57, 0x88, 0x68, 0x00, 0x04, 0x00, 0x15, 0x00, 0x07, 0x40, 0x15, 0xC0, 
    0x13, 0x05, 0x45, 0xD5, 0x9F, 0x82, 0x53, 0xF1, 0xA0, 0xDB, 0xAA, 0xFF, 
    0x00, 0x02, 0x80, 0x00, 0x10, 0xA5, 0x55, 0x3F, 0x33, 0xA9, 0x0A, 0xFB, 
    0x28, 0x2A, 0x2A, 0x2A, 0x88, 0x80, 0x2A, 0x00, 0x88, 0x00, 0x2A, 0x00, 
    0x44, 0x40, 0x11, 0x00, 0xEF, 0xFE, 0xBB, 0xEA, 0xBF, 0xEF, 0xFF, 0xFF, 
    0x9F, 0xEA, 0x73, 0xF5, 0x60, 0x8B, 0xCA, 0x2B, 0xF4, 0x5F, 0xFF, 0x3F, 
    0x90, 0x07, 0xD5, 0x17, 0x73, 0xFD, 0x3F, 0xFB, 0x7F, 0x7F, 0x7F, 0xFF, 
    0xDF, 0xFF, 0x77, 0xD5, 0x88, 0x82, 0x22, 0x00, 0x44, 0x8A, 0x10, 0x2A, 
    0xEF, 0xFE, 0xBA, 0xEA, 0x04, 0x40, 0x00, 0x00, 0x00, 0x60, 0x20, 0x00, 
    0x00, 0xC0, 0x80, 0x02, 0x00, 0x40, 0x40, 0x00, 0x03, 0x00, 0x41, 0xC1, 
    0x40, 0x54, 0x05, 0x00, 0x00, 0x00, 0x00, 0x00, 0xDF, 0xFF, 0x75, 0xD5, 
    0x88, 0x17, 0x20, 0xD5, 0xAC, 0x8A, 0xBE, 0x2A, 0x07, 0x40, 0x14, 0xC0, 
    0x00, 0x00, 0x10, 0x00, 0x00, 0x08, 0x00, 0x04, 0x57, 0xD5, 0x50, 0xD7, 
    0xFF, 0xDF, 0xFF, 0xFF, 0xA8, 0xAB, 0x89, 0x2B, 0x00, 0x00, 0x30, 0x00, 
    0x00, 0x00, 0x00, 0x00, 0x88, 0x80, 0x28, 0x00, 0xDF, 0x55, 0x6C, 0xD5, 
    0x04, 0x00, 0x15, 0x00, 0x04, 0x40, 0x15, 0x00, 0x00, 0x00, 0x00, 0x00, 
    0x88, 0x8A, 0x02, 0x20, 0x00, 0x02, 0x10, 0x02, 0x00, 0x00, 0x10, 0x00, 
    0x00, 0x01, 0x00, 0x01, 0x13, 0x01, 0x00, 0xD1, 0x00, 0x00, 0x00, 0x00, 
    0x88, 0x80, 0x2A, 0x00, 0x88, 0x00, 0x2A, 0x00, 0xEC, 0x41, 0xB1, 0x00, 
    0xEC, 0xFF, 0xBB, 0x2A, 0xA8, 0xBA, 0xAA, 0x2A, 0x88, 0xCA, 0x22, 0x20, 
    0x47, 0x12, 0x40, 0x02, 0xFF, 0x00, 0x83, 0x00, 0xA8, 0x01, 0x88, 0x01, 
    0x53, 0x75, 0x35, 0xD1, 0x57, 0x55, 0x57, 0xD5, 0xDF, 0xFF, 0x37, 0xD5, 
    0xDF, 0xC2, 0x62, 0x00, 0x44, 0x01, 0x10, 0x00, 0xEF, 0xFB, 0xBA, 0xEA, 
    0x00, 0x10, 0x00, 0x00, 0x00, 0x40, 0x00, 0x00, 0x90, 0x02, 0x80, 0x00, 
    0x00, 0x00, 0x08, 0x00, 0x00, 0x00, 0x40, 0x00, 0x40, 0x54, 0x35, 0x00, 
    0x00, 0x00, 0x00, 0x00, 0xDF, 0xF7, 0x35, 0xD5, 0x88, 0x02, 0x24, 0x00, 
    0x04, 0x00, 0x1E, 0x00, 0x04, 0x40, 0x14, 0x00, 0x00, 0x00, 0x00, 0x00, 
    0x00, 0x00, 0x20, 0x00, 0x00, 0x05, 0x00, 0xD5, 0x00, 0x9F, 0x24, 0xFF, 
    0x00, 0xAA, 0x00, 0x2A, 0x00, 0x20, 0x00, 0x00, 0x00, 0x00, 0x02, 0x00, 
    0x88, 0x80, 0x28, 0x00, 0x88, 0x00, 0x28, 0x00, 0x00, 0x00, 0x02, 0x00, 
    0x14, 0x54, 0x55, 0x15, 0x00, 0x00, 0x05, 0x00, 0x00, 0x00, 0x05, 0x00, 
    0x40, 0x00, 0x15, 0x00, 0x00, 0x00, 0x20, 0x00, 0x80, 0x0A, 0x00, 0x00, 
    0x00, 0x04, 0x0A, 0x00, 0x00, 0x00, 0x0A, 0x00, 0x28, 0x08, 0x80, 0x2A, 
    0x00, 0x00, 0x00, 0x00, 0xFC, 0xFD, 0xDF, 0x3F, 0xFC, 0xFE, 0xFF, 0x3F, 
    0xFF, 0xFF, 0xFF, 0xFF, 0xFF, 0xFF, 0xFF, 0xFF, 0xFF, 0xFF, 0xFF, 0xFF, 
    0xC0, 0x0A, 0x30, 0x00, 0xFF, 0xFF, 0xDF, 0xFF, 0xFF, 0xFF, 0xFF, 0xFF, 
    0xFF, 0xFF, 0xFF, 0xFF, 0xFF, 0x5F, 0xF5, 0xFF, 0xFF, 0xBA, 0xEB, 0xFF, 
    0x60, 0xB0, 0x00, 0x22, 0xEB, 0xAA, 0xAA, 0xEA, 0x15, 0x40, 0x45, 0xD1, 
    0x17, 0x50, 0x44, 0xD0, 0xBF, 0xAA, 0xEA, 0x2A, 0x00, 0x00, 0x00, 0x00, 
    0x7F, 0x51, 0xDF, 0xD5, 0x28, 0x08, 0x02, 0x2A, 0x28, 0xA8, 0x02, 0x28, 
    0x57, 0x57, 0x55, 0xD5, 0x93, 0x30, 0x01, 0x11, 0x08, 0x00, 0x00, 0x00, 
    0x03, 0x00, 0x00, 0xC0, 0x17, 0x51, 0x55, 0xD1, 0x17, 0x51, 0x44, 0xD0, 
    0x00, 0x04, 0x00, 0x00, 0xC0, 0x00, 0x00, 0x00, 0x00, 0x80, 0x00, 0x08, 
    0x28, 0xAA, 0x2A, 0x2A, 0x28, 0xAA, 0x22, 0x28, 0x80, 0x00, 0x20, 0x00, 
    0x40, 0x00, 0x00, 0x00, 0x84, 0x48, 0x88, 0x08, 0x54, 0x55, 0x45, 0x15, 
    0x00, 0x11, 0x10, 0x00, 0x00, 0x01, 0x00, 0x00, 0x00, 0x51, 0x00, 0xD5, 
    0x00, 0x0A, 0x10, 0x00, 0x00, 0x20, 0x00, 0x22, 0x00, 0x80, 0x08, 0x00, 
    0x00, 0x02, 0x00, 0x00, 0x28, 0x08, 0x80, 0x2A, 0x0C, 0x00, 0x40, 0xC4, 
    0x90, 0x0F, 0x55, 0x15, 0xFC, 0xFF, 0xEF, 0x3F, 0xAA, 0xAA, 0xAA, 0x2A, 
    0xA8, 0xAA, 0xAA, 0x28, 0xA8, 0xEB, 0xAB, 0x2A, 0x00, 0x48, 0x00, 0x00, 
    0x57, 0xDD, 0x55, 0xD5, 0x57, 0x33, 0x75, 0xD5, 0x57, 0x55, 0x75, 0xD5, 
    0xFF, 0x5F, 0xF5, 0xFF, 0x20, 0x8A, 0xAA, 0x2A, 0xA8, 0xAA, 0xA2, 0x2A, 
    0xAB, 0xAA, 0xAA, 0xEA, 0x17, 0x14, 0x44, 0xD5, 0x17, 0x00, 0x00, 0xD4, 
    0xFF, 0xFB, 0xFF, 0xFD, 0x00, 0xCF, 0x30, 0x00, 0xFF, 0xBB, 0xFF, 0xFF, 
    0x08, 0xA8, 0x82, 0x28, 0x28, 0x28, 0x0A, 0x22, 0x57, 0x57, 0x75, 0xD5, 
    0x57, 0x55, 0x55, 0xD5, 0x30, 0x04, 0x47, 0x37, 0x00, 0x00, 0x00, 0x00, 
    0x17, 0x55, 0x54, 0xD5, 0x17, 0x41, 0x55, 0xD5, 0x57, 0x00, 0x40, 0x00, 
    0x00, 0x86, 0x30, 0x00, 0xA8, 0x00, 0x82, 0x00, 0x28, 0xAA, 0xAA, 0x2A, 
    0x28, 0xAA, 0x2A, 0x2A, 0x80, 0x00, 0x00, 0x00, 0x33, 0x01, 0xA3, 0x3B, 
    0x10, 0x84, 0x40, 0x15, 0x14, 0x40, 0x45, 0x15, 0x00, 0x01, 0x10, 0x00, 
    0x00, 0x01, 0x10, 0x00, 0x00, 0x00, 0x10, 0x00, 0x00, 0x00, 0x00, 0x00, 
    0x00, 0x02, 0x00, 0x08, 0x20, 0x00, 0x08, 0x00, 0x00, 0x00, 0x20, 0x00, 
    0x28, 0x28, 0xA0, 0x2A, 0x20, 0x50, 0xB0, 0x2A, 0x08, 0x20, 0xA0, 0x08, 
    0xFF, 0xEB, 0xFF, 0xFF, 0xA8, 0xAA, 0xAA, 0x2A, 0xA8, 0xEA, 0xEA, 0x2A, 
    0xA8, 0xBA, 0xAE, 0xFF, 0x00, 0x01, 0x00, 0x00, 0x57, 0x35, 0x79, 0xF7, 
    0x57, 0x57, 0x55, 0xD7, 0x57, 0x57, 0x55, 0xD5, 0xFF, 0x7F, 0xF5, 0xFF, 
    0x44, 0x04, 0x44, 0xC4, 0x00, 0x20, 0x05, 0x00, 0xAB, 0xAA, 0xBA, 0xEA, 
    0x00, 0x40, 0x00, 0x00, 0x00, 0x00, 0x05, 0x01, 0x00, 0x00, 0x45, 0x04, 
    0x00, 0x00, 0x40, 0x04, 0x00, 0x00, 0x00, 0x00, 0x00, 0x00, 0x20, 0x00, 
    0x00, 0x00, 0x00, 0x08, 0x57, 0x57, 0x55, 0xD5, 0x00, 0x10, 0x12, 0x00, 
    0xF8, 0xAA, 0xEA, 0x3F, 0x40, 0x01, 0x00, 0x00, 0x00, 0x00, 0x00, 0x00, 
    0x00, 0x00, 0x00, 0x00, 0x57, 0x55, 0x55, 0xD5, 0x00, 0x22, 0x52, 0x06, 
    0xA8, 0xAA, 0xAA, 0x2A, 0x00, 0x00, 0x00, 0x00, 0x00, 0x80, 0x00, 0x00, 
    0x80, 0x00, 0x00, 0x00, 0x7F, 0x5D, 0xD5, 0xFF, 0x74, 0x0B, 0x50, 0x37, 
    0x14, 0x45, 0x45, 0x15, 0x00, 0x00, 0x04, 0x00, 0x00, 0x00, 0x01, 0x80, 
    0xFF, 0xAA, 0xAA, 0x2A, 0x00, 0x22, 0x00, 0x02, 0xFF, 0x05, 0xF9, 0xD5, 
    0x00, 0xB0, 0x02, 0x00, 0x00, 0x00, 0x00, 0x00, 0x00, 0x00, 0x00, 0x00, 
    0xBB, 0xEE, 0xA1, 0x3B, 0x00, 0x01, 0x22, 0x00, 0xFF, 0xEF, 0xFF, 0xFF, 
    0xFF, 0xBE, 0xFF, 0xFF, 0x17, 0x41, 0x55, 0xD5, 0x20, 0x04, 0x00, 0x00, 
    0x00, 0x00, 0x12, 0x00, 0x00, 0xD0, 0x00, 0x0A, 0x28, 0xAA, 0xAA, 0x2A, 
    0xDF, 0xFF, 0xFF, 0xFF, 0x57, 0x55, 0x55, 0xD5, 0x00, 0x00, 0x00, 0x00, 
    0x88, 0x80, 0x88, 0x08, 0xE8, 0xAA, 0xAA, 0x2A, 0x07, 0x00, 0x40, 0x51, 
    0xA8, 0xAA, 0xBA, 0x2A, 0xA8, 0xFB, 0xBA, 0xF9, 0x00, 0x00, 0x00, 0x00, 
    0x57, 0x7F, 0x53, 0xF5, 0x57, 0x55, 0x7D, 0xD5, 0x08, 0x08, 0x80, 0x2A, 
    0x57, 0x55, 0x55, 0xD5, 0xC4, 0xA3, 0x64, 0xC4, 0x04, 0x00, 0x30, 0x00, 
    0x00, 0x00, 0x10, 0x00, 0x00, 0x00, 0x00, 0x04, 0x10, 0x00, 0x00, 0x00, 
    0x10, 0x00, 0x05, 0x00, 0x00, 0x00, 0x08, 0x00, 0x00, 0x00, 0x80, 0x00, 
    0x00, 0x02, 0x00, 0x00, 0x00, 0x00, 0x00, 0x00, 0x00, 0x00, 0x00, 0x00, 
    0x40, 0x00, 0x00, 0x00, 0xA8, 0x72, 0xFF, 0x2A, 0x17, 0x14, 0x40, 0xD5, 
    0x00, 0x00, 0x00, 0x00, 0x00, 0x00, 0x01, 0x00, 0x57, 0x54, 0x55, 0xD5, 
    0x32, 0x75, 0xC8, 0x00, 0xA8, 0xAA, 0xAA, 0x2A, 0x00, 0xA0, 0x02, 0x00, 
    0x00, 0x00, 0x00, 0x0A, 0x00, 0x00, 0x00, 0x04, 0xD7, 0xF7, 0xD5, 0xD5, 
    0x24, 0x02, 0x01, 0x22, 0xFF, 0xBF, 0xEA, 0xFF, 0xFF, 0xFF, 0xFF, 0xFF, 
    0x17, 0x51, 0x55, 0xD5, 0xCD, 0xBE, 0xBA, 0x28, 0x00, 0x05, 0x80, 0x00, 
    0xDF, 0x05, 0x73, 0xD5, 0x28, 0xAA, 0xAA, 0x2A, 0xFF, 0xFF, 0xFF, 0xFF, 
    0x57, 0x55, 0x55, 0xD5, 0x1B, 0x08, 0x0B, 0x11, 0x80, 0x01, 0x00, 0x00, 
    0xAB, 0xAB, 0xAA, 0xEA, 0x17, 0x00, 0x40, 0xD5, 0x00, 0x01, 0x10, 0x00, 
    0x02, 0x00, 0x00, 0x00, 0x22, 0x70, 0x40, 0x00, 0x20, 0xA0, 0x08, 0x08, 
    0x00, 0x00, 0x28, 0x00, 0x28, 0x08, 0x80, 0x20, 0x57, 0x55, 0x55, 0xD1, 
    0x00, 0x05, 0x08, 0x00, 0x5C, 0x75, 0xDE, 0x1D, 0x40, 0x00, 0x00, 0x00, 
    0x00, 0x10, 0x04, 0x00, 0xA8, 0xEA, 0xAA, 0x2A, 0xA8, 0xEA, 0xEA, 0xFF, 
    0x10, 0x00, 0x00, 0x00, 0x57, 0x4F, 0x55, 0xF7, 0x57, 0x57, 0x55, 0xD5, 
    0x00, 0x00, 0x00, 0x00, 0x28, 0xAA, 0xAA, 0x2A, 0xAC, 0xFA, 0xFE, 0xEE, 
    0x00, 0x2A, 0x00, 0x22, 0x44, 0x50, 0x10, 0x00, 0x17, 0x55, 0x50, 0xD5, 
    0x17, 0x51, 0x50, 0xD5, 0x00, 0x04, 0x41, 0x00, 0x00, 0x00, 0x40, 0x00, 
    0x00, 0x00, 0x00, 0x00, 0xA8, 0x08, 0xA8, 0x2A, 0x28, 0x8A, 0xA0, 0x2A, 
    0x00, 0x01, 0x00, 0x80, 0x00, 0x19, 0x02, 0xD5, 0xA8, 0xAE, 0xAE, 0x2A, 
    0xEC, 0xFF, 0xBF, 0x22, 0xFF, 0xFF, 0xFB, 0xFF, 0x17, 0x55, 0x50, 0xD5, 
    0x57, 0x55, 0x55, 0xD5, 0x50, 0x40, 0x44, 0x00, 0xA8, 0xAA, 0xAA, 0x2A, 
    0xA8, 0x8A, 0xA8, 0x2A, 0xFF, 0xDF, 0xFD, 0xFF, 0x57, 0x55, 0x55, 0xD5, 
    0x57, 0x51, 0x55, 0xD5, 0x54, 0x50, 0x50, 0x15, 0xA8, 0xAA, 0xAA, 0x22, 
    0x40, 0x00, 0x01, 0x00, 0x00, 0x04, 0x00, 0x00, 0xAF, 0xEA, 0xBA, 0x2A, 
    0x40, 0x40, 0x04, 0x00, 0xFF, 0x45, 0xFD, 0xD5, 0x00, 0x02, 0x00, 0x00, 
    0x00, 0x00, 0x08, 0x00, 0x5F, 0xD4, 0x55, 0x55, 0xA8, 0xE2, 0xA0, 0x2A, 
    0xFC, 0x55, 0xDA, 0x15, 0x03, 0x05, 0x05, 0xC0, 0x00, 0x00, 0x00, 0x00, 
    0x00, 0x00, 0x00, 0x00, 0x90, 0xA2, 0x02, 0x00, 0x10, 0x00, 0x00, 0x00, 
    0x00, 0xD0, 0x10, 0x00, 0x00, 0x80, 0x00, 0x00, 0x80, 0x00, 0x00, 0x00, 
    0x20, 0x2A, 0xAA, 0x2A, 0xFF, 0xAA, 0xF0, 0x2A, 0x50, 0xD1, 0x50, 0x1D, 
    0x43, 0x10, 0x00, 0xC0, 0x57, 0x11, 0x50, 0xD5, 0x7F, 0x6B, 0x53, 0xF5, 
    0xC0, 0xB1, 0x24, 0xD5, 0x00, 0x00, 0x00, 0x00, 0x00, 0x7B, 0x16, 0x2A, 
    0x3F, 0x9B, 0xD8, 0xFE, 0x28, 0xA2, 0xA8, 0x2A, 0x00, 0x00, 0x00, 0x00, 
    0xA8, 0xAA, 0xA0, 0x2A, 0x00, 0x40, 0x21, 0x00, 0xFF, 0xFA, 0xFF, 0xFF, 
    0xFF, 0xFF, 0xFA, 0xFF, 0x7F, 0xEF, 0xDB, 0xF7, 0x90, 0xA0, 0x6D, 0x15, 
    0x80, 0xD4, 0x35, 0x00, 0x40, 0x50, 0x14, 0x00, 0xBF, 0xDF, 0xD8, 0xFF, 
    0x7F, 0xFF, 0xFD, 0xFF, 0x77, 0x57, 0xDF, 0xFF, 0x00, 0x00, 0x05, 0x00, 
    0x54, 0xFF, 0x51, 0x35, 0xAB, 0xAA, 0xAA, 0xEA, 0x00, 0x04, 0x00, 0x00, 
    0x00, 0x04, 0x88, 0x02, 0x00, 0x00, 0x10, 0x00, 0x00, 0x00, 0x00, 0x00, 
    0x03, 0x00, 0x02, 0xC8, 0x80, 0x00, 0x00, 0x01, 0x00, 0x00, 0x00, 0x00, 
    0x77, 0x57, 0xD5, 0xFF, 0x28, 0xBD, 0xAA, 0xFF, 0xE8, 0xBA, 0xAA, 0x28, 
    0x07, 0x40, 0x00, 0xC0, 0x00, 0x40, 0x00, 0x00, 0x00, 0x80, 0x00, 0x00, 
    0x57, 0xD5, 0x55, 0xD5, 0xFF, 0xFF, 0xFF, 0xFF, 0xA8, 0xAA, 0xAB, 0x2A, 
    0x00, 0x44, 0x00, 0x00, 0x00, 0x08, 0x00, 0x00, 0x00, 0x00, 0x00, 0x00, 
    0x57, 0x95, 0x58, 0xD5, 0x20, 0x00, 0x00, 0x00, 0x10, 0x00, 0x55, 0x15, 
    0x00, 0x04, 0x10, 0x00, 0x08, 0x2A, 0x02, 0x20, 0x00, 0x80, 0x00, 0x00, 
    0x00, 0x00, 0x00, 0x00, 0x00, 0x00, 0x09, 0x00, 0x17, 0x11, 0x50, 0xD4, 
    0x00, 0x00, 0x02, 0x00, 0x10, 0x00, 0x0E, 0x00, 0x00, 0x00, 0x02, 0x00, 
    0x9C, 0x05, 0x78, 0x15, 0xA8, 0xAA, 0xAA, 0x2A, 0xA9, 0xAE, 0xBF, 0x2A, 
    0x28, 0xEA, 0x8A, 0x22, 0x87, 0x06, 0xC0, 0x02, 0xFF, 0x00, 0xF7, 0x00, 
    0xA8, 0x00, 0xA0, 0x02, 0x17, 0x57, 0x5D, 0xD5, 0x57, 0x5D, 0x5F, 0xDF, 
    0x57, 0x55, 0x55, 0xD5, 0x7F, 0x28, 0xF0, 0x2A, 0x14, 0x05, 0x52, 0x1D, 
    0xEB, 0xAA, 0xAA, 0xEA, 0x01, 0x00, 0x05, 0x00, 0x00, 0x40, 0x88, 0x00, 
    0x50, 0x00, 0x80, 0x06, 0x00, 0x84, 0x08, 0x08, 0x00, 0xA8, 0x00, 0x00, 
    0x00, 0x06, 0x0D, 0x01, 0x00, 0x08, 0x00, 0x02, 0xC7, 0x55, 0x51, 0xD5, 
    0x28, 0x28, 0xA0, 0x2A, 0x54, 0x55, 0xC5, 0x15, 0x40, 0x00, 0x00, 0x00, 
    0x00, 0x00, 0x00, 0x00, 0x20, 0x80, 0x00, 0x02, 0x00, 0x51, 0x05, 0xD1, 
    0x00, 0x7B, 0x00, 0xF7, 0x00, 0x02, 0x00, 0x20, 0x00, 0x40, 0x00, 0x00, 
    0x00, 0x00, 0x08, 0x08, 0x80, 0x00, 0x00, 0x00, 0x00, 0x00, 0x00, 0x00, 
    0x00, 0x14, 0x15, 0x00, 0x00, 0x04, 0x05, 0x00, 0x00, 0x00, 0x05, 0x00, 
    0x00, 0x00, 0x80, 0x00, 0x00, 0x10, 0x01, 0x00, 0x00, 0x10, 0x00, 0x00, 
    0x00, 0x80, 0x20, 0x00, 0x10, 0x08, 0x00, 0x00, 0x00, 0x00, 0x0A, 0x00, 
    0x00, 0x28, 0x2A, 0x00, 0x00, 0x21, 0x2A, 0x00, 0x68, 0x7A, 0x9F, 0x2A, 
    0xE8, 0xFA, 0xBF, 0x2A, 0xFF, 0xFF, 0xFF, 0xFF, 0xBB, 0xBA, 0xFA, 0xFF, 
    0xFF, 0xFF, 0xFF, 0xFF, 0x00, 0x90, 0x10, 0x00, 0xFF, 0xFF, 0xFF, 0xFF, 
    0x36, 0x75, 0xF5, 0xFF, 0xFF, 0xFF, 0xFF, 0xFF, 0x57, 0xFD, 0x7F, 0xD5, 
    0x57, 0xF5, 0x7F, 0xD5, 0x60, 0x14, 0x12, 0x22, 0xAB, 0xBA, 0xBA, 0xEA, 
    0x14, 0x54, 0x41, 0xD5, 0x57, 0x40, 0x40, 0xD5, 0xFF, 0xAA, 0x6C, 0x2A, 
    0x00, 0x00, 0x00, 0x00, 0xAE, 0x55, 0xD7, 0xD5, 0x88, 0x80, 0x88, 0x2A, 
    0x28, 0x88, 0x0A, 0x2A, 0x57, 0x7D, 0x75, 0xD5, 0x53, 0x20, 0x31, 0x11, 
    0x40, 0x12, 0x10, 0x00, 0x43, 0x14, 0x10, 0xC0, 0x57, 0x55, 0x51, 0xD5, 
    0x57, 0x45, 0x53, 0xD5, 0x00, 0x00, 0x00, 0x00, 0x00, 0x00, 0x00, 0x00, 
    0x00, 0x00, 0x00, 0x00, 0xA8, 0x8A, 0xA8, 0x2A, 0xA8, 0x8A, 0xAA, 0x2A, 
    0x00, 0x28, 0x20, 0x00, 0x00, 0x20, 0x20, 0x00, 0x0C, 0x78, 0x9D, 0x08, 
    0x04, 0x54, 0x15, 0x00, 0x40, 0x00, 0x10, 0x00, 0x00, 0x01, 0x10, 0x00, 
    0x00, 0x45, 0x10, 0xD5, 0x00, 0x80, 0x10, 0x00, 0x00, 0x2A, 0x08, 0x2A, 
    0x20, 0x02, 0x20, 0x00, 0x80, 0x02, 0x00, 0x00, 0x08, 0xA8, 0x2A, 0x00, 
    0x0C, 0xF4, 0x6E, 0xC4, 0x04, 0x10, 0x15, 0x00, 0xEC, 0xBE, 0xBF, 0x2A, 
    0xAB, 0xAB, 0xAA, 0x2A, 0xA8, 0xAE, 0xAB, 0x2A, 0xA8, 0xAF, 0xAB, 0x2A, 
    0x00, 0x00, 0x00, 0x00, 0x57, 0x57, 0x55, 0xD5, 0x57, 0x5D, 0x55, 0xD5, 
    0x57, 0x55, 0xF5, 0xD5, 0x5F, 0x7D, 0x7F, 0xD5, 0x08, 0x20, 0x2A, 0x00, 
    0xEC, 0xFA, 0xBA, 0x2A, 0xAF, 0xFE, 0xBA, 0xEA, 0x17, 0x54, 0x10, 0xD5, 
    0x17, 0x04, 0x40, 0xD0, 0xFF, 0xBF, 0xFF, 0xFF, 0x80, 0xCF, 0x10, 0x00, 
    0xFF, 0xFF, 0xFF, 0xFF, 0x08, 0x88, 0x80, 0x22, 0x28, 0x08, 0x28, 0x2A, 
    0x5F, 0xFD, 0x75, 0xD5, 0x5F, 0xF5, 0x75, 0xD5, 0x64, 0xF8, 0x10, 0x22, 
    0x44, 0x54, 0x10, 0x00, 0x57, 0x55, 0x54, 0xD5, 0x17, 0x15, 0x50, 0xD5, 
    0x17, 0x00, 0x44, 0x00, 0x80, 0x88, 0x10, 0x00, 0x28, 0x00, 0xAA, 0x00, 
    0x28, 0x8A, 0xAA, 0x2A, 0xA8, 0x8A, 0xA8, 0x2A, 0x08, 0xA8, 0x20, 0x00, 
    0x1B, 0xF1, 0x21, 0x11, 0x08, 0x50, 0x17, 0x00, 0x00, 0x54, 0x15, 0x00, 
    0x40, 0x01, 0x00, 0x00, 0x00, 0x01, 0x10, 0x00, 0x40, 0x20, 0x12, 0x00, 
    0x00, 0x40, 0x00, 0x00, 0x00, 0xC0, 0x00, 0x00, 0x00, 0x02, 0x20, 0x00, 
    0x80, 0x02, 0x00, 0x00, 0x00, 0xAA, 0x2A, 0x00, 0x04, 0xA4, 0x3A, 0x00, 
    0x80, 0x52, 0xBD, 0x08, 0xEB, 0xFE, 0xBF, 0xEA, 0xA8, 0xAA, 0xAA, 0x2A, 
    0xA8, 0xAA, 0xAA, 0x2B, 0xA8, 0xBA, 0xAA, 0xFF, 0x00, 0x07, 0x00, 0x00, 
    0xD7, 0x7D, 0x55, 0xFF, 0x57, 0x55, 0x55, 0xD5, 0x57, 0x55, 0xD5, 0xD5, 
    0x57, 0xFF, 0x7F, 0xD5, 0x40, 0xA0, 0x6E, 0xC4, 0x00, 0xD0, 0x18, 0x00, 
    0xAB, 0xFE, 0xBA, 0xEA, 0x00, 0x00, 0x40, 0x00, 0x00, 0x00, 0x00, 0x04, 
    0x00, 0x00, 0x01, 0x00, 0x10, 0x00, 0x2A, 0x00, 0x00, 0x00, 0x00, 0x00, 
    0x20, 0x00, 0x0A, 0x08, 0x00, 0x00, 0x00, 0x00, 0x57, 0xFF, 0x75, 0xD5, 
    0x00, 0xB0, 0x20, 0x00, 0xE8, 0xBA, 0xBA, 0x2A, 0x40, 0x14, 0x10, 0x00, 
    0x00, 0x00, 0x04, 0x00, 0x00, 0x10, 0x00, 0x00, 0x57, 0x55, 0x15, 0xD1, 
    0x90, 0x82, 0x6A, 0x04, 0xA8, 0xAA, 0x80, 0x2A, 0x00, 0x00, 0x00, 0x00, 
    0x00, 0x80, 0x00, 0x00, 0x00, 0x2A, 0x20, 0x00, 0x17, 0x30, 0x65, 0xD5, 
    0x24, 0x12, 0x17, 0x22, 0x04, 0x14, 0x15, 0x00, 0x00, 0x00, 0x00, 0x00, 
    0x00, 0x10, 0x01, 0x00, 0xFF, 0x8A, 0xBC, 0x2A, 0x80, 0x82, 0x00, 0x00, 
    0x7F, 0x15, 0xD5, 0xD5, 0x00, 0x80, 0x02, 0x00, 0x00, 0x00, 0x80, 0x00, 
    0x08, 0x28, 0x2A, 0x00, 0x1F, 0x20, 0x2B, 0x11, 0x0C, 0x19, 0x35, 0x00, 
    0xEF, 0xBE, 0xBF, 0xEA, 0xEF, 0xBF, 0xEF, 0xFF, 0x57, 0x55, 0x55, 0xD5, 
    0x00, 0x00, 0x00, 0x00, 0x00, 0x00, 0x00, 0x00, 0x10, 0xCA, 0x04, 0x00, 
    0xA8, 0xAA, 0xAA, 0x2A, 0xFF, 0xFF, 0xFF, 0xFF, 0x5F, 0x7D, 0x7F, 0xD5, 
    0x08, 0x20, 0x2A, 0x00, 0x84, 0x30, 0x90, 0x08, 0xAC, 0xBE, 0xBA, 0x2A, 
    0x07, 0x04, 0x44, 0xD5, 0xE8, 0xAB, 0xAA, 0x2A, 0xA8, 0xDF, 0xAA, 0xFB, 
    0x00, 0x00, 0x40, 0x04, 0xD7, 0x75, 0x55, 0xFF, 0x57, 0x57, 0x75, 0xD5, 
    0xA8, 0x28, 0x08, 0x2A, 0x5F, 0x7D, 0x75, 0xD5, 0x08, 0x22, 0x64, 0xC4, 
    0x04, 0x51, 0x10, 0x00, 0x44, 0x54, 0x10, 0x00, 0x00, 0x00, 0x00, 0x00, 
    0x00, 0x00, 0x00, 0x00, 0x00, 0x00, 0x10, 0x00, 0x00, 0x00, 0x80, 0x00, 
    0x00, 0x08, 0x20, 0x00, 0x00, 0x00, 0x00, 0x00, 0x00, 0x00, 0x00, 0x00, 
    0x08, 0xA8, 0x20, 0x00, 0x08, 0xA2, 0x30, 0x00, 0xE8, 0xA0, 0xAF, 0x2A, 
    0xC3, 0x04, 0x05, 0xC0, 0x00, 0x00, 0x00, 0x00, 0x00, 0x50, 0x00, 0x00, 
    0x57, 0x54, 0x55, 0xD5, 0x01, 0x09, 0xC8, 0x00, 0xA8, 0xAA, 0x2A, 0x2A, 
    0x00, 0x80, 0x00, 0x00, 0x00, 0x00, 0x02, 0x00, 0x00, 0x08, 0x1A, 0x00, 
    0x57, 0x55, 0x5F, 0xD5, 0x60, 0x20, 0x27, 0x22, 0xAB, 0xAE, 0xBF, 0xEA, 
    0xFF, 0xFF, 0xFE, 0xFF, 0x5F, 0xD5, 0x51, 0xD5, 0xF6, 0x0A, 0xAF, 0x2A, 
    0x00, 0x01, 0x48, 0x00, 0xEF, 0x15, 0x5B, 0xD5, 0xA8, 0xAA, 0xAA, 0x2A, 
    0xFF, 0xFF, 0xFF, 0xFF, 0x57, 0x7D, 0x5F, 0xD5, 0x17, 0x14, 0x0B, 0x11, 
    0x48, 0x40, 0x04, 0x00, 0x6B, 0xEA, 0xBE, 0xEA, 0x17, 0x04, 0x40, 0xD5, 
    0x40, 0x01, 0x10, 0x00, 0x01, 0x00, 0x40, 0x00, 0x01, 0x00, 0x00, 0x00, 
    0x00, 0x00, 0x00, 0x00, 0x80, 0x02, 0x20, 0x00, 0x28, 0x08, 0x88, 0x2A, 
    0x57, 0xD5, 0x4D, 0xD5, 0x00, 0xC0, 0x0C, 0x00, 0xC0, 0xC0, 0x8C, 0x08, 
    0x00, 0x40, 0x04, 0x00, 0x00, 0x00, 0x00, 0x00, 0xA8, 0xAA, 0xAA, 0x2A, 
    0xA8, 0xFE, 0xAA, 0xFF, 0x00, 0x08, 0x00, 0x00, 0x57, 0xF7, 0x54, 0xFF, 
    0x57, 0x55, 0x55, 0xD5, 0x00, 0x20, 0x00, 0x00, 0x00, 0x80, 0x08, 0x00, 
    0x40, 0x81, 0x48, 0xC4, 0x00, 0xAA, 0x01, 0x2A, 0x40, 0x04, 0x81, 0x00, 
    0x13, 0x00, 0x50, 0xD5, 0x13, 0x00, 0x55, 0xD5, 0x00, 0x40, 0x10, 0x00, 
    0x00, 0x40, 0x00, 0x00, 0x00, 0x80, 0xA0, 0x00, 0x20, 0x8A, 0x8A, 0x2A, 
    0x20, 0xAA, 0x88, 0x2A, 0x00, 0x08, 0x02, 0x00, 0x00, 0x55, 0x02, 0xD5, 
    0xE8, 0xEA, 0x89, 0x2A, 0xA8, 0xEE, 0xA9, 0x2A, 0xFB, 0xAE, 0xFE, 0xFF, 
    0x53, 0x00, 0x55, 0xD5, 0x57, 0x55, 0x55, 0xD5, 0x00, 0xC0, 0x0A, 0x00, 
    0xA8, 0xAA, 0xA8, 0x2A, 0xA0, 0x8A, 0x8A, 0x2A, 0xF7, 0xFF, 0xFD, 0xFF, 
    0x57, 0xDD, 0x57, 0xD5, 0x57, 0xD5, 0x46, 0xD5, 0x40, 0x00, 0x00, 0x00, 
    0xE8, 0xAA, 0x38, 0x2A, 0x00, 0x04, 0x00, 0x00, 0x40, 0x00, 0x00, 0x00, 
    0xFF, 0xAA, 0xEB, 0x2A, 0x00, 0x00, 0x08, 0x00, 0x7F, 0x55, 0x5C, 0xD7, 
    0x80, 0x00, 0x00, 0x00, 0x00, 0x00, 0x20, 0x00, 0x57, 0x55, 0x55, 0xD5, 
    0x00, 0x00, 0x00, 0x00, 0xE8, 0x40, 0x08, 0x00, 0x03, 0x40, 0x00, 0xC0, 
    0x40, 0x00, 0x04, 0x00, 0x00, 0x00, 0x00, 0x00, 0xA0, 0x2A, 0x8A, 0x2A, 
    0x00, 0x00, 0x00, 0x00, 0xD0, 0x00, 0x45, 0x15, 0x00, 0x00, 0x00, 0x00, 
    0x80, 0x00, 0x00, 0x00, 0x00, 0x80, 0x00, 0x00, 0x57, 0x80, 0x44, 0x00, 
    0x04, 0x00, 0x15, 0x00, 0x47, 0x04, 0x15, 0xC0, 0x13, 0x00, 0x45, 0xD5, 
    0x1F, 0xDB, 0x41, 0xF7, 0x20, 0x3F, 0xAE, 0xFF, 0x00, 0x80, 0x02, 0x00, 
    0x10, 0x3A, 0x55, 0x3D, 0x3F, 0xDD, 0xAA, 0xFB, 0xA0, 0x8A, 0xAA, 0x2A, 
    0x08, 0x0A, 0x2A, 0x00, 0x08, 0x00, 0x2A, 0x00, 0x04, 0x40, 0x85, 0x00, 
    0xAF, 0xEE, 0xBF, 0xEA, 0xBB, 0xAE, 0xEF, 0xFF, 0x9F, 0xDF, 0x63, 0xF7, 
    0x60, 0xAB, 0xEA, 0x2B, 0xFC, 0x5B, 0xFF, 0x3F, 0xD0, 0x56, 0xC5, 0x17, 
    0x7F, 0xDD, 0xBF, 0xFB, 0xF7, 0xDF, 0xFF, 0xFF, 0x5F, 0xDF, 0x5F, 0xD5, 
    0x08, 0x80, 0x0A, 0x00, 0x44, 0xA2, 0x04, 0x2A, 0xEF, 0xAA, 0xBE, 0xEA, 
    0x00, 0x04, 0x00, 0x00, 0x80, 0x04, 0x22, 0x00, 0x00, 0x82, 0x80, 0x02, 
    0x00, 0x00, 0x00, 0x00, 0x03, 0x80, 0x41, 0xC1, 0x00, 0x00, 0x15, 0x00, 
    0x00, 0x00, 0x00, 0x00, 0x5F, 0x57, 0x5D, 0xD5, 0x08, 0x55, 0x08, 0xD5, 
    0xEC, 0xEA, 0x9E, 0x2A, 0x07, 0x40, 0x14, 0xC0, 0x00, 0x00, 0x00, 0x00, 
    0x00, 0x00, 0x00, 0x00, 0x57, 0xD4, 0x45, 0xD7, 0xBE, 0xFF, 0xC6, 0xFF, 
    0xA8, 0xAA, 0x8B, 0x2B, 0x40, 0x00, 0x00, 0x00, 0x00, 0x00, 0x00, 0x00, 
    0x08, 0x82, 0x28, 0x00, 0x4F, 0xD5, 0x6C, 0xD5, 0x84, 0x40, 0x11, 0x00, 
    0x44, 0x44, 0x11, 0x00, 0x00, 0x00, 0x00, 0x00, 0x88, 0x8A, 0x00, 0x22, 
    0x00, 0x02, 0x00, 0x02, 0x00, 0x00, 0x00, 0x00, 0x00, 0x00, 0x00, 0x01, 
    0x07, 0x55, 0x08, 0xD1, 0x00, 0x00, 0x20, 0x00, 0x08, 0x88, 0x23, 0x00, 
    0x08, 0x80, 0x22, 0x00, 0x2C, 0x41, 0x9B, 0x00, 0xAC, 0xEE, 0xBB, 0x2A, 
    0xA8, 0xAB, 0xEF, 0x2A, 0x88, 0x8E, 0x24, 0x22, 0x57, 0x02, 0x00, 0x02, 
    0x9E, 0x00, 0xC0, 0x00, 0xA8, 0x20, 0x82, 0x01, 0x57, 0x5D, 0x1D, 0xD1, 
    0x57, 0x75, 0x7D, 0xD5, 0x5F, 0xDD, 0x77, 0xD5, 0x4F, 0x80, 0x66, 0x00, 
    0x04, 0x00, 0x00, 0x00, 0xEF, 0xAA, 0xBA, 0xEA, 0x00, 0x00, 0x45, 0x00, 
    0x00, 0x04, 0x24, 0x00, 0x80, 0x10, 0xC0, 0x04, 0x20, 0x00, 0x04, 0x00, 
    0x40, 0x00, 0x48, 0x00, 0x10, 0x08, 0x15, 0x00, 0x00, 0x20, 0x08, 0x00, 
    0x5F, 0x55, 0x54, 0xD5, 0x08, 0x02, 0x00, 0x00, 0x44, 0x09, 0x10, 0x00, 
    0x04, 0x00, 0x10, 0x00, 0x00, 0x01, 0x00, 0x00, 0x00, 0x00, 0x00, 0x00, 
    0x00, 0x44, 0x05, 0xD1, 0x00, 0xFF, 0x02, 0xFF, 0x00, 0x0A, 0x00, 0x2A, 
    0x40, 0x00, 0x00, 0x00, 0x00, 0x00, 0x00, 0x00, 0x08, 0x00, 0x20, 0x00, 
    0x08, 0x02, 0x20, 0x00, 0xE8, 0x2C, 0x27, 0x22, 0x40, 0x10, 0x05, 0x00, 
    0x00, 0x04, 0x05, 0x00, 0x00, 0x00, 0x00, 0x00, 0x57, 0x00, 0x55, 0x00, 
    0x00, 0x00, 0x00, 0x00, 0x28, 0x02, 0xAA, 0x00, 0x80, 0x20, 0x00, 0x00, 
    0x00, 0x08, 0x0A, 0x00, 0x08, 0x28, 0x0A, 0x00, 0x1B, 0x0B, 0x1B, 0x11, 
    0xA8, 0xEF, 0xAE, 0x2A, 0xA8, 0xEE, 0xAE, 0x2A, 0xFF, 0xFF, 0xFF, 0xFF, 
    0xBB, 0xAA, 0xAA, 0xFF, 0xFF, 0xFB, 0xFF, 0xFF, 0x88, 0x0F, 0x01, 0x00, 
    0xFF, 0xF7, 0xFF, 0xFF, 0x77, 0x55, 0x55, 0xFF, 0xFF, 0xFF, 0xFF, 0xFF, 
    0x5F, 0xD5, 0x5D, 0xD5, 0x5F, 0xDD, 0x5D, 0xD5, 0x40, 0x01, 0x04, 0x00, 
    0xEB, 0xAE, 0xAE, 0xEA, 0x13, 0x10, 0x51, 0xD5, 0x13, 0x20, 0x55, 0xD5, 
    0xA8, 0x8B, 0xAA, 0x2A, 0x80, 0x01, 0x00, 0x00, 0x57, 0x55, 0x55, 0xD5, 
    0x20, 0x00, 0xAA, 0x2A, 0x20, 0x20, 0xAA, 0x2A, 0x57, 0x55, 0x5D, 0xD5, 
    0x00, 0x10, 0x08, 0x00, 0x40, 0x82, 0x85, 0x08, 0x43, 0x10, 0x05, 0xC0, 
    0x53, 0x14, 0x55, 0xD5, 0x53, 0x54, 0x55, 0xD5, 0x00, 0x50, 0x00, 0xD5, 
    0x00, 0x02, 0x00, 0x00, 0x00, 0xA0, 0x00, 0x2A, 0xA0, 0x88, 0xAA, 0x2A, 
    0xA0, 0x28, 0xAA, 0x2A, 0x00, 0x28, 0x0A, 0x00, 0x04, 0x46, 0x4E, 0xC4, 
    0x04, 0x54, 0x0D, 0x00, 0x04, 0x54, 0x15, 0x00, 0x40, 0x00, 0x04, 0x00, 
    0x40, 0x50, 0x00, 0x00, 0x00, 0x00, 0x00, 0x00, 0x08, 0x0C, 0x01, 0x00, 
    0x80, 0x00, 0x00, 0x00, 0x80, 0x88, 0x00, 0x00, 0x80, 0x00, 0x00, 0x00, 
    0x08, 0xA0, 0x2A, 0x00, 0x48, 0xAA, 0x0A, 0x00, 0x20, 0x17, 0x06, 0x22, 
    0xA8, 0xAA, 0xBE, 0x2A, 0xA8, 0xAE, 0xAA, 0x2A, 0xA8, 0xAE, 0xAA, 0x2A, 
    0xFB, 0xAB, 0xFF, 0x2A, 0x00, 0x00, 0x00, 0x00, 0xFF, 0xD5, 0xFF, 0xD5, 
    0x57, 0x55, 0x55, 0xD5, 0x57, 0x5D, 0x55, 0xD5, 0x5F, 0x5D, 0x7D, 0xD5, 
    0x1B, 0x2C, 0x08, 0x11, 0x28, 0xFB, 0xAE, 0x2A, 0xA8, 0xEB, 0xBE, 0x2A, 
    0x13, 0x04, 0x05, 0xD5, 0x03, 0x00, 0x05, 0xD5, 0xFF, 0xFF, 0xFF, 0xFF, 
    0x84, 0xDD, 0x00, 0x00, 0xFF, 0xFF, 0xFF, 0xFF, 0x20, 0x20, 0x0A, 0x2A, 
    0x20, 0xA0, 0x0A, 0x2A, 0x57, 0xDD, 0x7D, 0xD5, 0x57, 0xB4, 0x5C, 0xD5, 
    0x48, 0x79, 0x25, 0x00, 0x40, 0x54, 0x15, 0x00, 0x53, 0x14, 0x55, 0xD5, 
    0x53, 0x54, 0x55, 0xD5, 0x04, 0x44, 0x00, 0x00, 0x84, 0x4C, 0x00, 0x00, 
    0x00, 0x08, 0x00, 0x00, 0xA0, 0xA8, 0xAA, 0x2A, 0xA0, 0xA8, 0xAA, 0x2A, 
    0x08, 0xA0, 0x2A, 0x00, 0x08, 0xA2, 0x1A, 0x00, 0x44, 0x40, 0x81, 0x08, 
    0x44, 0x50, 0x01, 0x00, 0x00, 0x00, 0x00, 0x00, 0x40, 0x40, 0x00, 0x00, 
    0x00, 0x00, 0x08, 0xD5, 0x00, 0x91, 0x00, 0x00, 0x00, 0x23, 0x00, 0x2A, 
    0x00, 0x80, 0x00, 0x00, 0x80, 0x00, 0x00, 0x00, 0x88, 0xA8, 0x02, 0x00, 
    0x88, 0x92, 0x46, 0xC4, 0x00, 0xC1, 0x08, 0x00, 0xA8, 0xEE, 0xAA, 0x2A, 
    0xA8, 0xBA, 0xBA, 0x2A, 0xA8, 0xAE, 0xAA, 0x2A, 0xA8, 0xBA, 0xAA, 0x2A, 
    0x00, 0x00, 0x00, 0x00, 0x57, 0x55, 0x55, 0xD5, 0x57, 0x5D, 0x55, 0xD5, 
    0x57, 0x5D, 0x75, 0xD5, 0xDF, 0xD5, 0x55, 0xD5, 0xCC, 0x80, 0x00, 0x00, 
    0x60, 0x47, 0x22, 0x22, 0xEB, 0xEF, 0xAA, 0xEA, 0x00, 0x00, 0x40, 0x00, 
    0x00, 0x00, 0x50, 0x00, 0x57, 0x00, 0x51, 0x00, 0x00, 0x00, 0x40, 0x00, 
    0xA8, 0x00, 0xAA, 0x00, 0x00, 0x00, 0xA0, 0x00, 0x00, 0x00, 0x00, 0x00, 
    0xD7, 0xD5, 0x55, 0xD5, 0x93, 0x88, 0x10, 0x11, 0xE8, 0x27, 0xAB, 0x2A, 
    0x43, 0x10, 0x01, 0xC0, 0x40, 0x00, 0x00, 0x00, 0x10, 0x10, 0x00, 0x00, 
    0x57, 0x41, 0x55, 0xD5, 0x00, 0x1D, 0x60, 0x00, 0xA8, 0xAA, 0xAA, 0x2A, 
    0x80, 0x00, 0x00, 0x00, 0x00, 0x00, 0x80, 0x00, 0x88, 0x28, 0x02, 0x00, 
    0xDB, 0x4F, 0x57, 0xD5, 0x84, 0x01, 0x01, 0x00, 0x04, 0x14, 0x11, 0x00, 
    0x00, 0x00, 0x50, 0x00, 0x00, 0x10, 0x04, 0x00, 0xA8, 0xAA, 0xA2, 0x2A, 
    0x00, 0x09, 0x00, 0x00, 0x57, 0x54, 0x55, 0xD5, 0x00, 0xA0, 0x08, 0x00, 
    0x00, 0x00, 0xA0, 0x00, 0x88, 0x20, 0x22, 0x00, 0x88, 0x42, 0x02, 0x00, 
    0x0C, 0x01, 0x80, 0x08, 0xAC, 0xAB, 0xBA, 0x2A, 0xEF, 0xFF, 0xFF, 0xFF, 
    0x53, 0x55, 0x55, 0xD5, 0x00, 0x41, 0x00, 0xD5, 0x00, 0x00, 0x00, 0x00, 
    0x00, 0xEA, 0x00, 0x2A, 0xA0, 0xA8, 0xAA, 0x2A, 0xFF, 0xFF, 0xFF, 0xFF, 
    0xDF, 0x5D, 0x75, 0xD5, 0xC8, 0x00, 0x45, 0xC4, 0x00, 0x25, 0x08, 0x00, 
    0xA8, 0xAB, 0xBA, 0x2A, 0x03, 0x40, 0x01, 0xD5, 0xE8, 0xAA, 0xAA, 0x2A, 
    0xA8, 0xAA, 0xAE, 0x2A, 0x00, 0x14, 0x20, 0x00, 0x57, 0x55, 0x55, 0xD5, 
    0xD7, 0x55, 0x55, 0xD5, 0x20, 0x00, 0x02, 0x2A, 0xDF, 0x5D, 0x75, 0xD5, 
    0x88, 0x0D, 0x00, 0x00, 0x60, 0x65, 0x23, 0x22, 0x40, 0x54, 0x11, 0x00, 
    0x00, 0x01, 0x00, 0x00, 0x00, 0x04, 0x00, 0x00, 0x47, 0x10, 0x55, 0x00, 
    0x00, 0x00, 0x00, 0x00, 0xA8, 0x08, 0xAA, 0x00, 0x01, 0x08, 0x00, 0x00, 
    0x00, 0x00, 0x00, 0x00, 0x88, 0xA0, 0x22, 0x00, 0x9B, 0x8A, 0x12, 0x11, 
    0xA8, 0xBE, 0xAF, 0x2A, 0x03, 0x04, 0x05, 0xC0, 0x00, 0x00, 0x50, 0x00, 
    0x00, 0x10, 0x05, 0x00, 0x57, 0x55, 0x55, 0xD5, 0x10, 0x7A, 0x06, 0x00, 
    0xA8, 0x8A, 0xAA, 0x2A, 0x00, 0xA0, 0x02, 0x00, 0x00, 0x00, 0xA8, 0x00, 
    0x00, 0x08, 0x0A, 0x00, 0x57, 0x79, 0x5F, 0xD5, 0x08, 0x85, 0x04, 0x00, 
    0xAB, 0xAF, 0xAE, 0xEA, 0xFF, 0xFF, 0xFF, 0xFF, 0x53, 0x54, 0x55, 0xD5, 
    0xA8, 0xAA, 0xAA, 0x2A, 0x00, 0x00, 0x00, 0x00, 0x56, 0x15, 0x55, 0xD5, 
    0xA0, 0xA8, 0xAA, 0x2A, 0xFF, 0xFF, 0xFF, 0xFF, 0x57, 0x5D, 0x5D, 0xD5, 
    0x00, 0x09, 0x09, 0x00, 0x80, 0x0B, 0x8C, 0x08, 0xAB, 0xBB, 0xAE, 0xEA, 
    0x13, 0x00, 0x00, 0xD5, 0x40, 0x40, 0x00, 0x00, 0x10, 0x44, 0x00, 0xD5, 
    0x10, 0x7A, 0x00, 0x00, 0x10, 0x80, 0x00, 0x2A, 0x80, 0x00, 0x00, 0x00, 
    0x20, 0x00, 0x00, 0x2A, 0x57, 0x75, 0x5D, 0xD5, 0x00, 0x00, 0x4C, 0xC4, 
    0x00, 0x50, 0x05, 0x00, 0x03, 0x50, 0x05, 0xC0, 0x00, 0x00, 0x00, 0x00, 
    0xA8, 0xAE, 0xAA, 0x2A, 0xA8, 0xAB, 0xAA, 0x2A, 0x00, 0x00, 0x06, 0x00, 
    0x57, 0x57, 0x55, 0xD5, 0x57, 0x5D, 0x55, 0xD5, 0x00, 0x00, 0x00, 0x00, 
    0x00, 0xA0, 0x0A, 0x00, 0x44, 0xF0, 0x0A, 0x00, 0x00, 0x40, 0x01, 0x00, 
    0x00, 0x40, 0x01, 0x00, 0x57, 0x11, 0x45, 0xD5, 0x57, 0x40, 0x45, 0xD5, 
    0x57, 0x00, 0x14, 0x00, 0x00, 0x00, 0x00, 0x00, 0xA8, 0x00, 0xA2, 0x00, 
    0xA8, 0x20, 0xAA, 0x2A, 0xA8, 0xA0, 0xAA, 0x2A, 0x80, 0x80, 0x02, 0x00, 
    0x80, 0x80, 0x02, 0x00, 0x00, 0xCB, 0x00, 0x2A, 0xA8, 0xEB, 0xA8, 0x2A, 
    0xFF, 0xFF, 0xEF, 0xFF, 0x57, 0x44, 0x45, 0xD5, 0x57, 0x55, 0x55, 0xD5, 
    0x22, 0x80, 0x24, 0x00, 0xA8, 0xAA, 0xAA, 0x2A, 0xA8, 0x22, 0xAA, 0x2A, 
    0xFF, 0xFD, 0xFF, 0xFF, 0xD7, 0xD7, 0x55, 0xD5, 0x80, 0xD5, 0x00, 0xD5, 
    0x00, 0x45, 0x00, 0x00, 0xAB, 0xFF, 0xA8, 0xEA, 0x00, 0x40, 0x00, 0x00, 
    0x00, 0x04, 0x00, 0x00, 0xA8, 0xAA, 0xEA, 0x2A, 0x00, 0x00, 0x00, 0x00, 
    0x47, 0xD5, 0x5D, 0xD5, 0x00, 0x02, 0x00, 0x00, 0x00, 0x08, 0x00, 0x00, 
    0xD7, 0xFD, 0x55, 0xD5, 0x80, 0xC9, 0x00, 0x00, 0x00, 0x04, 0x01, 0x00, 
    0x00, 0x14, 0x01, 0x00, 0x00, 0x04, 0x00, 0x00, 0x00, 0x00, 0x00, 0x00, 
    0xA8, 0x7E, 0xAA, 0xFF, 0x00, 0x00, 0x00, 0x00, 0x10, 0x2B, 0x41, 0x3F, 
    0x00, 0x00, 0x00, 0x00, 0x00, 0x00, 0x00, 0x00, 0x80, 0x2A, 0x02, 0x00, 
    0x80, 0x08, 0x02, 0x00, 0x40, 0xCE, 0x05, 0x2A, 0x47, 0x44, 0x15, 0xC0, 
    0x57, 0x00, 0x44, 0xD5, 0x53, 0x40, 0x55, 0xFF, 0xA8, 0xAB, 0x83, 0x2A, 
    0x22, 0x80, 0x24, 0x00, 0x10, 0x05, 0x41, 0x15, 0x28, 0x48, 0xAA, 0xFF, 
    0xA8, 0x2A, 0xAA, 0x2A, 0x08, 0x88, 0x2A, 0x00, 0x00, 0x9C, 0x0A, 0xD5, 
    0x40, 0x05, 0x04, 0x00, 0xEF, 0xAF, 0xBE, 0xEA, 0xFF, 0xEA, 0xEE, 0xFF, 
    0xFF, 0xC5, 0xFF, 0xFF, 0xE0, 0xAB, 0xC2, 0x2B, 0xB8, 0xF8, 0xD3, 0x3F, 
    0x94, 0x13, 0xC5, 0x17, 0xFF, 0x6B, 0xFF, 0xFF, 0xFF, 0x7F, 0xFF, 0xFF, 
    0x5F, 0x5F, 0x7C, 0xD5, 0x00, 0x08, 0x08, 0x00, 0x40, 0x41, 0x04, 0x00, 
    0xEF, 0xFB, 0xBE, 0xEA, 0x00, 0x40, 0x00, 0x00, 0xA8, 0x84, 0xAA, 0x00, 
    0x00, 0x02, 0x00, 0x00, 0x00, 0x28, 0x00, 0x00, 0x43, 0x00, 0x03, 0xC0, 
    0x57, 0x01, 0x55, 0x00, 0x00, 0x00, 0x00, 0x00, 0x5F, 0xF5, 0x7C, 0xD5, 
    0x00, 0x81, 0x08, 0x00, 0x40, 0xCA, 0x07, 0x2A, 0x47, 0x50, 0x15, 0xC0, 
    0x00, 0x00, 0x00, 0x00, 0x04, 0x01, 0x00, 0x00, 0x00, 0x57, 0x01, 0xD5, 
    0x40, 0xEB, 0x00, 0xFF, 0x00, 0xAA, 0x0B, 0x2A, 0x80, 0x22, 0x00, 0x00, 
    0x00, 0x00, 0x00, 0x00, 0x08, 0xA2, 0x2A, 0x00, 0x00, 0xD5, 0x0B, 0xD5, 
    0x40, 0x00, 0x01, 0x00, 0x44, 0x00, 0x11, 0x00, 0x00, 0x00, 0x00, 0x00, 
    0x00, 0x04, 0x02, 0x2A, 0x00, 0x02, 0x00, 0x00, 0x00, 0x00, 0x00, 0x00, 
    0x00, 0x00, 0x00, 0x00, 0x00, 0x00, 0x01, 0xD5, 0x00, 0x00, 0x00, 0x00, 
    0x88, 0x00, 0x22, 0x00, 0x80, 0x00, 0x02, 0x00, 0x40, 0x41, 0x00, 0x00, 
    0xEC, 0xEB, 0xB2, 0x2A, 0xA8, 0xAB, 0xAA, 0x2A, 0xA8, 0xB4, 0xAA, 0x2A, 
    0x00, 0x02, 0x00, 0x00, 0x00, 0x00, 0x00, 0x00, 0x40, 0x00, 0x08, 0x00, 
    0x57, 0x60, 0x55, 0xD5, 0x57, 0x55, 0x57, 0xD5, 0xDF, 0xD5, 0x75, 0xD5, 
    0x80, 0x80, 0x00, 0x00, 0x40, 0x87, 0x00, 0x2A, 0xEC, 0xBF, 0xB2, 0x2A, 
    0x00, 0x01, 0x00, 0x00, 0xA8, 0xA0, 0xA8, 0x00, 0x80, 0x57, 0x80, 0xD7, 
    0x40, 0xC3, 0x00, 0xFB, 0x40, 0xAB, 0x40, 0x2B, 0x57, 0x40, 0x54, 0x00, 
    0x00, 0x00, 0x00, 0x00, 0xDF, 0x7D, 0x75, 0xD5, 0x80, 0x5C, 0x00, 0xD5, 
    0x40, 0x0C, 0x03, 0x00, 0x44, 0x14, 0x11, 0x00, 0x00, 0x00, 0x00, 0x00, 
    0x00, 0x10, 0x00, 0x00, 0x00, 0x00, 0x01, 0x00, 0x00, 0x00, 0x00, 0x04, 
    0x00, 0x00, 0x00, 0x00, 0x00, 0x20, 0x00, 0x00, 0x00, 0x00, 0x02, 0x00, 
    0x88, 0x28, 0x22, 0x00, 0x80, 0x08, 0x03, 0x00, 0x20, 0x08, 0x02, 0x22, 
    0x00, 0x00, 0x00, 0x00, 0x00, 0x04, 0x05, 0x00, 0x00, 0x04, 0x05, 0x00, 
    0x53, 0x00, 0x45, 0x00, 0x00, 0x00, 0x00, 0x00, 0x88, 0x00, 0x8A, 0x00, 
    0x04, 0x08, 0x0A, 0x00, 0x00, 0x08, 0x0A, 0x00, 0x00, 0x00, 0x00, 0x00, 
    0x13, 0x50, 0x00, 0x11, 0xF4, 0x7F, 0xDF, 0x3F, 0xA8, 0xAA, 0xBA, 0x2A, 
    0xFF, 0xFF, 0xFF, 0xFF, 0xDF, 0xFF, 0xFF, 0xFF, 0xFB, 0xFF, 0xFF, 0xFF, 
    0x00, 0x42, 0x30, 0x00, 0xDF, 0xFF, 0xFF, 0xFF, 0xFF, 0xFF, 0xFF, 0xFF, 
    0xFF, 0xFF, 0xFF, 0xFF, 0x5F, 0x55, 0x75, 0xD5, 0xFF, 0xFF, 0xEF, 0xFF, 
    0x44, 0x11, 0x18, 0x00, 0xAB, 0xAA, 0xBA, 0xEA, 0x13, 0x51, 0x41, 0xD5, 
    0x13, 0x04, 0x41, 0xD5, 0x88, 0xAA, 0xAA, 0x2A, 0x00, 0x02, 0x00, 0x00, 
    0x53, 0x55, 0x55, 0xD5, 0x20, 0xA2, 0xA2, 0x2A, 0x20, 0x22, 0x80, 0x2A, 
    0x5F, 0x55, 0x75, 0xD5, 0x04, 0x00, 0x21, 0x00, 0x00, 0x00, 0x80, 0x08, 
    0x07, 0x00, 0x50, 0xC0, 0x53, 0x55, 0x55, 0xD5, 0x53, 0x54, 0x55, 0xD5, 
    0x00, 0x55, 0x10, 0xD5, 0x00, 0x00, 0x30, 0x00, 0x00, 0x2A, 0x20, 0x2A, 
    0xA8, 0xAA, 0xAA, 0x2A, 0xA8, 0x2A, 0xAA, 0x2A, 0x00, 0x00, 0x00, 0x00, 
    0x00, 0x00, 0x44, 0xC4, 0x80, 0x66, 0x04, 0x00, 0x14, 0x45, 0x55, 0x15, 
    0x40, 0x00, 0x00, 0x00, 0x40, 0x00, 0x04, 0x00, 0x00, 0x00, 0x00, 0x00, 
    0x00, 0x40, 0x00, 0x00, 0x00, 0x80, 0x00, 0x00, 0x88, 0x00, 0x08, 0x00, 
    0x88, 0x00, 0x08, 0x00, 0x20, 0x0A, 0x02, 0x2A, 0x40, 0x85, 0x08, 0x00, 
    0x30, 0x00, 0x63, 0x37, 0xA8, 0xAA, 0xAA, 0x2A, 0xA8, 0xAE, 0xBE, 0x2A, 
    0xA8, 0xFA, 0xBA, 0x2A, 0xBB, 0xAA, 0xFB, 0x2A, 0x00, 0x00, 0x00, 0x00, 
    0x57, 0x55, 0xFF, 0xD5, 0x57, 0x5D, 0x55, 0xD5, 0x57, 0x5D, 0x77, 0xD5, 
    0x77, 0x5F, 0x55, 0xFF, 0xBB, 0x2B, 0x93, 0x3B, 0x28, 0xA8, 0xAA, 0x2A, 
    0xA8, 0xEE, 0xAE, 0x2A, 0x12, 0x14, 0x01, 0xD5, 0x13, 0x10, 0x01, 0xD5, 
    0xFB, 0xFF, 0xFB, 0xFF, 0xC8, 0x96, 0x04, 0x00, 0xD7, 0xFD, 0xFF, 0xFF, 
    0x00, 0x00, 0x00, 0x2A, 0x28, 0x00, 0x00, 0x2A, 0x57, 0x55, 0x55, 0xD5, 
    0x17, 0x45, 0x55, 0xD5, 0x18, 0x84, 0x05, 0x15, 0x10, 0x01, 0x01, 0x15, 
    0x53, 0x55, 0x55, 0xD5, 0x53, 0x54, 0x55, 0xD5, 0x00, 0x10, 0x00, 0x00, 
    0x80, 0x94, 0x00, 0x00, 0x80, 0x00, 0x00, 0x00, 0xA8, 0xAA, 0xAA, 0x2A, 
    0xA8, 0xAA, 0x8A, 0x2A, 0x00, 0x00, 0x02, 0x00, 0x20, 0x48, 0x02, 0x2A, 
    0x10, 0x28, 0x88, 0x1D, 0x04, 0x41, 0x54, 0x00, 0x40, 0x00, 0x00, 0x00, 
    0x00, 0x40, 0x00, 0x00, 0x00, 0x45, 0x00, 0xD5, 0x48, 0x02, 0x00, 0x00, 
    0x00, 0x20, 0x04, 0x2A, 0x88, 0x00, 0x08, 0x00, 0x80, 0x00, 0x88, 0x00, 
    0x00, 0x00, 0x00, 0x00, 0x24, 0x0C, 0x44, 0xEE, 0x00, 0x04, 0x04, 0x00, 
    0xEF, 0xFB, 0xFF, 0xEA, 0xA8, 0xAB, 0xEE, 0x2A, 0xA8, 0xAE, 0xAE, 0x2A, 
    0xE8, 0xAA, 0xA2, 0x2A, 0x00, 0x00, 0x04, 0x00, 0x57, 0xDD, 0x55, 0xD5, 
    0x57, 0x5D, 0x55, 0xD5, 0x57, 0x5D, 0x55, 0xD5, 0xF7, 0xFD, 0x5F, 0xFF, 
    0x00, 0x00, 0x00, 0x00, 0x20, 0x20, 0x03, 0x22, 0xAB, 0xAA, 0xAA, 0xEA, 
    0x00, 0x00, 0x10, 0x00, 0x00, 0x00, 0x50, 0x00, 0x13, 0x00, 0x11, 0x00, 
    0x00, 0x00, 0x00, 0x00, 0x08, 0x00, 0xA0, 0x00, 0x00, 0xA0, 0xA0, 0x00, 
    0x00, 0xA0, 0x00, 0x00, 0xD7, 0x75, 0x55, 0xD5, 0x13, 0x01, 0x03, 0x11, 
    0xB0, 0xAC, 0xCE, 0x3F, 0x40, 0x10, 0x01, 0x00, 0x01, 0x40, 0x00, 0x00, 
    0x40, 0x00, 0x00, 0x00, 0x53, 0x15, 0x51, 0xD5, 0x00, 0x60, 0x2F, 0x00, 
    0x88, 0x8A, 0xAA, 0x2A, 0x20, 0x02, 0x02, 0x00, 0x00, 0x02, 0x02, 0x00, 
    0x00, 0x00, 0x00, 0x00, 0x77, 0x7F, 0x4D, 0xFF, 0x10, 0x5C, 0x45, 0x15, 
    0x14, 0x04, 0x14, 0x15, 0x00, 0x00, 0x40, 0x00, 0x10, 0x00, 0x03, 0x00, 
    0xA8, 0xAA, 0xE0, 0x2A, 0x00, 0x00, 0x00, 0x00, 0x57, 0x55, 0x59, 0xD5, 
    0x00, 0x00, 0x00, 0x00, 0x00, 0xA0, 0xA0, 0x00, 0x00, 0x88, 0x08, 0x00, 
    0xEC, 0xBE, 0xAA, 0x2A, 0x80, 0x90, 0x89, 0x08, 0xBC, 0xFF, 0xBF, 0x3F, 
    0xFF, 0xEF, 0xFF, 0xFF, 0x53, 0x14, 0x55, 0xD5, 0xC0, 0xB5, 0x00, 0xD5, 
    0x00, 0x40, 0x02, 0x00, 0x80, 0x52, 0x00, 0x2A, 0xA8, 0xAA, 0xAA, 0x2A, 
    0x7F, 0xFD, 0xFF, 0xF7, 0x77, 0x55, 0x57, 0xFF, 0x88, 0x00, 0xE6, 0xC4, 
    0x00, 0x00, 0x00, 0x00, 0xA8, 0xFB, 0xAB, 0x2A, 0x03, 0x00, 0x14, 0xD5, 
    0xE8, 0xAA, 0xAA, 0x2A, 0xA8, 0xAA, 0xAA, 0x2A, 0x00, 0x20, 0x2D, 0x00, 
    0x57, 0xDD, 0x57, 0xD5, 0x5F, 0x55, 0x55, 0xD5, 0x20, 0x00, 0x08, 0x22, 
    0x57, 0x55, 0x55, 0xD5, 0x00, 0x40, 0x00, 0x00, 0x20, 0x42, 0x02, 0x22, 
    0x00, 0x00, 0x00, 0x00, 0x00, 0x00, 0x00, 0x00, 0x08, 0x04, 0x00, 0x00, 
    0x42, 0x00, 0x55, 0x00, 0x00, 0x00, 0x00, 0x00, 0x88, 0x00, 0xAA, 0x00, 
    0x00, 0x08, 0x02, 0x00, 0x00, 0x00, 0x00, 0x00, 0x00, 0x00, 0x00, 0x00, 
    0x13, 0x80, 0x01, 0x11, 0xB8, 0xBE, 0xCF, 0x3F, 0x53, 0x51, 0x55, 0xD5, 
    0x00, 0x00, 0x50, 0x00, 0x00, 0x00, 0x05, 0x00, 0x53, 0x45, 0x55, 0xD5, 
    0x01, 0x72, 0x00, 0x00, 0xA8, 0xAA, 0xAA, 0x2A, 0x00, 0xA0, 0x00, 0x00, 
    0x00, 0x00, 0xA0, 0x00, 0x00, 0x00, 0x00, 0x00, 0xFF, 0x73, 0x41, 0xFF, 
    0x00, 0x60, 0x05, 0x00, 0xFF, 0xFF, 0xFF, 0xFF, 0xFF, 0xFF, 0xFF, 0xFF, 
    0x53, 0x54, 0x55, 0xD5, 0x20, 0x4A, 0xAA, 0x2A, 0x00, 0x72, 0x00, 0x00, 
    0x57, 0x05, 0x55, 0xD5, 0xA8, 0xAA, 0xAA, 0x2A, 0xFF, 0xFD, 0xF5, 0xFF, 
    0x57, 0x55, 0x51, 0xD5, 0x00, 0x88, 0x0A, 0x00, 0x48, 0x00, 0x80, 0x08, 
    0xAB, 0xAE, 0xAA, 0xEA, 0x03, 0x10, 0x00, 0xD5, 0x40, 0x40, 0x00, 0x00, 
    0x10, 0x05, 0x00, 0xDD, 0x01, 0x00, 0x00, 0x00, 0x20, 0x80, 0x00, 0x2A, 
    0x88, 0x00, 0x00, 0x00, 0x20, 0x00, 0x00, 0x2A, 0x57, 0x55, 0x51, 0xD5, 
    0x40, 0xD0, 0x42, 0xC4, 0xD4, 0xCD, 0x5C, 0x15, 0x04, 0x00, 0x00, 0x00, 
    0x00, 0x00, 0x00, 0x00, 0xB8, 0xAE, 0xAA, 0x2A, 0xA9, 0xAA, 0xAA, 0x2A, 
    0x00, 0x00, 0x00, 0x00, 0x57, 0x7F, 0x55, 0xD5, 0x57, 0x5D, 0x55, 0xD5, 
    0x00, 0x00, 0x00, 0x00, 0x00, 0x00, 0x00, 0x00, 0xAC, 0xAB, 0xA2, 0x2A, 
    0x00, 0x8C, 0x20, 0x00, 0x54, 0x54, 0x55, 0x15, 0x17, 0x10, 0x54, 0xD5, 
    0x17, 0x51, 0x41, 0xD5, 0x53, 0x01, 0x51, 0x00, 0x00, 0xC0, 0x04, 0x00, 
    0x88, 0x00, 0xAA, 0x00, 0x28, 0xA0, 0xA0, 0x3A, 0xA0, 0x82, 0xA2, 0x2A, 
    0x20, 0x0A, 0x38, 0x2A, 0x00, 0x00, 0x00, 0x00, 0x00, 0xEA, 0x2C, 0x2A, 
    0xFF, 0xFE, 0xFF, 0xFF, 0xBF, 0xFA, 0xFE, 0xFF, 0x17, 0x55, 0x41, 0xD5, 
    0x53, 0x51, 0x51, 0xD5, 0x00, 0xCD, 0x64, 0x00, 0x88, 0xAA, 0xAA, 0x2A, 
    0xA8, 0xA2, 0xA8, 0x2A, 0xFF, 0xF7, 0xFF, 0xFF, 0x77, 0xFF, 0x7B, 0xFF, 
    0x10, 0x5D, 0x00, 0xD5, 0x14, 0x01, 0x50, 0x15, 0xA8, 0x8A, 0xAA, 0x2A, 
    0x00, 0x00, 0x00, 0x00, 0x00, 0x00, 0x00, 0x00, 0xA8, 0xAA, 0xAA, 0x22, 
    0x00, 0x0C, 0x00, 0x00, 0x57, 0xDD, 0x55, 0xC5, 0x80, 0x00, 0x08, 0x00, 
    0x00, 0x00, 0x00, 0x00, 0x57, 0xF5, 0x43, 0xD5, 0xA8, 0x22, 0xA0, 0x2A, 
    0x54, 0x11, 0x50, 0x15, 0x03, 0x00, 0x00, 0xC0, 0x00, 0x60, 0x00, 0x00, 
    0x00, 0x04, 0x00, 0x00, 0x80, 0xFA, 0x8A, 0xD5, 0x00, 0x01, 0x00, 0x00, 
    0x04, 0x63, 0x45, 0x2A, 0x00, 0x02, 0x00, 0x00, 0x08, 0x20, 0x08, 0x00, 
    0x00, 0x00, 0x00, 0x00, 0xA8, 0x22, 0xA0, 0x2A, 0x00, 0x26, 0x04, 0x2A, 
    0x53, 0x51, 0x55, 0xD5, 0x17, 0x51, 0x40, 0xD5, 0x13, 0x1D, 0x60, 0xFF, 
    0x80, 0xA8, 0xAA, 0x00, 0x00, 0x00, 0x60, 0x00, 0x04, 0x45, 0x50, 0x00, 
    0xB8, 0xBA, 0x80, 0xFF, 0xA8, 0xA2, 0x88, 0x2A, 0x20, 0x0A, 0x28, 0x2A, 
    0xB8, 0xF7, 0xA0, 0xFF, 0x04, 0x04, 0x1C, 0x00, 0xFF, 0xFF, 0xFF, 0xFF, 
    0xBF, 0xFF, 0xEB, 0xFF, 0xBF, 0xDF, 0xFA, 0xFF, 0x98, 0xAE, 0x8F, 0x15, 
    0x84, 0xE5, 0xD8, 0x00, 0x44, 0x55, 0x44, 0x00, 0xFF, 0xFE, 0xD5, 0xFF, 
    0xFF, 0xF7, 0xFD, 0xFF, 0x67, 0xFF, 0x7F, 0xFF, 0x00, 0x00, 0x00, 0x00, 
    0x54, 0xDD, 0x15, 0x15, 0xAB, 0xAE, 0xAA, 0xEA, 0x00, 0x00, 0x01, 0x00, 
    0x88, 0x82, 0x9A, 0x00, 0x00, 0x00, 0x00, 0x00, 0x00, 0x02, 0x80, 0x00, 
    0x03, 0x00, 0x00, 0xC0, 0x47, 0x44, 0x55, 0x00, 0x00, 0x00, 0x20, 0x00, 
    0x47, 0xF5, 0x57, 0xD5, 0xA8, 0x22, 0xAA, 0x2A, 0x00, 0xEA, 0x0B, 0x2A, 
    0x07, 0x00, 0x00, 0xC0, 0x00, 0x04, 0x00, 0x00, 0x24, 0x40, 0x00, 0x00, 
    0x04, 0xD5, 0x00, 0xD5, 0x74, 0xFF, 0x80, 0xFF, 0x20, 0xAA, 0x01, 0x2A, 
    0x00, 0x00, 0x00, 0x00, 0x00, 0x00, 0x00, 0x00, 0x00, 0x00, 0x00, 0x00, 
    0x00, 0x55, 0x0C, 0xD5, 0x00, 0x00, 0x00, 0x00, 0x50, 0x55, 0x5F, 0x15, 
    0x00, 0x00, 0x00, 0x00, 0x00, 0x08, 0x00, 0x2A, 0x04, 0xC0, 0x00, 0x00, 
    0x24, 0x00, 0x00, 0x00, 0x20, 0x00, 0x01, 0x00, 0x00, 0x10, 0x80, 0xD5, 
    0x00, 0x00, 0x00, 0x00, 0x30, 0x0A, 0x28, 0x2A, 0x88, 0x22, 0xA2, 0x00, 
    0x50, 0x11, 0x00, 0x15, 0xFC, 0xFF, 0xFF, 0x3F, 0x88, 0xEE, 0xAA, 0x2A, 
    0xA8, 0x8B, 0xA8, 0x2A, 0x80, 0x02, 0x80, 0x02, 0x00, 0x01, 0x00, 0x00, 
    0x00, 0x00, 0x00, 0x00, 0x57, 0x54, 0xD1, 0xD5, 0x57, 0x55, 0x55, 0xD5, 
    0x77, 0xFF, 0x7F, 0xFF, 0x20, 0x00, 0x00, 0x2A, 0x50, 0x33, 0x04, 0x3F, 
    0x88, 0xAA, 0xA0, 0x2A, 0x00, 0x04, 0x00, 0x00, 0xA8, 0x83, 0xA8, 0x00, 
    0x00, 0x15, 0x00, 0xD7, 0x50, 0x74, 0x00, 0xFF, 0x00, 0x22, 0x00, 0x2A, 
    0x53, 0x44, 0x51, 0x00, 0x00, 0x00, 0x00, 0x00, 0x47, 0xF5, 0x57, 0xD5, 
    0xA0, 0x55, 0x08, 0xFF, 0x54, 0x55, 0x5F, 0x15, 0x04, 0x00, 0x00, 0x00, 
    0x00, 0x40, 0x00, 0x00, 0x00, 0x00, 0x00, 0x00, 0x00, 0x00, 0x00, 0x00, 
    0x00, 0x88, 0x00, 0x00, 0x00, 0x88, 0x00, 0x00, 0x04, 0x00, 0x00, 0x00, 
    0x00, 0x00, 0x00, 0x00, 0x00, 0x00, 0x00, 0x00, 0xA8, 0xA2, 0xA4, 0x2A, 
    0x04, 0x15, 0x25, 0x00, 0x00, 0x00, 0x05, 0x00, 0x00, 0x04, 0x05, 0x00, 
    0x00, 0x00, 0x00, 0x00, 0x17, 0x00, 0x55, 0x00, 0x00, 0x00, 0x00, 0x00, 
    0xA8, 0x00, 0xA2, 0x00, 0x00, 0x00, 0x00, 0x00, 0x00, 0x08, 0x0A, 0x00, 
    0x88, 0x00, 0x0A, 0x00, 0x08, 0x62, 0x0A, 0x00, 0xE8, 0xFC, 0xAE, 0x2A, 
    0xA8, 0xFE, 0xAE, 0x2A, 0xFF, 0xFF, 0xFF, 0xFF, 0xBF, 0xAB, 0xAA, 0xFF, 
    0xFF, 0xFF, 0xFF, 0xFF, 0x00, 0x42, 0x00, 0x00, 0xFF, 0xFF, 0xFF, 0xFF, 
    0x77, 0x55, 0x55, 0xFF, 0xFF, 0xFF, 0xFF, 0xFF, 0x5F, 0xFD, 0x5D, 0xD5, 
    0x9F, 0xF5, 0x5D, 0xD5, 0x20, 0x25, 0x06, 0x22, 0xAB, 0xBA, 0xBE, 0xEA, 
    0x13, 0x00, 0x55, 0xD5, 0x13, 0x41, 0x55, 0xD5, 0xA8, 0xEA, 0xAA, 0x2A, 
    0x00, 0x00, 0x00, 0x00, 0x57, 0x57, 0x55, 0xD5, 0x00, 0x02, 0xAA, 0x2A, 
    0xA0, 0x02, 0xAA, 0x2A, 0x5F, 0x77, 0x7D, 0xD5, 0x1B, 0x17, 0x4C, 0x11, 
    0xCC, 0x04, 0x85, 0x00, 0x03, 0x04, 0x15, 0xC0, 0x57, 0x44, 0x55, 0xD5, 
    0x57, 0x45, 0x55, 0xD5, 0x40, 0x15, 0x00, 0xD5, 0x00, 0x02, 0x00, 0x00, 
    0x00, 0xA8, 0x00, 0x2A, 0xA8, 0x8A, 0xAA, 0x2A, 0xA8, 0x0A, 0xAA, 0x2A, 
    0x88, 0x0A, 0x2A, 0x00, 0x8C, 0x00, 0x1A, 0x00, 0x00, 0xCC, 0x09, 0x08, 
    0x00, 0x44, 0x01, 0x00, 0x44, 0x44, 0x00, 0x00, 0x44, 0x00, 0x00, 0x00, 
    0x00, 0x00, 0x00, 0x00, 0x00, 0x40, 0x00, 0x00, 0x00, 0x00, 0x08, 0x00, 
    0x88, 0x08, 0x00, 0x00, 0x08, 0x08, 0x00, 0x00, 0x08, 0x88, 0x02, 0x00, 
    0x08, 0x80, 0x03, 0xC4, 0x40, 0x44, 0x20, 0x00, 0xA8, 0xFB, 0xAA, 0x2A, 
    0xA8, 0xAA, 0xAA, 0x2A, 0xA8, 0xAE, 0xAA, 0x2A, 0xBF, 0xAA, 0xFF, 0x2A, 
    0x00, 0x00, 0x00, 0x00, 0xFF, 0x55, 0xFD, 0xD5, 0x77, 0xD5, 0x55, 0xD5, 
    0x57, 0x55, 0x55, 0xD5, 0x5F, 0xF7, 0x55, 0xD5, 0xC0, 0x81, 0x00, 0x00, 
    0xA8, 0xEE, 0xAA, 0x2A, 0xA8, 0xFF, 0xBA, 0x2A, 0x17, 0x00, 0x05, 0xD5, 
    0x13, 0x00, 0x05, 0xD5, 0xFF, 0xFF, 0xFF, 0xFF, 0x40, 0x86, 0x0A, 0x00, 
    0xFF, 0xFD, 0xFF, 0xFF, 0x20, 0x02, 0x0A, 0x2A, 0x28, 0x80, 0x2A, 0x2A, 
    0x5F, 0xFF, 0x75, 0xD5, 0x5F, 0xD5, 0x55, 0xD5, 0x64, 0x26, 0x03, 0x22, 
    0x00, 0x00, 0x11, 0x00, 0x57, 0x15, 0x55, 0xD5, 0x57, 0x55, 0x55, 0xD5, 
    0x40, 0x04, 0x00, 0x00, 0x40, 0x84, 0x00, 0x00, 0x00, 0x80, 0x00, 0x00, 
    0xA8, 0x2A, 0xAA, 0x2A, 0xA8, 0x82, 0xAA, 0x2A, 0x08, 0x02, 0x22, 0x00, 
    0x9B, 0x10, 0x02, 0x11, 0x88, 0x41, 0x85, 0x00, 0x00, 0x40, 0x05, 0x00, 
    0x40, 0x05, 0x00, 0x00, 0x44, 0x54, 0x00, 0x00, 0x00, 0x51, 0x00, 0xD5, 
    0x00, 0x02, 0x02, 0x00, 0x00, 0x28, 0x01, 0x2A, 0x88, 0x08, 0x00, 0x00, 
    0x80, 0x00, 0x00, 0x00, 0x08, 0x80, 0x0A, 0x00, 0x08, 0x8E, 0x4B, 0x00, 
    0x40, 0x88, 0x0C, 0x08, 0xAB, 0xBF, 0xAE, 0xEA, 0xA8, 0xBA, 0xEA, 0x2A, 
    0xA8, 0xAA, 0xAA, 0x2A, 0xA8, 0xAA, 0xAA, 0x2A, 0x00, 0x00, 0x08, 0x00, 
    0x57, 0x55, 0x57, 0xD5, 0x57, 0x55, 0x55, 0xD5, 0x57, 0x55, 0x55, 0xD5, 
    0x5F, 0x7F, 0x5D, 0xD5, 0x84, 0x48, 0x1C, 0xC4, 0x00, 0x43, 0x0C, 0x00, 
    0xAB, 0xFB, 0xBE, 0xEA, 0x00, 0x00, 0x00, 0x00, 0x00, 0x01, 0x50, 0x00, 
    0x57, 0x01, 0x54, 0x00, 0x00, 0x00, 0x10, 0x00, 0x20, 0x80, 0xAA, 0x00, 
    0x00, 0x00, 0x80, 0x00, 0x00, 0x02, 0x80, 0x00, 0x5F, 0xF7, 0x7D, 0xD5, 
    0x08, 0x9B, 0x08, 0x00, 0xEC, 0x6A, 0xAD, 0x2A, 0x00, 0x44, 0x15, 0x00, 
    0x00, 0x00, 0x10, 0x00, 0x00, 0x00, 0x00, 0x00, 0x57, 0x55, 0x54, 0xD5, 
    0x80, 0xF9, 0x31, 0x00, 0xA8, 0xAA, 0xAA, 0x2A, 0x00, 0x20, 0x20, 0x00, 
    0x00, 0x00, 0x00, 0x00, 0x08, 0x8A, 0x2A, 0x00, 0xDF, 0xD9, 0x5F, 0xD5, 
    0x20, 0x00, 0x21, 0x22, 0x00, 0x04, 0x01, 0x00, 0x00, 0x00, 0x54, 0x00, 
    0x00, 0x01, 0x01, 0x00, 0xA8, 0xBA, 0xAA, 0x2A, 0x80, 0x78, 0x20, 0x00, 
    0xD7, 0x75, 0x54, 0xD5, 0x00, 0x08, 0x08, 0x00, 0x00, 0x00, 0x80, 0x00, 
    0x88, 0x0A, 0x02, 0x00, 0x1B, 0x08, 0x13, 0x11, 0x40, 0x08, 0x00, 0x00, 
    0xA8, 0xBA, 0xAA, 0x2A, 0xFF, 0xFF, 0xFF, 0xFA, 0x57, 0x45, 0x55, 0xD5, 
    0x00, 0x0C, 0x00, 0xD5, 0x00, 0x81, 0x00, 0x00, 0x08, 0x43, 0x00, 0x2F, 
    0xA8, 0x0A, 0xAA, 0x2A, 0xFF, 0xFF, 0xFF, 0xFF, 0x5F, 0x77, 0x55, 0xD5, 
    0x80, 0x08, 0x04, 0x00, 0x88, 0x20, 0x80, 0x08, 0xA8, 0xBE, 0xBA, 0x2A, 
    0x13, 0x40, 0x00, 0xD0, 0xEC, 0xAE, 0xAA, 0x2A, 0xA8, 0xEA, 0xAA, 0x2A, 
    0x00, 0x00, 0x01, 0x00, 0x57, 0x5D, 0x55, 0xD5, 0xDF, 0x55, 0x55, 0xD5, 
    0x20, 0x02, 0x00, 0x2A, 0x5F, 0x7F, 0x75, 0xD5, 0x44, 0x48, 0x40, 0xC4, 
    0x40, 0x40, 0x01, 0x00, 0x00, 0x40, 0x11, 0x00, 0x00, 0x00, 0x00, 0x00, 
    0x00, 0x00, 0x00, 0x20, 0x56, 0x01, 0x51, 0x00, 0x00, 0x00, 0x50, 0x00, 
    0xA8, 0x00, 0xAA, 0x00, 0x00, 0x00, 0x00, 0x00, 0x00, 0x00, 0x22, 0x00, 
    0x88, 0x82, 0x22, 0x00, 0x88, 0x99, 0x02, 0x00, 0xA8, 0xAF, 0xA6, 0x2A, 
    0x03, 0x00, 0x04, 0xC0, 0x00, 0x01, 0x51, 0x00, 0x00, 0x40, 0x04, 0x00, 
    0x57, 0x55, 0x51, 0xD5, 0x00, 0x03, 0x54, 0x00, 0xA8, 0xAA, 0xAA, 0x2A, 
    0x00, 0x00, 0x08, 0x00, 0x00, 0x00, 0x80, 0x00, 0x88, 0x01, 0x08, 0x00, 
    0x57, 0x5F, 0x5D, 0xD5, 0x60, 0x4A, 0x24, 0x22, 0xAF, 0xFA, 0xBE, 0xEA, 
    0xFF, 0xFF, 0xFF, 0xFF, 0x57, 0x45, 0x55, 0xD5, 0xA8, 0xA2, 0xAA, 0x0A, 
    0x00, 0x00, 0x00, 0x00, 0x57, 0x14, 0x55, 0xD0, 0xA8, 0x0A, 0xAA, 0x2A, 
    0xFF, 0xFF, 0xFF, 0xFF, 0x57, 0xF5, 0x7D, 0xD5, 0x93, 0x80, 0x19, 0x11, 
    0x08, 0x01, 0x00, 0x00, 0xAB, 0xBE, 0xBA, 0xEA, 0x13, 0x00, 0x00, 0xD5, 
    0x44, 0x04, 0x00, 0x00, 0x01, 0x54, 0x00, 0xD5, 0x00, 0x01, 0x00, 0x00, 
    0x00, 0xAA, 0x00, 0x2A, 0x88, 0x08, 0x00, 0x00, 0x20, 0x42, 0x02, 0x28, 
    0x57, 0x3C, 0x75, 0xD5, 0x00, 0x02, 0x04, 0x00, 0xC0, 0xE4, 0x82, 0x08, 
    0x00, 0x44, 0x00, 0x00, 0x00, 0x00, 0x00, 0x00, 0xA8, 0xAA, 0xAA, 0x2A, 
    0xA8, 0xAA, 0xAA, 0x2A, 0x00, 0x02, 0x04, 0x00, 0x57, 0x55, 0x55, 0xD5, 
    0x57, 0x55, 0x55, 0xD5, 0x00, 0x00, 0x20, 0x02, 0x80, 0x88, 0x00, 0x00, 
    0xC4, 0xCC, 0x40, 0xC4, 0x00, 0x40, 0x04, 0x00, 0x00, 0x44, 0x04, 0x00, 
    0x53, 0x04, 0x15, 0xD5, 0x53, 0x50, 0x15, 0xD5, 0x56, 0x04, 0x55, 0x00, 
    0x00, 0xC0, 0x00, 0x00, 0xA8, 0x20, 0xAA, 0x00, 0x20, 0x00, 0x2A, 0x2A, 
    0xA0, 0xA0, 0x2A, 0x2A, 0x00, 0x88, 0x08, 0x00, 0x08, 0x80, 0x08, 0x00, 
    0x44, 0x2E, 0x24, 0x2A, 0xAB, 0xBE, 0xBE, 0xEA, 0xFF, 0xBF, 0xBF, 0xFF, 
    0x53, 0x50, 0x15, 0xD5, 0x57, 0x55, 0x55, 0xD5, 0x01, 0xF5, 0x00, 0x00, 
    0xA8, 0x2A, 0xAA, 0x2A, 0x20, 0x20, 0x2A, 0x2A, 0xFF, 0xF5, 0x7F, 0xFF, 
    0x57, 0x7D, 0x79, 0xD5, 0x80, 0x5D, 0x09, 0xD5, 0x00, 0x04, 0x00, 0x00, 
    0xA8, 0xBA, 0xBA, 0x2A, 0x04, 0x11, 0x00, 0x00, 0x00, 0x00, 0x00, 0x00, 
    0xA8, 0xEA, 0xAA, 0x2A, 0x00, 0x00, 0x00, 0x00, 0x57, 0x55, 0x55, 0xD5, 
    0x00, 0x20, 0x00, 0x00, 0x08, 0x00, 0x00, 0x00, 0x57, 0x65, 0x71, 0xD5, 
    0x00, 0x18, 0x00, 0x00, 0x40, 0x40, 0x00, 0x00, 0x03, 0x40, 0x00, 0xC0, 
    0x00, 0x00, 0x00, 0x00, 0x00, 0x00, 0x00, 0x00, 0x29, 0x90, 0x2A, 0xFF, 
    0x01, 0x35, 0x00, 0x00, 0x54, 0x4A, 0x15, 0x3F, 0x00, 0x00, 0x00, 0x00, 
    0x00, 0x10, 0x00, 0x00, 0x00, 0x82, 0x00, 0x00, 0x80, 0x80, 0x00, 0x00, 
    0x00, 0x2F, 0x25, 0x2A, 0x03, 0x04, 0x05, 0xC0, 0x53, 0x10, 0x15, 0xD5, 
    0x13, 0x00, 0x55, 0xFF, 0x20, 0x23, 0x02, 0x2A, 0x00, 0x00, 0x00, 0x00, 
    0x10, 0x15, 0x01, 0x15, 0x20, 0x10, 0xAA, 0xFF, 0x20, 0x00, 0x2A, 0x2A, 
    0x00, 0x08, 0x0A, 0x00, 0x00, 0x4F, 0x0A, 0xD5, 0x40, 0x40, 0x05, 0x00, 
    0xAB, 0xFE, 0xBF, 0xEA, 0xFB, 0xBE, 0xBF, 0xFF, 0xFB, 0x2A, 0x7F, 0xFF, 
    0x68, 0x09, 0x62, 0x2B, 0xBC, 0xE5, 0xC3, 0x3F, 0x94, 0x03, 0x81, 0x17, 
    0x77, 0xD0, 0xFE, 0xFF, 0x77, 0xDD, 0x7F, 0xFF, 0x57, 0xFD, 0x7F, 0xD5, 
    0x80, 0x80, 0x0B, 0x00, 0x00, 0x41, 0x01, 0x00, 0xAF, 0xFA, 0xBB, 0xEA, 
    0x00, 0x04, 0x00, 0x00, 0xA8, 0x28, 0x2A, 0x00, 0x80, 0x01, 0x00, 0x00, 
    0x10, 0x0A, 0x10, 0x00, 0x03, 0x09, 0x08, 0xC0, 0x57, 0xC0, 0x54, 0x00, 
    0x00, 0x88, 0x00, 0x00, 0x57, 0xF5, 0x77, 0xD5, 0x00, 0x82, 0x02, 0x00, 
    0xC0, 0xAE, 0x01, 0x2A, 0x03, 0x00, 0x01, 0xC0, 0x00, 0x00, 0x00, 0x00, 
    0x40, 0x02, 0x00, 0x00, 0x40, 0x45, 0x04, 0xD5, 0x10, 0xFF, 0x10, 0xFF, 
    0x00, 0xAB, 0x08, 0x2A, 0x00, 0x00, 0x00, 0x00, 0x00, 0x00, 0x00, 0x00, 
    0x08, 0x02, 0x02, 0x00, 0x80, 0x5D, 0x07, 0xD5, 0x80, 0x00, 0x05, 0x00, 
    0x00, 0x00, 0x07, 0x00, 0x00, 0x00, 0x00, 0x00, 0x80, 0x00, 0x10, 0x2A, 
    0x00, 0x00, 0x00, 0x00, 0x00, 0x01, 0x00, 0x00, 0x00, 0x01, 0x00, 0x00, 
    0x00, 0x00, 0x00, 0xD5, 0x00, 0x08, 0x08, 0x41, 0x80, 0x00, 0x0E, 0x00, 
    0x00, 0x00, 0x0A, 0x00, 0x40, 0x44, 0x05, 0x00, 0xA8, 0xFA, 0xBF, 0x28, 
    0xA0, 0xBB, 0xAA, 0x2A, 0xB8, 0xAB, 0xBA, 0x2A, 0x00, 0x00, 0x00, 0x00, 
    0x00, 0x00, 0x00, 0x00, 0x00, 0x01, 0x00, 0x00, 0x57, 0x40, 0x50, 0xD5, 
    0x57, 0x5D, 0x5D, 0xD5, 0x57, 0xF5, 0x7E, 0xD5, 0x80, 0x88, 0x0A, 0x00, 
    0x04, 0xAE, 0x01, 0x2A, 0xA0, 0xBE, 0xB9, 0x28, 0x00, 0x01, 0x00, 0x00, 
    0x28, 0xA9, 0xAA, 0x00, 0xC0, 0x46, 0x84, 0xD7, 0x00, 0xF4, 0x00, 0xFF, 
    0x40, 0xA3, 0x40, 0x2B, 0x57, 0x40, 0x50, 0x00, 0x00, 0x00, 0x00, 0x00, 
    0x57, 0x7F, 0x72, 0x94, 0x00, 0x5C, 0x03, 0xD5, 0x40, 0x40, 0x01, 0x00, 
    0x00, 0x44, 0x01, 0x00, 0x00, 0x10, 0x00, 0x00, 0x10, 0x02, 0x00, 0x00, 
    0x00, 0x00, 0x00, 0x00, 0x00, 0x00, 0x00, 0x00, 0x00, 0x00, 0x00, 0x00, 
    0x00, 0x00, 0x00, 0x00, 0x00, 0x00, 0x00, 0x00, 0x80, 0x8A, 0x02, 0x00, 
    0x88, 0x81, 0x06, 0x00, 0x00, 0x64, 0x00, 0x00, 0x00, 0x44, 0x00, 0x00, 
    0x00, 0x04, 0x05, 0x00, 0x00, 0x40, 0x00, 0x00, 0x57, 0x00, 0x55, 0x00, 
    0x00, 0x00, 0x20, 0x00, 0xA0, 0x00, 0xA8, 0x00, 0x00, 0x81, 0x00, 0x00, 
    0x00, 0x08, 0x0A, 0x00, 0x80, 0x08, 0x00, 0x00, 0x00, 0x08, 0x00, 0x00, 
    0xA8, 0xAA, 0x88, 0x2A, 0xA8, 0xEA, 0xAA, 0x2A, 0xFF, 0xFF, 0xFF, 0xFF, 
    0xBF, 0xAB, 0xAA, 0xFF, 0xFF, 0xFB, 0xFF, 0xFF, 0xC0, 0x0C, 0x22, 0x00, 
    0xFF, 0xF7, 0xFF, 0xFF, 0x7F, 0x57, 0x55, 0xFF, 0xFF, 0xFF, 0xFF, 0xFF, 
    0xD7, 0x55, 0x55, 0xD5, 0x57, 0xD5, 0x51, 0xD5, 0xA0, 0x42, 0x81, 0x22, 
    0xAB, 0xEA, 0xAB, 0xEA, 0x13, 0x10, 0x41, 0xD5, 0x03, 0x41, 0x54, 0xD5, 
    0xA8, 0xAA, 0xAA, 0x2A, 0x80, 0x00, 0x00, 0x00, 0x57, 0x54, 0x55, 0xD5, 
    0x28, 0xA2, 0xAA, 0x2A, 0x28, 0xA2, 0xA2, 0x2A, 0xD7, 0x55, 0x57, 0xD5, 
    0x53, 0x01, 0x52, 0x11, 0x00, 0x44, 0x01, 0x00, 0x03, 0x44, 0x01, 0xC0, 
    0x57, 0x14, 0x41, 0xD5, 0x57, 0x55, 0x54, 0xD5, 0x00, 0x41, 0x00, 0xD1, 
    0x00, 0x00, 0x02, 0x00, 0x08, 0xA2, 0x00, 0x2A, 0xA8, 0xAA, 0xAA, 0x2A, 
    0x28, 0xAA, 0xA2, 0x2A, 0x80, 0x08, 0x02, 0x00, 0x00, 0x08, 0x02, 0x00, 
    0x08, 0xCC, 0x0C, 0x08, 0x00, 0x54, 0x04, 0x00, 0x44, 0x04, 0x00, 0x00, 
    0x54, 0x04, 0x00, 0x00, 0x00, 0x10, 0x00, 0x04, 0x40, 0x0C, 0x00, 0x00, 
    0x00, 0x00, 0x02, 0x00, 0x80, 0x08, 0x00, 0x00, 0x00, 0x08, 0x00, 0x00, 
    0x80, 0x28, 0x08, 0x00, 0x04, 0x5C, 0x09, 0xC4, 0x00, 0x20, 0x04, 0x00, 
    0xA8, 0xFA, 0xAE, 0x2A, 0xA8, 0xAA, 0xAA, 0x2A, 0xA8, 0xBA, 0xAA, 0x2A, 
    0xFB, 0xAA, 0xFB, 0x2A, 0x00, 0x00, 0x00, 0x00, 0xFF, 0x55, 0xFF, 0xD5, 
    0x57, 0x55, 0x45, 0xD5, 0x57, 0x55, 0x55, 0xD5, 0xD7, 0x75, 0x5D, 0xD5, 
    0x40, 0x84, 0x08, 0x00, 0xA8, 0xEA, 0x8D, 0x2A, 0xA8, 0xFA, 0xAF, 0x2A, 
    0x12, 0x50, 0x01, 0xD5, 0x13, 0x10, 0x11, 0xD5, 0xFF, 0xFF, 0xFB, 0xFF, 
    0x00, 0x08, 0x44, 0x00, 0xFF, 0xFF, 0xEE, 0xFF, 0x08, 0x20, 0x0B, 0x2A, 
    0x28, 0xA8, 0x0A, 0x2A, 0xD7, 0x75, 0x5F, 0xD5, 0x57, 0x45, 0x1F, 0xD5, 
    0x20, 0x46, 0x85, 0x22, 0x00, 0x54, 0x05, 0x00, 0x57, 0x55, 0x51, 0xD5, 
    0x57, 0x55, 0x51, 0xD5, 0x00, 0x00, 0x00, 0x00, 0x00, 0x08, 0x40, 0x00, 
    0x00, 0x00, 0x00, 0x00, 0xA8, 0x28, 0xAA, 0x2A, 0xA8, 0xAA, 0xAA, 0x2A, 
    0x80, 0x28, 0x0A, 0x00, 0x13, 0x08, 0x0F, 0x11, 0x40, 0x00, 0x40, 0x00, 
    0x40, 0x40, 0x40, 0x00, 0x44, 0x04, 0x00, 0x00, 0x04, 0x04, 0x00, 0x00, 
    0x04, 0x55, 0x00, 0xD1, 0x00, 0x00, 0x00, 0x00, 0x00, 0xAA, 0x01, 0x2A, 
    0x00, 0x08, 0x00, 0x00, 0x80, 0x02, 0x00, 0x00, 0x80, 0x00, 0x80, 0x00, 
    0x04, 0xC0, 0x80, 0x00, 0xC8, 0x8C, 0x48, 0x08, 0xE8, 0xEE, 0xEA, 0x2A, 
    0xA9, 0xAA, 0xEA, 0x2A, 0xA8, 0xAA, 0xAA, 0x2A, 0xA8, 0xA2, 0xAA, 0x2E, 
    0x00, 0x00, 0x04, 0x00, 0x57, 0x51, 0x55, 0xD5, 0x57, 0x55, 0x55, 0xD5, 
    0x57, 0x55, 0xD5, 0xD5, 0xD7, 0x5D, 0xD5, 0xD5, 0x00, 0x89, 0x90, 0xC4, 
    0x40, 0x04, 0x41, 0x00, 0xEB, 0xEE, 0xEB, 0xEA, 0x00, 0x01, 0x10, 0x00, 
    0x00, 0x40, 0x00, 0x00, 0x57, 0x00, 0x54, 0x00, 0x40, 0x80, 0x00, 0x00, 
    0xA0, 0x00, 0xAA, 0x00, 0x00, 0x00, 0xA0, 0x00, 0x00, 0x00, 0x20, 0x00, 
    0xD7, 0x5D, 0xD7, 0xD5, 0x00, 0x88, 0x83, 0x00, 0xE8, 0xE2, 0xEB, 0x2A, 
    0x43, 0x40, 0x41, 0xC0, 0x00, 0x00, 0x00, 0x00, 0x40, 0x01, 0x40, 0x00, 
    0x57, 0x51, 0x54, 0xD5, 0x44, 0xFC, 0x08, 0x00, 0xA8, 0x2A, 0xAA, 0x2A, 
    0xA0, 0x00, 0x00, 0x00, 0x00, 0x00, 0x00, 0x00, 0x80, 0x00, 0x82, 0x00, 
    0x57, 0x55, 0xD7, 0xD5, 0x60, 0x02, 0x6E, 0x22, 0x40, 0x50, 0x44, 0x00, 
    0x00, 0x00, 0x10, 0x00, 0x00, 0x44, 0x00, 0x00, 0xA8, 0xB2, 0xAA, 0x2A, 
    0x00, 0x78, 0x00, 0x00, 0x57, 0x79, 0x54, 0xD5, 0x00, 0x08, 0x02, 0x00, 
    0x00, 0x00, 0xA0, 0x00, 0x80, 0x20, 0x88, 0x00, 0x13, 0xD1, 0x98, 0x11, 
    0xC0, 0x04, 0xC4, 0x00, 0xE8, 0xFE, 0xEE, 0x2A, 0xFF, 0xFE, 0xBE, 0xFF, 
    0x57, 0x55, 0x55, 0xD5, 0x00, 0x09, 0x00, 0xD1, 0x04, 0x00, 0x00, 0x00, 
    0x08, 0x06, 0x04, 0x2A, 0xA8, 0x2A, 0xAA, 0x2A, 0xFF, 0xFF, 0xFF, 0xFF, 
    0xD7, 0x7D, 0xDD, 0xD5, 0x00, 0x8C, 0x88, 0x00, 0x48, 0xA4, 0x45, 0x08, 
    0xE8, 0xFE, 0xEF, 0x2A, 0x13, 0x10, 0x00, 0xD4, 0xEC, 0xAA, 0xAA, 0x2A, 
    0xA8, 0xEA, 0xAA, 0x2E, 0x00, 0x04, 0x08, 0x00, 0x47, 0x55, 0x55, 0xD5, 
    0xD7, 0x55, 0x55, 0xD5, 0x08, 0x22, 0x08, 0x2A, 0xD7, 0x7D, 0xDF, 0xD5, 
    0x44, 0x88, 0xCE, 0xC4, 0xC8, 0x48, 0x67, 0x00, 0x40, 0x50, 0x45, 0x00, 
    0x00, 0x00, 0x04, 0x01, 0x00, 0x00, 0x00, 0x00, 0x57, 0x00, 0x55, 0x00, 
    0x00, 0x00, 0x20, 0x00, 0xA8, 0x00, 0xAA, 0x00, 0x00, 0x00, 0x00, 0x00, 
    0x20, 0x00, 0x00, 0x00, 0x80, 0x20, 0x8A, 0x00, 0x00, 0x00, 0x8B, 0x00, 
    0xE8, 0xAE, 0xAE, 0x2A, 0x03, 0x44, 0x04, 0xC0, 0x00, 0x00, 0x10, 0x00, 
    0x10, 0x40, 0x05, 0x00, 0x57, 0x55, 0x55, 0xD5, 0x21, 0x30, 0x22, 0x00, 
    0xA8, 0xAA, 0xAA, 0x2A, 0x00, 0x00, 0x08, 0x00, 0x00, 0x00, 0xA0, 0x00, 
    0x00, 0x88, 0x08, 0x01, 0xD3, 0xDD, 0x5D, 0xD5, 0x60, 0x24, 0x04, 0x22, 
    0xAB, 0xEE, 0xAE, 0xEA, 0xFF, 0xFA, 0xBF, 0xFF, 0x57, 0x55, 0x55, 0xD5, 
    0xA8, 0xA2, 0xAA, 0x2A, 0x00, 0x00, 0x00, 0x00, 0x47, 0x51, 0x51, 0xD5, 
    0xA8, 0x2A, 0xAA, 0x2A, 0xFF, 0xF7, 0xFF, 0xFF, 0x57, 0xDD, 0x59, 0xD5, 
    0x13, 0x99, 0x18, 0x11, 0x40, 0x80, 0x08, 0x00, 0xAB, 0xEA, 0xAA, 0xEA, 
    0x03, 0x10, 0x00, 0xD5, 0x44, 0x00, 0x00, 0x00, 0x00, 0x45, 0x00, 0xD1, 
    0x00, 0x30, 0x00, 0x00, 0x00, 0x8A, 0x00, 0x2A, 0x80, 0x00, 0x00, 0x00, 
    0x28, 0x22, 0x00, 0x2A, 0x57, 0xD5, 0xD1, 0xD4, 0x00, 0x84, 0x80, 0x00, 
    0x40, 0x02, 0x80, 0x08, 0x03, 0x40, 0x00, 0xC0, 0x00, 0x00, 0x00, 0x00, 
    0xA8, 0xAA, 0xAA, 0x2A, 0xA8, 0xBA, 0xAA, 0x2E, 0x21, 0x00, 0x02, 0x00, 
    0x57, 0x75, 0x55, 0xD5, 0x57, 0x55, 0x57, 0xD5, 0x00, 0x00, 0x00, 0x00, 
    0x80, 0x80, 0x80, 0x00, 0x40, 0xC0, 0xC4, 0xC4, 0x40, 0x40, 0x64, 0x00, 
    0x20, 0x00, 0x44, 0x00, 0x13, 0x10, 0x01, 0xD5, 0x17, 0x15, 0x15, 0xD5, 
    0x57, 0x05, 0x55, 0x00, 0x01, 0x00, 0x00, 0x00, 0xA8, 0x00, 0xAA, 0x00, 
    0xA0, 0x28, 0x0A, 0x2A, 0xA8, 0x22, 0x2A, 0x2A, 0x00, 0x00, 0x08, 0x00, 
    0x00, 0x00, 0x08, 0x04, 0x40, 0xEA, 0x64, 0x2A, 0xA8, 0xAA, 0xEE, 0x2A, 
    0xFF, 0xBE, 0xBB, 0xFF, 0x57, 0x55, 0x15, 0xD5, 0x57, 0x55, 0x55, 0xD5, 
    0x01, 0xBE, 0x02, 0x00, 0xA8, 0xAA, 0xAA, 0x2A, 0xA8, 0xA8, 0x0A, 0x2A, 
    0xFF, 0x7F, 0x7F, 0xFF, 0x57, 0x55, 0x5D, 0xD5, 0x00, 0x45, 0x0C, 0xD5, 
    0x40, 0x46, 0x40, 0x00, 0x8B, 0xAE, 0xEA, 0xEA, 0x40, 0x00, 0x00, 0x00, 
    0x40, 0x40, 0x00, 0x00, 0xA8, 0xAA, 0xAA, 0x2A, 0x00, 0x8A, 0x00, 0x00, 
    0x57, 0xD5, 0x55, 0xD5, 0x00, 0x80, 0x00, 0x00, 0x00, 0x08, 0x00, 0x00, 
    0x57, 0x5D, 0xD5, 0xD5, 0x00, 0x09, 0x80, 0x00, 0x40, 0x44, 0x40, 0x00, 
    0x00, 0x04, 0x40, 0x00, 0x04, 0x04, 0x10, 0x00, 0x00, 0x00, 0x00, 0x00, 
    0x28, 0xCA, 0x2A, 0xFB, 0x00, 0x34, 0x00, 0x00, 0x54, 0x5F, 0x15, 0x3F, 
    0x08, 0x00, 0x00, 0x00, 0x00, 0x00, 0x00, 0x00, 0x00, 0x08, 0x80, 0x00, 
    0x00, 0x08, 0x80, 0x00, 0x40, 0xAC, 0x05, 0x2A, 0x03, 0x54, 0x05, 0xC0, 
    0x57, 0x55, 0x15, 0xD5, 0x17, 0x21, 0x65, 0xFF, 0x28, 0xB2, 0x2A, 0x2E, 
    0x00, 0x00, 0x02, 0x00, 0x54, 0x61, 0x15, 0x15, 0xA8, 0xAA, 0xA2, 0xFF, 
    0xAC, 0xA2, 0x2A, 0x2A, 0x00, 0xA8, 0x0A, 0x00, 0x00, 0xCC, 0x0A, 0xD1, 
    0x40, 0x04, 0x05, 0x00, 0xAB, 0xFE, 0xA7, 0xEA, 0xFF, 0xFF, 0xBF, 0xFF, 
    0xBF, 0x7F, 0xEF, 0xFF, 0xE8, 0x0B, 0x6A, 0x2B, 0x3C, 0x0F, 0xFF, 0x3F, 
    0xD4, 0x07, 0x95, 0x17, 0xFF, 0xAF, 0xF3, 0xFF, 0xFF, 0xFF, 0x7F, 0xFF, 
    0x57, 0xFD, 0x5F, 0xD5, 0x00, 0x88, 0x0E, 0x00, 0x40, 0x00, 0x01, 0x00, 
    0xAB, 0xFA, 0xA3, 0xEA, 0x00, 0x00, 0x00, 0x00, 0xA8, 0x5C, 0x8A, 0x00, 
    0x00, 0x00, 0x00, 0x00, 0x00, 0x0D, 0x00, 0x00, 0x03, 0x00, 0x00, 0xC0, 
    0x57, 0x04, 0x51, 0x00, 0x00, 0x00, 0x00, 0x00, 0x53, 0xF5, 0xD7, 0xD5, 
    0x00, 0x90, 0x82, 0x04, 0x40, 0xAA, 0x09, 0x2A, 0x03, 0x50, 0x01, 0xC0, 
    0x00, 0x00, 0x00, 0x00, 0x00, 0x02, 0x00, 0x00, 0x00, 0x55, 0x00, 0xD5, 
    0x00, 0x7F, 0x12, 0xFF, 0x00, 0xAA, 0x00, 0x2A, 0x00, 0x01, 0x00, 0x00, 
    0x00, 0x08, 0x00, 0x00, 0x00, 0xA0, 0x82, 0x00, 0x00, 0xD5, 0x86, 0xD5, 
    0x40, 0x40, 0x45, 0x00, 0x00, 0x10, 0x45, 0x00, 0x00, 0x01, 0x00, 0x00, 
    0x00, 0x22, 0x48, 0x2A, 0x00, 0x03, 0x00, 0x02, 0x00, 0x02, 0x10, 0x00, 
    0x00, 0x01, 0x00, 0x01, 0x00, 0x10, 0x00, 0xD5, 0x00, 0x00, 0x00, 0x00, 
    0x00, 0x20, 0x0A, 0x00, 0x80, 0x00, 0x0A, 0x00, 0x40, 0x40, 0x45, 0x00, 
    0xA8, 0xBA, 0xED, 0x2A, 0xE8, 0xAF, 0xAA, 0x2A, 0xA8, 0x2A, 0xEA, 0x2A, 
    0x00, 0x02, 0x00, 0x02, 0x00, 0x00, 0x02, 0x00, 0x00, 0x01, 0x00, 0x01, 
    0x57, 0x9E, 0x51, 0xD5, 0x57, 0x5D, 0x55, 0xD5, 0x57, 0x75, 0x5B, 0xD5, 
    0x00, 0x00, 0x0A, 0x00, 0x00, 0xEE, 0x41, 0x2A, 0xA8, 0xBE, 0xE9, 0x2A, 
    0x00, 0x04, 0x00, 0x00, 0xA8, 0x08, 0xA2, 0x00, 0x80, 0x42, 0x80, 0xD3, 
    0x00, 0x60, 0x00, 0xFF, 0x40, 0xA3, 0x40, 0x2B, 0x57, 0x0E, 0x51, 0x00, 
    0x00, 0x08, 0x00, 0x00, 0x57, 0x7D, 0xD3, 0xD5, 0x00, 0x49, 0x82, 0xD1, 
    0x40, 0x44, 0x49, 0x00, 0x00, 0x14, 0x41, 0x00, 0x40, 0x00, 0x00, 0x00, 
    0x00, 0x00, 0x00, 0x00, 0x00, 0x14, 0x00, 0x04, 0x00, 0x10, 0x00, 0x00, 
    0x00, 0x08, 0x00, 0x00, 0x00, 0x80, 0x00, 0x00, 0x00, 0x00, 0x00, 0x00, 
    0x80, 0x28, 0x82, 0x00, 0x00, 0x0C, 0x86, 0x00, 0x20, 0x22, 0x20, 0x22, 
    0x14, 0x15, 0x55, 0x15, 0x00, 0x04, 0x05, 0x00, 0x00, 0x04, 0x05, 0x00, 
    0x57, 0x40, 0x55, 0x00, 0x00, 0x00, 0x00, 0x00, 0x28, 0x00, 0x02, 0x00, 
    0x00, 0x08, 0x0A, 0x00, 0x00, 0x08, 0x0A, 0x00, 0x28, 0xA2, 0x20, 0x2A, 
    0x13, 0x15, 0x11, 0x11, 0xFC, 0xFF, 0xFF, 0x3F, 0xBC, 0xFF, 0xFF, 0x3F, 
    0xFF, 0xFF, 0xFF, 0xFF, 0xFF, 0xFF, 0xFF, 0xFF, 0xFF, 0xFF, 0xFF, 0xFF, 
    0x40, 0x40, 0x00, 0x00, 0xFF, 0xFF, 0x57, 0xFF, 0xFF, 0xFF, 0xFF, 0xFF, 
    0xFF, 0xFF, 0xFF, 0xFF, 0xFF, 0xFF, 0xFD, 0xFF, 0xFF, 0xFF, 0xFF, 0xFF, 
    0x00, 0x90, 0x40, 0x00, 0xAB, 0xEA, 0xAA, 0xEA, 0x17, 0x11, 0x05, 0xD5, 
    0x17, 0x10, 0x0D, 0xD5, 0xA8, 0xAA, 0x02, 0x2A, 0x00, 0x40, 0x00, 0x00, 
    0x57, 0x45, 0x55, 0xD5, 0x28, 0xB0, 0x0A, 0x2A, 0xA8, 0xAA, 0x0A, 0x2A, 
    0xD7, 0x55, 0xDD, 0xD5, 0xC0, 0x20, 0x80, 0x00, 0x88, 0x08, 0x8A, 0x08, 
    0x03, 0x00, 0x00, 0xC0, 0x17, 0x55, 0x05, 0xD5, 0x17, 0x55, 0xA5, 0xD5, 
    0x00, 0x15, 0x00, 0xD5, 0x40, 0x00, 0x00, 0x00, 0x80, 0xAA, 0x00, 0x2A, 
    0x28, 0xAA, 0x0A, 0x2A, 0xA8, 0xAA, 0x0A, 0x2A, 0x00, 0x08, 0x00, 0x00, 
    0x04, 0x40, 0x40, 0xC4, 0x00, 0x40, 0x00, 0x00, 0x54, 0x15, 0x55, 0x15, 
    0x00, 0x44, 0x00, 0x00, 0x00, 0x44, 0x00, 0x00, 0x00, 0x00, 0x00, 0x00, 
    0x00, 0x00, 0x00, 0x00, 0x00, 0x00, 0x00, 0x00, 0x00, 0x08, 0x00, 0x00, 
    0x00, 0x00, 0x00, 0x00, 0x28, 0xA2, 0x20, 0x2A, 0x00, 0x80, 0x04, 0x00, 
    0x74, 0x27, 0x37, 0x37, 0xFC, 0xFF, 0xFF, 0x3F, 0xA8, 0xAA, 0xAA, 0x2A, 
    0xA8, 0xAB, 0xAA, 0x2A, 0xFF, 0xEA, 0xFF, 0x2A, 0x00, 0x00, 0x00, 0x00, 
    0xFF, 0x55, 0x57, 0xD5, 0x57, 0x57, 0x55, 0xD5, 0x57, 0x55, 0x55, 0xD5, 
    0xFF, 0xFF, 0xFD, 0xFF, 0x7B, 0x1B, 0x3B, 0x3B, 0xA8, 0xAA, 0xA2, 0x2A, 
    0xA8, 0xEA, 0xAA, 0x2A, 0x17, 0x00, 0x05, 0xD5, 0x17, 0x01, 0x05, 0xD5, 
    0xFF, 0xFF, 0xFF, 0xFF, 0x00, 0x4C, 0x00, 0x00, 0xFF, 0xFF, 0x5F, 0xFF, 
    0x28, 0x02, 0x02, 0x2A, 0x28, 0x00, 0x02, 0x2A, 0xD7, 0x55, 0xDD, 0xD5, 
    0x57, 0x55, 0x55, 0xD5, 0x94, 0x05, 0x05, 0x15, 0x00, 0x00, 0x00, 0x00, 
    0x17, 0x55, 0x05, 0xD5, 0x17, 0x55, 0x05, 0xD5, 0x00, 0x04, 0x00, 0x00, 
    0x00, 0x0C, 0x00, 0x00, 0x00, 0x08, 0x00, 0x00, 0x28, 0xAA, 0x0A, 0x2A, 
    0x28, 0xAA, 0x0A, 0x2A, 0x00, 0x08, 0x00, 0x00, 0x28, 0x0A, 0x0A, 0x2A, 
    0x1C, 0x89, 0x80, 0x1D, 0x54, 0x55, 0x55, 0x15, 0x00, 0x04, 0x00, 0x00, 
    0x00, 0x04, 0x00, 0x00, 0x00, 0x11, 0x00, 0xD5, 0x00, 0x40, 0x00, 0x00, 
    0x00, 0xA2, 0x08, 0x2A, 0x00, 0x08, 0x00, 0x00, 0x00, 0x08, 0x00, 0x00, 
    0x28, 0xA2, 0x20, 0x2A, 0x2C, 0x42, 0x44, 0xEE, 0x00, 0x00, 0x00, 0x00, 
    0xFF, 0xFF, 0xFF, 0xFF, 0xA8, 0xAA, 0xAA, 0x2A, 0xA8, 0xAA, 0xAA, 0x2A, 
    0xA8, 0xAA, 0xAA, 0x2A, 0x00, 0x00, 0x00, 0x00, 0x57, 0x55, 0x55, 0xD5, 
    0x57, 0x55, 0x5D, 0xD5, 0x57, 0x55, 0x55, 0xD5, 0xFF, 0xFF, 0xFD, 0xFF, 
    0x00, 0x04, 0x00, 0x00, 0xA0, 0x26, 0x27, 0x22, 0xAB, 0xAA, 0xAA, 0xEA, 
    0x00, 0x40, 0x00, 0x00, 0x00, 0x00, 0x00, 0x00, 0x57, 0x00, 0x51, 0x00, 
    0x00, 0x00, 0x02, 0x00, 0xA8, 0x02, 0x02, 0x00, 0x00, 0x00, 0x00, 0x00, 
    0x00, 0x80, 0x08, 0x00, 0xD7, 0x55, 0xDD, 0xD5, 0x13, 0x59, 0x1B, 0x11, 
    0xBC, 0xA3, 0xEA, 0x3F, 0x00, 0x00, 0x00, 0x00, 0x00, 0x11, 0x00, 0x00, 
    0x00, 0x50, 0x00, 0x00, 0x57, 0x55, 0x55, 0xD5, 0x00, 0x36, 0x0E, 0x00, 
    0xA8, 0xAA, 0x0A, 0x2A, 0x00, 0xA0, 0x00, 0x00, 0x00, 0x22, 0x00, 0x00, 
    0x00, 0x08, 0x00, 0x00, 0x7F, 0x53, 0x55, 0xFF, 0x54, 0x55, 0x4C, 0x15, 
    0x54, 0x55, 0x55, 0x15, 0x00, 0x00, 0x00, 0x00, 0x00, 0x00, 0x81, 0x00, 
    0xA8, 0xBA, 0x2E, 0x2A, 0x00, 0x30, 0x00, 0x00, 0x57, 0x75, 0x55, 0xD5, 
    0x00, 0x00, 0x0A, 0x00, 0x00, 0x80, 0x00, 0x00, 0x00, 0x00, 0x00, 0x00, 
    0xA8, 0x8A, 0xA8, 0x2A, 0x48, 0x80, 0x84, 0x08, 0xFC, 0xFF, 0xFF, 0x3F, 
    0xFF, 0xAF, 0xFB, 0xFF, 0x17, 0x55, 0x05, 0xD5, 0x00, 0xC5, 0x00, 0xD5, 
    0x00, 0x04, 0x08, 0x00, 0x00, 0x88, 0x00, 0x2A, 0x28, 0xAA, 0x0A, 0x2A, 
    0xFF, 0xDF, 0xFF, 0xFF, 0x57, 0x55, 0x55, 0xD5, 0x44, 0x00, 0x48, 0xC4, 
    0x00, 0x14, 0x00, 0x00, 0xA8, 0xAA, 0xAA, 0x2A, 0x17, 0x01, 0x00, 0xD5, 
    0xA8, 0xAE, 0xAA, 0x2A, 0xA8, 0xAA, 0xAA, 0x2A, 0x00, 0x02, 0x04, 0x00, 
    0x57, 0x55, 0x5D, 0xD5, 0x57, 0x5D, 0x55, 0xD5, 0x28, 0x02, 0x00, 0x2A, 
    0x57, 0x55, 0x55, 0xD5, 0x80, 0x08, 0xA4, 0x00, 0x20, 0x62, 0x22, 0x22, 
    0x00, 0x00, 0x00, 0x00, 0x00, 0x00, 0x00, 0x00, 0x00, 0x00, 0x00, 0x00, 
    0x57, 0x01, 0x55, 0x00, 0x00, 0x01, 0x09, 0x00, 0xA8, 0x00, 0x02, 0x00, 
    0x00, 0x00, 0x00, 0x00, 0x00, 0x00, 0x00, 0x00, 0x00, 0x00, 0x00, 0x00, 
    0x13, 0x91, 0x11, 0x11, 0xFC, 0xBF, 0xFF, 0x3F, 0x57, 0x51, 0x10, 0xD5, 
    0x00, 0x00, 0x04, 0x00, 0x00, 0x00, 0x01, 0x00, 0x57, 0x55, 0x55, 0xD5, 
    0x00, 0x01, 0x09, 0x00, 0xA8, 0xAA, 0x02, 0x2A, 0x00, 0x00, 0x00, 0x01, 
    0x00, 0x00, 0x00, 0x00, 0x00, 0x00, 0x00, 0x00, 0xFF, 0x37, 0x55, 0xFF, 
    0x80, 0x44, 0x05, 0x00, 0xFF, 0xFF, 0xFE, 0xFF, 0xFF, 0xBF, 0xFF, 0xFF, 
    0x17, 0x45, 0x05, 0xDD, 0xA8, 0x2A, 0xAA, 0x22, 0x00, 0x00, 0x00, 0x00, 
    0x57, 0x55, 0x55, 0xD4, 0x28, 0xAA, 0x0A, 0x2A, 0xFF, 0xDF, 0xFF, 0xFF, 
    0x57, 0x55, 0x55, 0xD5, 0x40, 0x88, 0x0A, 0x00, 0x08, 0x88, 0x08, 0x08, 
    0xAB, 0xAA, 0xEE, 0xEA, 0x17, 0x01, 0x00, 0xD5, 0x00, 0x04, 0x00, 0x00, 
    0x00, 0x54, 0x00, 0xD5, 0x00, 0x00, 0x00, 0x00, 0x00, 0xAA, 0x00, 0x2A, 
    0x00, 0x08, 0x08, 0x00, 0x2A, 0x02, 0x00, 0x2A, 0x55, 0x55, 0x55, 0xD5, 
    0x04, 0x04, 0x48, 0xC4, 0x54, 0x55, 0xD4, 0x15, 0x00, 0x04, 0x00, 0x00, 
    0x00, 0x00, 0x00, 0x00, 0xA8, 0xAA, 0xAA, 0x2A, 0xA8, 0xAA, 0xAA, 0x2A, 
    0x00, 0x00, 0x00, 0x00, 0x57, 0x55, 0x55, 0xD5, 0x57, 0x55, 0x57, 0xD5, 
    0x00, 0x80, 0x00, 0x00, 0x28, 0x8A, 0x2A, 0x2A, 0xA8, 0xAA, 0xAE, 0x2A, 
    0x00, 0x04, 0x00, 0x00, 0x40, 0x50, 0x50, 0x00, 0x17, 0x01, 0x10, 0xD5, 
    0x57, 0x41, 0x10, 0xD5, 0x57, 0x00, 0x55, 0x00, 0x00, 0x00, 0x00, 0x00, 
    0xA8, 0x00, 0x0A, 0x00, 0xA8, 0x8A, 0x22, 0x6A, 0x28, 0x82, 0x20, 0x2A, 
    0x00, 0x00, 0x00, 0x00, 0x00, 0x00, 0x00, 0x00, 0x00, 0xAA, 0x04, 0x2A, 
    0xEB, 0xFE, 0xFF, 0xEA, 0xBF, 0xEB, 0xFA, 0xFF, 0x57, 0x51, 0x14, 0xD5, 
    0x57, 0x15, 0x55, 0xD5, 0x00, 0xD0, 0x00, 0x00, 0xA8, 0x2A, 0x0A, 0x2A, 
    0xA8, 0x8A, 0x22, 0x2A, 0xFF, 0xDF, 0x7D, 0xFF, 0x57, 0x55, 0x55, 0xD5, 
    0x00, 0x5D, 0x02, 0xD5, 0x54, 0x51, 0x50, 0x15, 0xA8, 0x2A, 0xAA, 0x2A, 
    0x00, 0x80, 0x40, 0x00, 0x00, 0x00, 0x04, 0x00, 0xA8, 0xAA, 0xAA, 0x2A, 
    0x00, 0x10, 0x00, 0x00, 0x57, 0x55, 0x55, 0x95, 0x00, 0x00, 0x00, 0x00, 
    0x00, 0x08, 0x08, 0x00, 0x57, 0xD5, 0x55, 0xD5, 0xA8, 0xA2, 0xA0, 0x2A, 
    0x54, 0x51, 0x50, 0x15, 0x03, 0x04, 0x05, 0xC0, 0x00, 0x40, 0x00, 0x00, 
    0x00, 0x10, 0x00, 0x00, 0x00, 0x8D, 0x28, 0xD5, 0x00, 0x00, 0x00, 0x00, 
    0x40, 0x6E, 0x14, 0x2A, 0x00, 0x00, 0x00, 0x00, 0x80, 0x00, 0x00, 0x00, 
    0x28, 0x0A, 0x2A, 0x2A, 0xA8, 0xA2, 0xA2, 0x2A, 0x54, 0xFB, 0x50, 0x3F, 
    0x43, 0x10, 0x50, 0xC0, 0x57, 0x41, 0x12, 0xD5, 0x57, 0x73, 0x55, 0xFF, 
    0x00, 0x90, 0x2A, 0x00, 0x00, 0xC0, 0x00, 0x00, 0x40, 0x40, 0x15, 0x00, 
    0x28, 0xB7, 0xA8, 0xFF, 0x28, 0x82, 0x20, 0x2A, 0x00, 0x00, 0x00, 0x00, 
    0xA8, 0xF7, 0xA0, 0xFF, 0x40, 0x00, 0x01, 0x00, 0xFF, 0xFF, 0xFF, 0xFF, 
    0xFF, 0xEB, 0xFA, 0xFF, 0xFF, 0x73, 0xFF, 0xFF, 0x14, 0x85, 0x2F, 0x15, 
    0xC0, 0xF0, 0xF2, 0x00, 0x40, 0x40, 0x14, 0x00, 0xFF, 0xB7, 0xFD, 0xFF, 
    0xFF, 0xDF, 0x77, 0xFF, 0x7F, 0x5F, 0x5B, 0xFF, 0x00, 0x28, 0x00, 0x00, 
    0x54, 0x51, 0x51, 0x15, 0xAB, 0xAA, 0xA8, 0xEA, 0x00, 0x00, 0x40, 0x00, 
    0xA8, 0x00, 0xA2, 0x00, 0x00, 0x00, 0x00, 0x00, 0x00, 0x00, 0x03, 0x00, 
    0x03, 0x00, 0x00, 0xC0, 0xD7, 0x00, 0x55, 0x00, 0x80, 0x00, 0x02, 0x00, 
    0x7F, 0x57, 0x51, 0xFF, 0x28, 0xAA, 0x2A, 0x2A, 0x00, 0xBA, 0x50, 0x2A, 
    0x03, 0x00, 0x00, 0xC0, 0x00, 0x00, 0x00, 0x00, 0x00, 0x00, 0x08, 0x00, 
    0x00, 0x55, 0x40, 0xD5, 0x00, 0xFF, 0xA3, 0xFF, 0x00, 0xAA, 0xA8, 0x2A, 
    0x00, 0x00, 0x00, 0x00, 0x00, 0x08, 0x00, 0x00, 0x00, 0x00, 0x00, 0x00, 
    0x00, 0x45, 0x0B, 0xD5, 0x00, 0x00, 0x00, 0x00, 0x14, 0x45, 0x05, 0x15, 
    0x00, 0x00, 0x00, 0x00, 0x00, 0x22, 0x00, 0x2A, 0x00, 0x00, 0x00, 0x00, 
    0x00, 0x00, 0xA0, 0x00, 0x00, 0x00, 0xA8, 0x00, 0x00, 0x05, 0x03, 0xD5, 
    0x00, 0x00, 0x00, 0x00, 0x00, 0x08, 0x0E, 0x00, 0x00, 0x00, 0x00, 0x00, 
    0x14, 0x41, 0x00, 0x15, 0xA8, 0x2A, 0xA0, 0x2A, 0xA8, 0xAA, 0xAA, 0x2A, 
    0xA8, 0x22, 0xAB, 0x2A, 0x80, 0x02, 0xC0, 0x02, 0x00, 0x00, 0x00, 0x00, 
    0x00, 0x00, 0x00, 0x00, 0x57, 0x15, 0x57, 0xD5, 0x57, 0x55, 0x55, 0xD5, 
    0x57, 0x45, 0x55, 0xD5, 0x28, 0x82, 0x20, 0x2A, 0x14, 0xEB, 0x05, 0x3F, 
    0xA8, 0x3A, 0xE0, 0x2A, 0x00, 0x00, 0x00, 0x00, 0xA8, 0x00, 0x02, 0x00, 
    0x00, 0x57, 0x00, 0xD7, 0x00, 0xFF, 0x00, 0xFF, 0x00, 0xAA, 0x00, 0x2A, 
    0x57, 0x10, 0x54, 0x00, 0x00, 0x00, 0x00, 0x00, 0xD7, 0x65, 0xD1, 0xD5, 
    0x28, 0xC7, 0x21, 0xFF, 0x54, 0x55, 0x55, 0x15, 0x00, 0x10, 0x40, 0x00, 
    0x00, 0x00, 0x00, 0x00, 0x00, 0x00, 0xA9, 0x00, 0x00, 0x00, 0x00, 0x00, 
    0x00, 0x00, 0x00, 0x00, 0x00, 0x00, 0x00, 0x00, 0x00, 0x00, 0x00, 0x00, 
    0x00, 0x00, 0x00, 0x00, 0x80, 0x20, 0x80, 0x00, 0x00, 0x00, 0x00, 0x00, 
    0x60, 0x46, 0x22, 0x22, 0x00, 0x44, 0x00, 0x00, 0x00, 0x04, 0x05, 0x00, 
    0x00, 0x00, 0x00, 0x00, 0x57, 0x00, 0x15, 0x00, 0x00, 0x00, 0x00, 0x00, 
    0x28, 0x00, 0x8A, 0x00, 0x00, 0x80, 0x00, 0x00, 0x00, 0x08, 0x0A, 0x00, 
    0x00, 0x88, 0x00, 0x00, 0xD3, 0x89, 0x10, 0x11, 0x28, 0x2A, 0xAA, 0x2A, 
    0xA8, 0xAA, 0xAA, 0x2A, 0xFF, 0xFF, 0xFF, 0xFF, 0xFF, 0xAB, 0xAA, 0xFF, 
    0xFF, 0xFF, 0xBF, 0xFF, 0x40, 0x00, 0x00, 0x00, 0xFF, 0xFF, 0xDF, 0xFF, 
    0x7F, 0x57, 0x55, 0xFF, 0xFF, 0xFF, 0xFF, 0xFF, 0x57, 0x55, 0x55, 0xD5, 
    0xD7, 0x55, 0x55, 0xD5, 0x40, 0x00, 0x04, 0x00, 0xEB, 0xAA, 0xAE, 0xEA, 
    0x17, 0x51, 0x05, 0xD5, 0x17, 0x51, 0x25, 0xD5, 0xA8, 0x2A, 0x8A, 0x2A, 
    0x00, 0x00, 0x00, 0x00, 0x57, 0x55, 0x15, 0xD5, 0x28, 0x22, 0x0A, 0x2A, 
    0x28, 0x80, 0x0A, 0x2A, 0x57, 0x55, 0x5D, 0xD5, 0x80, 0x00, 0x08, 0x00, 
    0x08, 0x6C, 0x0C, 0x08, 0x03, 0x44, 0x04, 0xC0, 0x17, 0x55, 0x05, 0xD5, 
    0x17, 0xD5, 0x05, 0xD5, 0x00, 0x55, 0x00, 0xD5, 0x40, 0x00, 0x00, 0x00, 
    0x80, 0xAA, 0x00, 0x2A, 0x28, 0xAA, 0x4A, 0x2A, 0x28, 0x8A, 0x0A, 0x2A, 
    0x00, 0x88, 0x08, 0x00, 0x84, 0xD8, 0x0D, 0xC4, 0x00, 0x04, 0x80, 0x00, 
    0x00, 0x54, 0x00, 0x00, 0x00, 0x04, 0x00, 0x00, 0x00, 0x04, 0x00, 0x00, 
    0x00, 0x00, 0x00, 0x00, 0x00, 0x00, 0x00, 0x00, 0x00, 0x00, 0x00, 0x00, 
    0x00, 0x88, 0x00, 0x00, 0x00, 0x0A, 0x00, 0x00, 0x00, 0xA8, 0x00, 0x00, 
    0x80, 0x0C, 0x40, 0x00, 0x20, 0x42, 0x22, 0x22, 0xA8, 0xBA, 0xAA, 0x2A, 
    0xA8, 0xAA, 0xAA, 0x2A, 0xA8, 0xAA, 0xAA, 0x2A, 0xBF, 0xAA, 0xBE, 0x2A, 
    0x00, 0x40, 0x00, 0x00, 0xFF, 0xD5, 0xD7, 0xD5, 0x57, 0x55, 0x55, 0xD5, 
    0x57, 0x55, 0x55, 0xD5, 0x57, 0x75, 0x55, 0xD5, 0x93, 0x81, 0x10, 0x11, 
    0xE8, 0xEA, 0xA6, 0x2A, 0xAB, 0xBA, 0xAE, 0xEA, 0x17, 0x41, 0x05, 0xD5, 
    0x17, 0x41, 0x05, 0xD5, 0xFF, 0xFF, 0xB6, 0xFF, 0x80, 0xC8, 0x00, 0x00, 
    0xFF, 0xFF, 0xD6, 0xFF, 0x28, 0x02, 0x0A, 0x2A, 0x28, 0x82, 0x0A, 0x2A, 
    0x57, 0x75, 0x5D, 0xD5, 0xD7, 0xD5, 0x5D, 0xD5, 0x00, 0x24, 0x04, 0x00, 
    0x00, 0x54, 0x04, 0x00, 0x17, 0x55, 0x05, 0xD5, 0x17, 0x55, 0x0D, 0xD5, 
    0x00, 0x40, 0x00, 0x00, 0x00, 0x88, 0x00, 0x00, 0x00, 0x08, 0x00, 0x00, 
    0x28, 0xAA, 0x0B, 0x2A, 0x28, 0xAA, 0x0A, 0x2A, 0x00, 0xA8, 0x08, 0x00, 
    0xC0, 0x18, 0x08, 0x00, 0x88, 0xC8, 0x01, 0x08, 0x00, 0x40, 0x01, 0x00, 
    0x00, 0x04, 0x00, 0x00, 0x00, 0x04, 0x00, 0x00, 0x40, 0x15, 0x00, 0xD5, 
    0x80, 0x00, 0x00, 0x00, 0x00, 0x22, 0x00, 0x2A, 0x00, 0x88, 0x00, 0x00, 
    0x00, 0x08, 0x00, 0x00, 0x00, 0x80, 0x02, 0x00, 0x84, 0xC0, 0x06, 0xC4, 
    0x00, 0x04, 0x81, 0x00, 0xAB, 0xAE, 0xAB, 0xEA, 0xA8, 0xAA, 0xAA, 0x2A, 
    0xA8, 0xAA, 0xAA, 0x2A, 0xA8, 0xAA, 0xAA, 0x2A, 0x00, 0x00, 0x00, 0x00, 
    0x57, 0x55, 0x55, 0xD5, 0x57, 0x55, 0x55, 0xD5, 0x57, 0x55, 0x55, 0xD5, 
    0x57, 0x5D, 0x57, 0xD5, 0x80, 0x0C, 0x43, 0x00, 0xE0, 0x26, 0x27, 0x22, 
    0xAB, 0xAE, 0xAF, 0xEA, 0x00, 0x00, 0x00, 0x00, 0x00, 0x00, 0x00, 0x00, 
    0x57, 0x00, 0x15, 0x00, 0x00, 0x00, 0x00, 0x00, 0xA8, 0x00, 0x8A, 0x00, 
    0x00, 0x00, 0x00, 0x00, 0x00, 0x00, 0x00, 0x00, 0x57, 0x5D, 0x5F, 0xD5, 
    0xD3, 0x19, 0x1A, 0x11, 0xA8, 0xE2, 0xAF, 0x2A, 0x00, 0x40, 0x05, 0x00, 
    0x00, 0x10, 0x00, 0x00, 0x00, 0x10, 0x00, 0x00, 0x57, 0x55, 0x15, 0xD5, 
    0x00, 0x00, 0x02, 0x00, 0xA8, 0xAA, 0x8A, 0x2A, 0x00, 0x20, 0x00, 0x00, 
    0x00, 0x20, 0x00, 0x00, 0x00, 0x80, 0x0A, 0x00, 0xD7, 0xD5, 0x5E, 0xD5, 
    0x00, 0x00, 0x01, 0x00, 0x00, 0x50, 0x01, 0x00, 0x00, 0x00, 0x00, 0x00, 
    0x00, 0x00, 0x05, 0x00, 0xA8, 0xAA, 0xAA, 0x2A, 0x00, 0x00, 0x00, 0x00, 
    0x57, 0x55, 0x55, 0xD5, 0x00, 0x00, 0x0A, 0x00, 0x00, 0x80, 0x00, 0x00, 
    0x00, 0xA0, 0x02, 0x00, 0x80, 0x00, 0x02, 0x00, 0x08, 0xC4, 0x09, 0x08, 
    0xAB, 0xBE, 0xAB, 0xEA, 0xFF, 0xEF, 0xFF, 0xFF, 0x17, 0x15, 0x05, 0xD5, 
    0x00, 0xD5, 0x00, 0xD5, 0x00, 0x00, 0x00, 0x00, 0x00, 0xAA, 0x00, 0x2A, 
    0x28, 0xAA, 0x0A, 0x2A, 0xFF, 0xDF, 0xFF, 0xFF, 0x57, 0x7D, 0x57, 0xD5, 
    0x84, 0xCC, 0x46, 0xC4, 0x00, 0x44, 0x85, 0x00, 0xE8, 0xBE, 0xAF, 0x2A, 
    0x17, 0x01, 0x00, 0xD5, 0xA8, 0xAE, 0xAA, 0x2A, 0xA8, 0xAA, 0xAA, 0x2A, 
    0x00, 0x00, 0x02, 0x00, 0x57, 0x15, 0x55, 0xD5, 0x57, 0x5D, 0x55, 0xD5, 
    0x28, 0x02, 0x00, 0x2A, 0x57, 0x7D, 0x5F, 0xD5, 0x80, 0x88, 0x0A, 0x00, 
    0x20, 0x22, 0x27, 0x22, 0x00, 0x50, 0x05, 0x00, 0x00, 0x00, 0x00, 0x00, 
    0x00, 0x00, 0x00, 0x00, 0x57, 0x01, 0x11, 0x00, 0x00, 0x00, 0x00, 0x00, 
    0xA8, 0x00, 0xAA, 0x00, 0x00, 0x00, 0x00, 0x00, 0x00, 0x00, 0x00, 0x00, 
    0x00, 0xA0, 0x0A, 0x00, 0x13, 0x11, 0x1B, 0x11, 0xE8, 0x2E, 0xAA, 0x2A, 
    0x03, 0x04, 0x00, 0xC0, 0x00, 0x40, 0x00, 0x00, 0x00, 0x00, 0x01, 0x00, 
    0x57, 0x55, 0x15, 0xD5, 0x00, 0xC1, 0x34, 0x00, 0xA8, 0xAA, 0xAA, 0x2A, 
    0x00, 0x80, 0x08, 0x00, 0x00, 0x00, 0x00, 0x00, 0x00, 0x08, 0x00, 0x00, 
    0x17, 0x1D, 0x55, 0xD5, 0xC0, 0x08, 0x04, 0x00, 0xAB, 0xAA, 0xAE, 0xEA, 
    0xFF, 0xEF, 0xFF, 0xFF, 0x17, 0x55, 0x05, 0xD5, 0xA8, 0x2A, 0xAA, 0x2A, 
    0x00, 0x01, 0x30, 0x00, 0x57, 0x15, 0x55, 0xD5, 0x28, 0xAA, 0x0A, 0x2A, 
    0xFF, 0xFF, 0xFF, 0xFF, 0x57, 0x55, 0x5D, 0xD5, 0x00, 0x04, 0x48, 0x00, 
    0x48, 0x00, 0x8C, 0x08, 0xAB, 0xAA, 0xAE, 0xEA, 0x17, 0x01, 0x00, 0xD5, 
    0x00, 0x04, 0x00, 0x00, 0x00, 0x54, 0x00, 0xD5, 0x00, 0xC0, 0x04, 0x00, 
    0x00, 0xAA, 0x00, 0x2A, 0x00, 0x08, 0x00, 0x00, 0x28, 0x02, 0x00, 0x2A, 
    0x57, 0x55, 0x5D, 0xD5, 0x04, 0x00, 0x0C, 0xC4, 0x40, 0x04, 0x00, 0x00, 
    0x40, 0x04, 0x00, 0x00, 0x00, 0x00, 0x00, 0x00, 0xA8, 0xAA, 0xAE, 0x2A, 
    0xA8, 0x8A, 0xAE, 0x2A, 0x00, 0x00, 0x00, 0x00, 0x57, 0x55, 0x55, 0xD5, 
    0x57, 0x75, 0x57, 0xD5, 0x00, 0x00, 0x00, 0x00, 0x00, 0x08, 0x00, 0x00, 
    0x00, 0x08, 0x00, 0x00, 0x40, 0x00, 0x00, 0x00, 0x00, 0x00, 0x00, 0x00, 
    0x17, 0x41, 0x45, 0xD5, 0x17, 0x41, 0x45, 0xD5, 0x57, 0x04, 0x15, 0x00, 
    0x00, 0x04, 0x00, 0x00, 0xA8, 0x00, 0x82, 0x00, 0xA8, 0x2A, 0x2A, 0x2A, 
    0x28, 0xAA, 0x2A, 0x2A, 0x00, 0x00, 0x00, 0x00, 0x00, 0x00, 0x00, 0x00, 
    0x00, 0xAE, 0x04, 0x2A, 0xA8, 0xAE, 0xAE, 0x2A, 0xFF, 0xEF, 0xEF, 0xFF, 
    0x17, 0x41, 0x45, 0xD5, 0x57, 0x55, 0x15, 0xD5, 0x00, 0x04, 0x08, 0x00, 
    0xA8, 0xAA, 0x8A, 0x2A, 0xA8, 0x2A, 0x2A, 0x2A, 0xFF, 0xFF, 0x7F, 0xFF, 
    0x57, 0x5D, 0x5D, 0xD5, 0x00, 0x5D, 0x08, 0xD5, 0x40, 0x04, 0x04, 0x00, 
    0xA8, 0xAE, 0xAE, 0x2A, 0x40, 0x04, 0x00, 0x00, 0x00, 0x00, 0x00, 0x00, 
    0xA8, 0x8A, 0xAA, 0x2A, 0x00, 0x00, 0x08, 0x00, 0x57, 0x55, 0x55, 0xD5, 
    0x00, 0x00, 0x00, 0x00, 0x80, 0x00, 0x00, 0x00, 0x57, 0x5D, 0x5D, 0xD5, 
    0x00, 0x08, 0x08, 0x00, 0x40, 0x00, 0x00, 0x00, 0x03, 0x00, 0x00, 0xC0, 
    0x00, 0x00, 0x00, 0x00, 0x00, 0x00, 0x00, 0x00, 0xA8, 0x53, 0x2A, 0xFF, 
    0x00, 0x00, 0x00, 0x00, 0x54, 0xEF, 0x45, 0x3F, 0x00, 0x00, 0x00, 0x00, 
    0x00, 0x00, 0x00, 0x00, 0x00, 0x00, 0x00, 0x00, 0x00, 0x00, 0x00, 0x00, 
    0x40, 0xAE, 0x01, 0x2A, 0x03, 0x14, 0x01, 0xC0, 0x17, 0x41, 0x45, 0xD5, 
    0x17, 0x7F, 0x55, 0xFF, 0xA8, 0x0A, 0x2A, 0x2A, 0x00, 0x00, 0x00, 0x00, 
    0x54, 0x45, 0x0D, 0x15, 0x28, 0x3E, 0xA8, 0xFF, 0x28, 0x22, 0x2A, 0x2A, 
    0x00, 0x68, 0x02, 0x00, 0x00, 0x5D, 0x02, 0xD5, 0x00, 0x00, 0x05, 0x00, 
    0xAB, 0xBA, 0xAF, 0xEA, 0xBF, 0xEF, 0xEF, 0xFF, 0xBF, 0x7F, 0xFF, 0xFF, 
    0xE8, 0xAB, 0x6A, 0x2B, 0x7C, 0xDB, 0xBF, 0x3F, 0x94, 0x47, 0x85, 0x17, 
    0x7F, 0x7E, 0xFD, 0xFF, 0x7F, 0x77, 0x7F, 0xFF, 0x57, 0x75, 0x5F, 0xD5, 
    0x00, 0x00, 0x0A, 0x00, 0x40, 0x00, 0x05, 0x00, 0xAB, 0xBA, 0xAF, 0xEA, 
    0x00, 0x04, 0x00, 0x00, 0xA8, 0x00, 0xAA, 0x00, 0x00, 0x40, 0x04, 0x00, 
    0x00, 0x00, 0x02, 0x00, 0x03, 0x80, 0x00, 0xC0, 0x57, 0x40, 0x55, 0x00, 
    0x00, 0x00, 0x00, 0x00, 0x57, 0x35, 0x5F, 0xD5, 0x00, 0x00, 0x0A, 0x00, 
    0x40, 0x2E, 0x01, 0x2A, 0x03, 0x14, 0x01, 0xC0, 0x00, 0x00, 0x00, 0x00, 
    0x00, 0x00, 0x00, 0x00, 0x00, 0x55, 0x44, 0xD5, 0x00, 0xFF, 0x62, 0xFF, 
    0x00, 0xAA, 0x20, 0x2A, 0x00, 0x00, 0x00, 0x00, 0x00, 0x00, 0x00, 0x00, 
    0x00, 0x28, 0x02, 0x00, 0x00, 0x5D, 0x02, 0xD5, 0x40, 0x00, 0x01, 0x00, 
    0x00, 0x10, 0x01, 0x00, 0x00, 0x00, 0x04, 0x00, 0x00, 0x2A, 0x00, 0x2A, 
    0x00, 0x02, 0x40, 0x02, 0x00, 0x00, 0x60, 0x00, 0x00, 0x01, 0x20, 0x01, 
    0x00, 0x14, 0x02, 0xD5, 0x00, 0x00, 0x00, 0x00, 0x00, 0x20, 0x02, 0x00, 
    0x00, 0x00, 0x02, 0x00, 0x00, 0x04, 0x05, 0x00, 0xA8, 0xBE, 0xAD, 0x2A, 
    0xA8, 0xAA, 0xAE, 0x2A, 0xA8, 0xAF, 0xAA, 0x2A, 0x00, 0x02, 0x00, 0x02, 
    0x00, 0x0F, 0x00, 0x00, 0x00, 0x01, 0x00, 0x01, 0x57, 0x5E, 0x57, 0xD5, 
    0x57, 0x55, 0x55, 0xD5, 0x57, 0x7D, 0x5B, 0xD5, 0x00, 0x08, 0x0A, 0x00, 
    0x40, 0x2E, 0x05, 0x2A, 0xAB, 0xBE, 0xAD, 0xEA, 0x00, 0x00, 0x00, 0x00, 
    0xA8, 0x85, 0x8A, 0x00, 0x80, 0x17, 0x80, 0xD7, 0x00, 0xF0, 0x00, 0xFF, 
    0x40, 0x2B, 0x40, 0x2B, 0x57, 0x4A, 0x15, 0x00, 0x00, 0x00, 0x00, 0x00, 
    0x57, 0x7D, 0x5B, 0xD5, 0x00, 0x5D, 0x0A, 0xD5, 0x00, 0x00, 0x01, 0x00, 
    0x40, 0x10, 0x01, 0x00, 0x00, 0x00, 0x00, 0x00, 0x00, 0x00, 0x20, 0x00, 
    0x00, 0x00, 0x00, 0x00, 0x00, 0x00, 0x00, 0x00, 0x00, 0x00, 0x00, 0x00, 
    0x00, 0x00, 0x40, 0x00, 0x00, 0x00, 0x00, 0x00, 0x00, 0x20, 0x02, 0x00, 
    0x00, 0x00, 0x02, 0x00, 0x00, 0x4A, 0x06, 0x00, 0x00, 0x40, 0x04, 0x00, 
    0x00, 0x40, 0x05, 0x00, 0x00, 0x00, 0x00, 0x00, 0x57, 0x40, 0x51, 0x00, 
    0x00, 0x08, 0x00, 0x00, 0xA8, 0x08, 0xA2, 0x00, 0x00, 0x00, 0x00, 0x00, 
    0x00, 0x80, 0x0A, 0x00, 0x00, 0x80, 0x08, 0x00, 0x00, 0x80, 0x0C, 0x00, 
    0xA8, 0xEA, 0xAA, 0x2A, 0xA8, 0xEA, 0xAA, 0x2A, 0xFF, 0xFF, 0xFF, 0xFF, 
    0xFF, 0xAA, 0xFA, 0xFF, 0xFF, 0xFF, 0xFB, 0xFF, 0x00, 0x48, 0x00, 0x00, 
    0xFF, 0xFF, 0xFF, 0xFF, 0xFF, 0x55, 0xF5, 0xFF, 0xFF, 0xFF, 0xFF, 0xFF, 
    0x57, 0xD7, 0x55, 0xD5, 0x57, 0xD7, 0x55, 0xD5, 0x20, 0x60, 0x20, 0x22, 
    0xAB, 0xFE, 0xAA, 0xEA, 0x57, 0x50, 0x50, 0xD5, 0x57, 0x50, 0x55, 0xD5, 
    0xA8, 0xAA, 0xA2, 0x2A, 0x00, 0x00, 0x00, 0x00, 0x57, 0x55, 0x5D, 0xD5, 
    0xA8, 0xA0, 0xA8, 0x2A, 0xA8, 0xA0, 0x8A, 0x2A, 0x57, 0xFF, 0x55, 0xD5, 
    0x13, 0x97, 0x11, 0x11, 0x00, 0x40, 0x04, 0x00, 0x03, 0x54, 0x04, 0xC0, 
    0x57, 0x54, 0x51, 0xD5, 0x57, 0x54, 0x5D, 0xD5, 0x00, 0x15, 0x00, 0xD5, 
    0x00, 0x00, 0x00, 0x00, 0x00, 0xA2, 0x00, 0x2A, 0xA8, 0xA8, 0xAA, 0x2A, 
    0xA8, 0xA2, 0xAA, 0x2A, 0x00, 0xA8, 0x08, 0x00, 0x00, 0xC0, 0x08, 0x00, 
    0x88, 0x80, 0x8D, 0x08, 0x00, 0x00, 0x05, 0x00, 0x00, 0x00, 0x01, 0x00, 
    0x00, 0x00, 0x00, 0x00, 0x00, 0x00, 0x00, 0x00, 0x00, 0x40, 0x00, 0x00, 
    0x00, 0x00, 0x00, 0x00, 0x00, 0x00, 0x00, 0x00, 0x00, 0x00, 0x00, 0x00, 
    0x00, 0x00, 0x0A, 0x00, 0x44, 0x00, 0x4A, 0xC4, 0x00, 0x02, 0x01, 0x00, 
    0xA8, 0xAA, 0xAB, 0x2A, 0xA8, 0xAE, 0xAA, 0x2A, 0xA8, 0xAE, 0xAA, 0x2A, 
    0xFF, 0xAA, 0xFF, 0x2A, 0x00, 0x00, 0x04, 0x00, 0xFF, 0x5D, 0xF7, 0xD5, 
    0x57, 0x5D, 0x57, 0xD5, 0x57, 0x57, 0x75, 0xD5, 0x57, 0x57, 0x57, 0xD5, 
    0x00, 0x42, 0x02, 0x00, 0xA8, 0x2A, 0xAB, 0x2A, 0xA8, 0xBE, 0xAB, 0x2A, 
    0x57, 0x00, 0x55, 0xD5, 0x57, 0x00, 0x5D, 0xD5, 0xFF, 0xFF, 0xD7, 0xFF, 
    0x00, 0x88, 0x04, 0x00, 0xFF, 0xFF, 0xFB, 0xFF, 0x28, 0x00, 0xAA, 0x2A, 
    0xA8, 0x00, 0xAA, 0x2A, 0x57, 0x7F, 0x57, 0xD5, 0x57, 0x57, 0x57, 0xD5, 
    0x20, 0x00, 0x2F, 0x22, 0x00, 0x14, 0x05, 0x00, 0x57, 0x54, 0x55, 0xD5, 
    0x57, 0x54, 0x75, 0xD5, 0x00, 0x00, 0x00, 0x00, 0x00, 0x80, 0x00, 0x00, 
    0x00, 0x00, 0x08, 0x00, 0xA8, 0xA8, 0xAE, 0x2A, 0xA8, 0xA8, 0xAA, 0x2A, 
    0x00, 0x28, 0x0A, 0x00, 0x13, 0x01, 0x1F, 0x11, 0x00, 0x41, 0x04, 0x00, 
    0x00, 0x41, 0x04, 0x00, 0x00, 0x00, 0x00, 0x00, 0x00, 0x00, 0x00, 0x00, 
    0x00, 0x55, 0x00, 0xD5, 0x00, 0x00, 0x00, 0x00, 0x00, 0x22, 0x00, 0x2A, 
    0x00, 0x00, 0x00, 0x00, 0x00, 0x00, 0x00, 0x00, 0x00, 0x80, 0x08, 0x00, 
    0x00, 0x80, 0x08, 0x00, 0x88, 0x69, 0x80, 0x08, 0xA8, 0xEB, 0xAA, 0x2A, 
    0xA8, 0xAE, 0xAA, 0x2A, 0xA8, 0xAE, 0xAA, 0x2A, 0xA8, 0xAA, 0xAA, 0x2A, 
    0x00, 0x08, 0x00, 0x00, 0x57, 0xD5, 0x55, 0xD5, 0x57, 0x5D, 0x55, 0xD5, 
    0x57, 0x5D, 0x55, 0xD5, 0x57, 0xD7, 0x55, 0xD5, 0x44, 0x96, 0x40, 0xC4, 
    0x00, 0x63, 0x00, 0x00, 0xAB, 0xFF, 0xAA, 0xEA, 0x00, 0x00, 0x00, 0x00, 
    0x00, 0x00, 0x00, 0x00, 0x57, 0x00, 0x55, 0x00, 0x40, 0x00, 0x08, 0x00, 
    0x28, 0x00, 0xA2, 0x00, 0x80, 0x00, 0x00, 0x00, 0x00, 0x00, 0x00, 0x00, 
    0x57, 0xFF, 0x55, 0xD5, 0x00, 0x92, 0x00, 0x00, 0xA8, 0xEB, 0xAE, 0x2A, 
    0x03, 0x55, 0x04, 0xC0, 0x00, 0x50, 0x00, 0x00, 0x00, 0x50, 0x00, 0x00, 
    0x57, 0x55, 0x55, 0xD5, 0xC0, 0x80, 0x08, 0x00, 0x28, 0xAA, 0xAA, 0x2A, 
    0x00, 0xA0, 0x00, 0x00, 0x00, 0xA0, 0x00, 0x00, 0x00, 0xA8, 0x08, 0x00, 
    0x57, 0xD5, 0x59, 0xD5, 0x20, 0x01, 0x25, 0x22, 0x00, 0x01, 0x05, 0x00, 
    0x00, 0x00, 0x00, 0x00, 0x00, 0x00, 0x07, 0x00, 0xA8, 0xAA, 0xA8, 0x2A, 
    0x00, 0x00, 0x00, 0x00, 0x57, 0x55, 0x55, 0xD5, 0x00, 0x00, 0x0A, 0x00, 
    0x00, 0x00, 0x00, 0x00, 0x00, 0x00, 0x0A, 0x00, 0x13, 0x41, 0x1B, 0x11, 
    0x00, 0x01, 0x01, 0x00, 0xA8, 0xAB, 0xAB, 0x2A, 0xFF, 0xAF, 0xFF, 0xFF, 
    0x57, 0x54, 0x55, 0xD5, 0x00, 0x55, 0x00, 0xD5, 0x80, 0x80, 0x00, 0x00, 
    0x00, 0x2A, 0x08, 0x2A, 0xA8, 0xA8, 0xAA, 0x2A, 0xFF, 0x5F, 0xFF, 0xFF, 
    0x57, 0x57, 0x57, 0xD5, 0x00, 0x02, 0x02, 0x00, 0x88, 0x89, 0x8B, 0x08, 
    0xA8, 0xBF, 0xAB, 0x2A, 0x57, 0x00, 0x50, 0xD5, 0xA8, 0xAA, 0xAA, 0x2A, 
    0xA8, 0xAA, 0xAA, 0x2A, 0x00, 0x00, 0x00, 0x00, 0x57, 0xD5, 0x55, 0xD5, 
    0x57, 0x55, 0x55, 0xD5, 0xA8, 0x00, 0xA0, 0x2A, 0x57, 0x7F, 0x57, 0xD5, 
    0x44, 0x06, 0x42, 0xC4, 0x00, 0x21, 0x07, 0x00, 0x00, 0x15, 0x05, 0x00, 
    0x00, 0x00, 0x00, 0x00, 0x00, 0x04, 0x00, 0x00, 0x57, 0x15, 0x55, 0x00, 
    0x00, 0x10, 0x00, 0x00, 0xA8, 0x00, 0xA2, 0x00, 0x00, 0x08, 0x00, 0x00, 
    0x00, 0x00, 0x00, 0x00, 0x00, 0x28, 0x0A, 0x00, 0x00, 0x10, 0x0A, 0x00, 
    0xA8, 0xE2, 0xAA, 0x2A, 0x03, 0x40, 0x00, 0xC0, 0x00, 0x00, 0x00, 0x00, 
    0x00, 0x00, 0x00, 0x00, 0x57, 0x55, 0x55, 0xD5, 0x00, 0x15, 0x00, 0x00, 
    0xA8, 0xAA, 0xAA, 0x2A, 0x00, 0x00, 0x00, 0x00, 0x00, 0x00, 0x00, 0x00, 
    0x00, 0x80, 0x00, 0x00, 0x57, 0xD5, 0x55, 0xD5, 0x20, 0x02, 0x24, 0x22, 
    0xAB, 0xBE, 0xAE, 0xEA, 0xFF, 0xBF, 0xFF, 0xFF, 0x57, 0x44, 0x55, 0xD5, 
    0xA8, 0xAA, 0xAA, 0x2A, 0x00, 0x00, 0x00, 0x00, 0x57, 0x55, 0x5D, 0xD5, 
    0xA8, 0xA8, 0xA8, 0x2A, 0xFF, 0x5F, 0xFF, 0xFF, 0x57, 0x7D, 0x5D, 0xD5, 
    0x13, 0x00, 0x19, 0x11, 0x00, 0x00, 0x05, 0x00, 0xAB, 0xBE, 0xAF, 0xEA, 
    0x57, 0x00, 0x50, 0xD5, 0x00, 0x00, 0x00, 0x00, 0x00, 0x40, 0x00, 0xD5, 
    0x00, 0x01, 0x00, 0x00, 0x00, 0xAA, 0x00, 0x2A, 0x00, 0x00, 0x08, 0x00, 
    0xA8, 0x00, 0xA0, 0x2A, 0x57, 0x7F, 0x5F, 0xD5, 0x00, 0x07, 0x0A, 0x00, 
    0x88, 0xC0, 0x89, 0x08, 0x03, 0x40, 0x01, 0xC0, 0x00, 0x00, 0x00, 0x00, 
    0xA8, 0xAE, 0xAF, 0x2A, 0xA8, 0xAA, 0xAA, 0x2A, 0x00, 0x04, 0x00, 0x00, 
    0x57, 0x55, 0x55, 0xD5, 0x57, 0x5D, 0x55, 0xD5, 0x00, 0x00, 0x00, 0x00, 
    0x00, 0x82, 0x02, 0x00, 0x44, 0xC2, 0x46, 0xC4, 0x00, 0x40, 0x00, 0x00, 
    0x00, 0x40, 0x00, 0x00, 0x57, 0x54, 0x55, 0xD5, 0x57, 0x45, 0x55, 0xD5, 
    0x57, 0x00, 0x55, 0x00, 0x00, 0x01, 0x00, 0x00, 0xA8, 0x00, 0x82, 0x00, 
    0xA8, 0xAA, 0xAA, 0x2A, 0xA8, 0xAA, 0xAA, 0x2A, 0x00, 0x80, 0x00, 0x00, 
    0x00, 0x80, 0x00, 0x00, 0x00, 0xAA, 0x0C, 0x2A, 0xA8, 0xBE, 0xAE, 0x2A, 
    0xFF, 0xFE, 0xFF, 0xFF, 0x57, 0x55, 0x55, 0xDD, 0x57, 0x54, 0x55, 0xD5, 
    0x00, 0x01, 0x20, 0x00, 0xA8, 0xAA, 0xAA, 0x2A, 0xA8, 0xAA, 0xAA, 0x2A, 
    0xFF, 0xFF, 0xFF, 0xFF, 0x57, 0x7D, 0x5D, 0xD5, 0x00, 0x55, 0x08, 0xD5, 
    0x00, 0x00, 0x05, 0x00, 0xAB, 0xBE, 0xAF, 0xEA, 0x00, 0x00, 0x00, 0x00, 
    0x00, 0x00, 0x00, 0x00, 0xA8, 0xAA, 0xAA, 0x22, 0x00, 0x00, 0x00, 0x00, 
    0x57, 0x55, 0x5D, 0xD5, 0x00, 0x00, 0x00, 0x00, 0x00, 0x00, 0x00, 0x00, 
    0x57, 0x7F, 0x5F, 0xD5, 0x00, 0x02, 0x0A, 0x00, 0x00, 0x40, 0x09, 0x00, 
    0x00, 0x40, 0x01, 0x00, 0x00, 0x00, 0x00, 0x00, 0x00, 0x10, 0x00, 0x00, 
    0xA8, 0xD4, 0xAA, 0xFF, 0x00, 0x00, 0x20, 0x00, 0x54, 0xEA, 0x75, 0x3F, 
    0x00, 0x00, 0x00, 0x00, 0x00, 0x00, 0x00, 0x00, 0x00, 0x82, 0x02, 0x00, 
    0x00, 0x82, 0x02, 0x00, 0x00, 0xE3, 0x00, 0x2A, 0x03, 0x41, 0x00, 0xC0, 
    0x57, 0x55, 0x51, 0xD5, 0x57, 0xFA, 0x5D, 0xFF, 0xA8, 0x80, 0xAA, 0x2A, 
    0x00, 0x00, 0x00, 0x00, 0x54, 0x40, 0x55, 0x15, 0xA8, 0xF6, 0xA0, 0xFF, 
    0xA8, 0xAA, 0xA8, 0x2A, 0x00, 0x80, 0x00, 0x00, 0x00, 0xD5, 0x00, 0xD5, 
    0x00, 0x09, 0x04, 0x00, 0xAB, 0xBF, 0xAE, 0xEA, 0xFF, 0xFF, 0xFF, 0xFF, 
    0xFF, 0xFB, 0xFF, 0xFF, 0xE8, 0x81, 0xEA, 0x2B, 0xFC, 0xC0, 0xFF, 0x3F, 
    0xD4, 0x42, 0xD5, 0x17, 0xFF, 0xF6, 0xFD, 0xFF, 0xFF, 0xFF, 0xFF, 0xFF, 
    0x57, 0x7D, 0x5D, 0xD5, 0x00, 0x00, 0x08, 0x00, 0x00, 0x01, 0x05, 0x00, 
    0xAB, 0xBF, 0xAF, 0xEA, 0x00, 0x00, 0x00, 0x00, 0xA8, 0x00, 0x82, 0x00, 
    0x80, 0x00, 0x80, 0x02, 0x00, 0x00, 0x02, 0x00, 0x43, 0x00, 0x40, 0xC1, 
    0x57, 0x00, 0x55, 0x00, 0x00, 0x00, 0x00, 0x00, 0x57, 0x7F, 0x5F, 0xD5, 
    0x00, 0x02, 0x0A, 0x00, 0x00, 0xEB, 0x01, 0x2A, 0x03, 0x41, 0x01, 0xC0, 
    0x00, 0x00, 0x04, 0x00, 0x00, 0x01, 0x20, 0x00, 0x80, 0x55, 0x90, 0xD7, 
    0x00, 0xFF, 0x02, 0xFF, 0x40, 0xAA, 0x48, 0x2B, 0x00, 0x00, 0x08, 0x00, 
    0x00, 0x00, 0x02, 0x00, 0x00, 0x82, 0x02, 0x00, 0x00, 0xD7, 0x02, 0xD5, 
    0x00, 0x41, 0x00, 0x00, 0x00, 0x41, 0x00, 0x00, 0x00, 0x00, 0x00, 0x00, 
    0x00, 0xAA, 0x00, 0x2A, 0x00, 0x00, 0x00, 0x00, 0x00, 0x00, 0x00, 0x00, 
    0x00, 0x00, 0x00, 0x00, 0x00, 0x54, 0x02, 0xD5, 0x00, 0x00, 0x00, 0x00, 
    0x00, 0x80, 0x00, 0x00, 0x00, 0x80, 0x00, 0x00, 0x00, 0x01, 0x04, 0x00, 
    0xA8, 0xBF, 0xA4, 0x2A, 0xA8, 0xEA, 0xFA, 0x2A, 0xA8, 0xAA, 0xAA, 0x2A, 
    0x00, 0x40, 0x10, 0x00, 0x00, 0x00, 0x00, 0x00, 0x00, 0x80, 0x08, 0x00, 
    0x57, 0x54, 0x57, 0xD5, 0x57, 0xD5, 0x55, 0xD5, 0x57, 0x6D, 0x58, 0xD5, 
    0x00, 0x00, 0x08, 0x00, 0x00, 0xAB, 0x05, 0x2A, 0xA8, 0xBF, 0xA5, 0x2A, 
    0x00, 0x40, 0x50, 0x00, 0xA8, 0x00, 0xA2, 0x00, 0x80, 0x17, 0x80, 0xD7, 
    0x00, 0xFF, 0x00, 0xFF, 0x40, 0x2B, 0x40, 0x2B, 0x57, 0x00, 0x55, 0x00, 
    0x00, 0x80, 0x00, 0x00, 0x57, 0x6F, 0x5A, 0xD5, 0x00, 0x57, 0x0A, 0xD5, 
    0x00, 0x41, 0x01, 0x00, 0x00, 0x41, 0x01, 0x00, 0x00, 0x00, 0x00, 0x00, 
    0x00, 0x00, 0x08, 0x00, 0x00, 0x00, 0x00, 0x00, 0x00, 0x00, 0x00, 0x00, 
    0x00, 0x00, 0x00, 0x00, 0x00, 0x00, 0x00, 0x00, 0x00, 0x00, 0x00, 0x00, 
    0x00, 0x82, 0x02, 0x00, 0x00, 0x82, 0x02, 0x00, 0x00, 0x00, 0x02, 0x00, 
    0x00, 0x00, 0x00, 0x00, 0x00, 0x40, 0x05, 0x00, 0x00, 0x40, 0x05, 0x00, 
    0x57, 0x00, 0x51, 0x00, 0x00, 0x00, 0x00, 0x00, 0xA8, 0x00, 0xAA, 0x00, 
    0x00, 0x80, 0x0A, 0x00, 0x00, 0x80, 0x0A, 0x00, 0x00, 0x00, 0x00, 0x00, 
    0x00, 0x00, 0x00, 0x00, 0xFC, 0xFF, 0xFF, 0x3F, 0xA8, 0xBF, 0xAA, 0x2A, 
    0xFF, 0xFF, 0xFF, 0xFF, 0xFF, 0xFF, 0xFF, 0xFF, 0xFF, 0xFF, 0xFF, 0xFF, 
    0x00, 0x00, 0x00, 0x00, 0xFF, 0xFF, 0xFF, 0xFF, 0xFF, 0xFF, 0xFF, 0xFF, 
    0xFF, 0xFF, 0xFF, 0xFF, 0x57, 0x7F, 0x55, 0xD5, 0xFF, 0xFF, 0xFF, 0xFF, 
    0x20, 0x37, 0x20, 0x22, 0xAB, 0xBF, 0xAA, 0xEA, 0x57, 0x50, 0x14, 0xD5, 
    0x57, 0x10, 0x54, 0xD5, 0xA8, 0xAA, 0xAE, 0x2A, 0x00, 0x00, 0x00, 0x00, 
    0x57, 0x55, 0x51, 0xD5, 0xA8, 0xA0, 0xA6, 0x2A, 0x28, 0xA0, 0xA2, 0x2A, 
    0x57, 0x7F, 0x55, 0xD5, 0x13, 0x3B, 0x11, 0x11, 0x00, 0x00, 0x00, 0x00, 
    0x03, 0x15, 0x00, 0xC0, 0x57, 0x51, 0x54, 0xD5, 0x57, 0x14, 0x54, 0xD5, 
    0x00, 0x55, 0x00, 0xD5, 0x00, 0x00, 0x00, 0x00, 0x00, 0xAA, 0x00, 0x2A, 
    0xA8, 0xA8, 0xA2, 0x2A, 0x28, 0xA8, 0xA2, 0x2A, 0x00, 0x00, 0x00, 0x00, 
    0x00, 0x00, 0x00, 0x00, 0x88, 0x88, 0x88, 0x08, 0x54, 0x55, 0x55, 0x15, 
    0x00, 0x00, 0x00, 0x00, 0x00, 0x00, 0x00, 0x00, 0x00, 0x00, 0x00, 0x00, 
    0x00, 0x00, 0x00, 0x00, 0x00, 0x00, 0x00, 0x00, 0x00, 0x00, 0x00, 0x00, 
    0x00, 0x00, 0x00, 0x00, 0xA8, 0x80, 0xAA, 0x2A, 0x44, 0x44, 0x44, 0xC4, 
    0x54, 0x40, 0x55, 0x15, 0xA8, 0xAA, 0xAA, 0x2A, 0xA8, 0xAB, 0xEA, 0x2A, 
    0xA8, 0xAE, 0xAA, 0x2A, 0xFF, 0xEB, 0xFB, 0x2A, 0x00, 0x01, 0x00, 0x00, 
    0xFF, 0x55, 0xFF, 0xD5, 0x57, 0x5D, 0x55, 0xD5, 0x57, 0x5D, 0x55, 0xD5, 
    0xFF, 0xD5, 0xF5, 0xFF, 0xA8, 0x80, 0xAA, 0x2A, 0xA8, 0x2A, 0xAA, 0x2A, 
    0xAB, 0xAA, 0xAA, 0xEA, 0x57, 0x00, 0x54, 0xD5, 0x57, 0x40, 0x54, 0xD5, 
    0xFF, 0xFF, 0xFF, 0xFF, 0x00, 0xC1, 0x00, 0x00, 0xFF, 0xFF, 0xFB, 0xFF, 
    0x28, 0x00, 0xA2, 0x2A, 0xA8, 0x00, 0xA2, 0x2A, 0x57, 0x55, 0x55, 0xD5, 
    0x57, 0x55, 0x55, 0xD5, 0x74, 0x22, 0x77, 0x37, 0x54, 0x40, 0x55, 0x15, 
    0x57, 0x54, 0x54, 0xD5, 0x57, 0x54, 0x54, 0xD5, 0x00, 0x00, 0x04, 0x00, 
    0x00, 0x80, 0x00, 0x00, 0x00, 0x00, 0x00, 0x00, 0xA8, 0xA8, 0xAE, 0x2A, 
    0xA8, 0xA8, 0xA2, 0x2A, 0x00, 0x00, 0x0A, 0x00, 0xBB, 0x10, 0xBB, 0x3B, 
    0x54, 0x00, 0x50, 0x15, 0x00, 0x15, 0x00, 0x00, 0x00, 0x00, 0x00, 0x00, 
    0x00, 0x00, 0x00, 0x00, 0x00, 0x14, 0x00, 0xD5, 0x00, 0x40, 0x00, 0x00, 
    0x00, 0xAA, 0x00, 0x2A, 0x00, 0x00, 0x00, 0x00, 0x00, 0x00, 0x00, 0x00, 
    0x00, 0x00, 0x00, 0x00, 0xA8, 0x00, 0xA0, 0x2A, 0x88, 0x08, 0x88, 0x08, 
    0xAB, 0xFF, 0xAF, 0xEA, 0xA8, 0xEE, 0xAA, 0x2A, 0xA8, 0xAE, 0xAA, 0x2A, 
    0xA8, 0xAA, 0xAA, 0x2A, 0x00, 0x00, 0x00, 0x00, 0x57, 0x55, 0x55, 0xD5, 
    0x57, 0x5D, 0x55, 0xD5, 0x57, 0x5D, 0x55, 0xD5, 0xFF, 0xD5, 0xFF, 0xFF, 
    0x44, 0x45, 0x44, 0xC4, 0x00, 0x00, 0x05, 0x00, 0xAB, 0xEA, 0xAA, 0xEA, 
    0x00, 0x00, 0x00, 0x00, 0x00, 0x00, 0x00, 0x00, 0x57, 0x14, 0x11, 0x00, 
    0x40, 0x0C, 0x00, 0x00, 0x28, 0x28, 0xAA, 0x00, 0x80, 0x00, 0x08, 0x00, 
    0x00, 0x00, 0x00, 0x00, 0x57, 0x55, 0x55, 0xD5, 0x00, 0x00, 0x0A, 0x00, 
    0xFC, 0xAA, 0xFE, 0x3F, 0x00, 0x00, 0x05, 0x00, 0x00, 0x10, 0x00, 0x00, 
    0x00, 0x10, 0x00, 0x00, 0x57, 0x55, 0x55, 0xD5, 0x40, 0x3C, 0x40, 0x00, 
    0xA8, 0xAA, 0xAA, 0x2A, 0x00, 0xA0, 0x00, 0x00, 0x00, 0xA0, 0x00, 0x00, 
    0x00, 0x00, 0x00, 0x00, 0xFF, 0x3F, 0xFD, 0xFF, 0x74, 0x77, 0x75, 0x37, 
    0x54, 0x00, 0x54, 0x15, 0x00, 0x00, 0x00, 0x00, 0x00, 0x00, 0x01, 0x00, 
    0xA8, 0xAA, 0xAE, 0x2A, 0x00, 0x00, 0x00, 0x00, 0x57, 0x55, 0x55, 0xD5, 
    0x00, 0x00, 0x02, 0x00, 0x00, 0x80, 0x00, 0x00, 0x00, 0x00, 0x00, 0x00, 
    0xBB, 0xBB, 0xBB, 0x3B, 0x00, 0x55, 0x01, 0x00, 0xFF, 0xFA, 0xFF, 0xFF, 
    0xFF, 0xAF, 0xFF, 0xFF, 0x57, 0x54, 0x55, 0xD5, 0x00, 0xC1, 0x40, 0xD5, 
    0x00, 0x00, 0x40, 0x00, 0x80, 0x82, 0x00, 0x2A, 0xA8, 0xA8, 0xAA, 0x2A, 
    0xFF, 0xDF, 0xFF, 0xFF, 0xFF, 0xD5, 0xFF, 0xFF, 0x00, 0x80, 0x02, 0x00, 
    0x88, 0x88, 0x8A, 0x08, 0xA8, 0xEA, 0xAB, 0x2A, 0x57, 0x00, 0x50, 0xD5, 
    0xA8, 0xAA, 0xAA, 0x2A, 0xA8, 0xAA, 0xAA, 0x2A, 0x00, 0x30, 0x00, 0x00, 
    0x57, 0x55, 0x55, 0xD5, 0x57, 0x55, 0x55, 0xD5, 0xA8, 0x00, 0xA0, 0x2A, 
    0x57, 0x55, 0x55, 0xD5, 0x44, 0x04, 0x44, 0xC4, 0x00, 0x00, 0x02, 0x00, 
    0x00, 0x10, 0x00, 0x00, 0x00, 0x00, 0x04, 0x00, 0x00, 0x04, 0x00, 0x00, 
    0x57, 0x00, 0x51, 0x00, 0x00, 0x00, 0x00, 0x00, 0xA8, 0x00, 0xAA, 0x00, 
    0x00, 0x08, 0x08, 0x00, 0x00, 0x00, 0x00, 0x00, 0x00, 0x00, 0x00, 0x00, 
    0x00, 0x00, 0x00, 0x00, 0xFC, 0xFF, 0xFF, 0x3F, 0x57, 0x55, 0x55, 0xD5, 
    0x00, 0x00, 0x00, 0x00, 0x00, 0x00, 0x04, 0x00, 0x57, 0x55, 0x55, 0xD5, 
    0x00, 0x00, 0x00, 0x00, 0xA8, 0xAA, 0xAA, 0x2A, 0x00, 0x00, 0x02, 0x00, 
    0x00, 0x00, 0x00, 0x00, 0x00, 0x00, 0x00, 0x00, 0xFF, 0x7E, 0xF5, 0xFF, 
    0x20, 0x22, 0x25, 0x22, 0xFF, 0xFF, 0xFF, 0xFF, 0xFF, 0xAF, 0xFF, 0xFF, 
    0x57, 0x54, 0x55, 0xD5, 0xA8, 0x2A, 0xAE, 0x2A, 0x00, 0x00, 0x00, 0x00, 
    0x57, 0x55, 0x55, 0xD5, 0xA8, 0xA8, 0xAA, 0x2A, 0xFF, 0x5F, 0xFF, 0xFF, 
    0x57, 0x55, 0x55, 0xD5, 0x13, 0x10, 0x1B, 0x11, 0x00, 0x40, 0x00, 0x00, 
    0xAB, 0xAA, 0xAA, 0xEA, 0x57, 0x00, 0x51, 0xD5, 0x00, 0x00, 0x00, 0x00, 
    0x00, 0x55, 0x00, 0xD5, 0x00, 0x00, 0x00, 0x00, 0x00, 0xAA, 0x00, 0x2A, 
    0x00, 0x00, 0x00, 0x00, 0xA8, 0x00, 0xA8, 0x2A, 0x57, 0x55, 0x55, 0xD5, 
    0x00, 0x00, 0x00, 0x00, 0xDC, 0xDD, 0xD9, 0x1D, 0x00, 0x00, 0x00, 0x00, 
    0x00, 0x00, 0x00, 0x00, 0xA8, 0xAE, 0xAA, 0x2A, 0xA8, 0xAA, 0xAA, 0x2A, 
    0x00, 0x00, 0x00, 0x00, 0x57, 0x55, 0x55, 0xD5, 0x57, 0x5D, 0x55, 0xD5, 
    0x00, 0x00, 0x00, 0x00, 0x00, 0x00, 0x00, 0x00, 0xEC, 0x6E, 0xEE, 0xEE, 
    0x00, 0x08, 0x01, 0x00, 0x54, 0x55, 0x55, 0x15, 0x57, 0x40, 0x50, 0xD5, 
    0x57, 0x40, 0x50, 0xD5, 0x57, 0x00, 0x51, 0x00, 0x00, 0x00, 0x00, 0x00, 
    0xA8, 0x00, 0xAA, 0x00, 0xA8, 0x00, 0xA0, 0x2A, 0xA8, 0x00, 0xA0, 0x2A, 
    0xA8, 0x00, 0xA8, 0x2A, 0x00, 0x00, 0x00, 0x00, 0x00, 0xAA, 0x00, 0x2A, 
    0xFC, 0xFF, 0xFF, 0x3F, 0xFF, 0xEA, 0xFB, 0xFF, 0x57, 0x40, 0x50, 0xD7, 
    0x57, 0x55, 0x51, 0xD5, 0x00, 0x00, 0x00, 0x00, 0xA8, 0xAA, 0xAA, 0x2A, 
    0xA8, 0x20, 0xA0, 0x2E, 0xFF, 0x55, 0xFD, 0xFF, 0xFF, 0xF5, 0xFF, 0xFF, 
    0x10, 0x55, 0x0E, 0xD5, 0x54, 0x15, 0x50, 0x15, 0xA8, 0xAA, 0xAA, 0x2A, 
    0x00, 0x00, 0x01, 0x00, 0x00, 0x00, 0x00, 0x00, 0xA8, 0xAA, 0xAA, 0x28, 
    0x00, 0x00, 0x00, 0x00, 0x57, 0x55, 0x55, 0xD1, 0x00, 0x20, 0x00, 0x00, 
    0x00, 0x00, 0x08, 0x00, 0x57, 0xD5, 0x57, 0xD5, 0xA8, 0x2A, 0xA0, 0x2A, 
    0x54, 0x55, 0x55, 0x15, 0x03, 0x00, 0x00, 0xC0, 0x00, 0x00, 0x00, 0x00, 
    0x00, 0x00, 0x00, 0x00, 0x00, 0x77, 0x0A, 0xD5, 0x00, 0x00, 0x00, 0x00, 
    0x00, 0xBB, 0x00, 0x2A, 0x00, 0x00, 0x00, 0x00, 0x00, 0x00, 0x00, 0x00, 
    0x00, 0x20, 0x00, 0x00, 0xB8, 0x2A, 0xA6, 0x2A, 0x00, 0xA2, 0x00, 0x2A, 
    0x57, 0x55, 0x5D, 0xD5, 0x57, 0x00, 0x50, 0xD5, 0x57, 0x3F, 0x51, 0xFF, 
    0x00, 0x22, 0x08, 0x00, 0x00, 0x00, 0x00, 0x00, 0x00, 0x01, 0x00, 0x00, 
    0xB8, 0xBF, 0xAC, 0xFF, 0xA8, 0x00, 0xA0, 0x2A, 0xA8, 0x00, 0xAC, 0x2A, 
    0xA8, 0x7F, 0xA0, 0xFF, 0x00, 0x00, 0x05, 0x00, 0xFF, 0xFF, 0xFF, 0xFF, 
    0xFF, 0xAA, 0xFA, 0xFF, 0xFF, 0x3F, 0xFB, 0xFF, 0x54, 0x42, 0x55, 0x15, 
    0x00, 0xFC, 0x08, 0x00, 0x00, 0x11, 0x05, 0x00, 0xFF, 0xBF, 0xFD, 0xFF, 
    0xFF, 0x55, 0xF5, 0xFF, 0xFF, 0xF5, 0xFF, 0xFF, 0x00, 0x00, 0x00, 0x00, 
    0x54, 0x44, 0x55, 0x15, 0xAB, 0xAA, 0xA2, 0xEA, 0x00, 0x00, 0x00, 0x00, 
    0xA8, 0x00, 0xAA, 0x00, 0x41, 0x00, 0x00, 0x00, 0x00, 0x00, 0x00, 0x00, 
    0x03, 0x80, 0x00, 0xC0, 0x47, 0x00, 0x51, 0x00, 0x00, 0x00, 0x00, 0x00, 
    0x57, 0xD5, 0x53, 0xD5, 0xA8, 0xA2, 0xA8, 0x2A, 0x00, 0xAA, 0x00, 0x2A, 
    0x03, 0x00, 0x00, 0xC0, 0x00, 0x00, 0x00, 0x00, 0x00, 0x00, 0x00, 0x00, 
    0x41, 0x55, 0x04, 0xD5, 0x00, 0xFF, 0x00, 0xFF, 0x00, 0xAA, 0x20, 0x2A, 
    0x00, 0x00, 0x00, 0x00, 0x00, 0x00, 0x00, 0x00, 0x00, 0x20, 0x00, 0x00, 
    0x00, 0xD5, 0x0C, 0xD5, 0x00, 0x44, 0x00, 0x00, 0x54, 0x55, 0x55, 0x15, 
    0x01, 0x00, 0x00, 0x00, 0x00, 0x2A, 0x00, 0x2A, 0x00, 0x00, 0x00, 0x00, 
    0x00, 0x00, 0x00, 0x00, 0x00, 0x00, 0x00, 0x00, 0x00, 0x15, 0x04, 0xD5, 
    0x00, 0x80, 0x00, 0x00, 0xA8, 0x00, 0xA8, 0x2A, 0x00, 0x22, 0x00, 0x00, 
    0x54, 0x00, 0x50, 0x15, 0xFC, 0xFF, 0xF7, 0x3F, 0xE9, 0xAA, 0xAA, 0x2A, 
    0xA8, 0x2A, 0xAA, 0x2A, 0x80, 0x02, 0x84, 0x02, 0x00, 0x00, 0x00, 0x00, 
    0x00, 0x00, 0x20, 0x00, 0x57, 0x1D, 0x55, 0xD5, 0x57, 0xD5, 0x75, 0xD5, 
    0xFF, 0xF5, 0xFE, 0xFF, 0xA8, 0x00, 0xA4, 0x2A, 0x54, 0xAA, 0x54, 0x3F, 
    0xAB, 0xAA, 0xA2, 0xEA, 0x00, 0x00, 0x00, 0x00, 0xA8, 0x00, 0xAA, 0x00, 
    0x80, 0x55, 0x80, 0xD7, 0x00, 0xF7, 0x00, 0xFF, 0x00, 0x2A, 0x00, 0x2A, 
    0x57, 0x08, 0x51, 0x00, 0x00, 0x00, 0x20, 0x00, 0x57, 0xD5, 0x56, 0xD5, 
    0xA8, 0xD1, 0xA8, 0xFF, 0x54, 0x55, 0x55, 0x15, 0x00, 0x00, 0x00, 0x00, 
    0x40, 0x00, 0x00, 0x00, 0x00, 0x00, 0x00, 0x00, 0x00, 0x00, 0x00, 0x00, 
    0x00, 0x08, 0x00, 0x00, 0x00, 0x00, 0x00, 0x00, 0x00, 0x00, 0x00, 0x00, 
    0x00, 0x00, 0x00, 0x00, 0x00, 0x20, 0x00, 0x00, 0xA8, 0x2E, 0xA0, 0x2A, 
    0x20, 0x22, 0x22, 0x22, 0x00, 0x00, 0x00, 0x00, 0x00, 0x40, 0x05, 0x00, 
    0x00, 0x00, 0x00, 0x00, 0x00, 0x00, 0x01, 0x00, 0x00, 0x00, 0x00, 0x00, 
    0x00, 0x00, 0x08, 0x00, 0x00, 0x00, 0x00, 0x00, 0x00, 0x80, 0x0A, 0x00, 
    0x00, 0x00, 0x00, 0x00, 0x13, 0x01, 0x14, 0x11, 0xA8, 0xAA, 0xAA, 0x2A, 
    0xA8, 0xEE, 0xAA, 0x2A, 0xFF, 0xFF, 0xFF, 0xFF, 0xFF, 0xAA, 0xFA, 0xFF, 
    0xFF, 0xFF, 0xFF, 0xFF, 0x00, 0x00, 0x05, 0x00, 0xFF, 0xFF, 0xFF, 0xFF, 
    0xFF, 0x55, 0xF5, 0xFF, 0xFF, 0xFF, 0xFF, 0xFF, 0x57, 0xDD, 0x55, 0xD5, 
    0x57, 0x45, 0x55, 0xD5, 0x00, 0x40, 0x05, 0x00, 0xAB, 0xFE, 0xAF, 0xEA, 
    0x57, 0x41, 0x55, 0xD5, 0x57, 0x40, 0x51, 0xD5, 0xDF, 0xA9, 0xFA, 0x2A, 
    0x00, 0x00, 0x00, 0x00, 0xFF, 0x55, 0xB3, 0xD5, 0xA8, 0x80, 0xAE, 0x2A, 
    0xA8, 0x82, 0xAA, 0x2A, 0x57, 0xFD, 0x5F, 0xD5, 0x00, 0x80, 0x0A, 0x00, 
    0x88, 0xC0, 0x8D, 0x08, 0x03, 0x10, 0x05, 0xC0, 0x57, 0x55, 0x55, 0xD5, 
    0x77, 0x57, 0x51, 0xD5, 0x00, 0x10, 0x00, 0x00, 0x00, 0x00, 0x04, 0x00, 
    0x00, 0x00, 0x00, 0x00, 0xA8, 0xAA, 0xEA, 0x2A, 0xA8, 0xAA, 0xAA, 0x2A, 
    0x00, 0x20, 0x0A, 0x00, 0x44, 0x84, 0x4B, 0xC4, 0x00, 0x08, 0x00, 0x00, 
    0x00, 0x00, 0x00, 0x00, 0x00, 0x14, 0x00, 0x00, 0x00, 0x14, 0x00, 0x00, 
    0x00, 0x44, 0x04, 0xD5, 0x00, 0x00, 0x01, 0x00, 0x00, 0xAA, 0x00, 0x2A, 
    0x00, 0x28, 0x00, 0x00, 0x00, 0x28, 0x00, 0x00, 0x00, 0x00, 0x00, 0x00, 
    0x00, 0x40, 0x00, 0x00, 0x20, 0x22, 0x22, 0x22, 0xA8, 0xEE, 0xAA, 0x2A, 
    0xA8, 0xAA, 0xAA, 0x2A, 0xA8, 0xAB, 0xAA, 0x2A, 0xA8, 0xAA, 0xAE, 0x2A, 
    0x00, 0x00, 0x08, 0x00, 0x57, 0x55, 0x5D, 0xD5, 0x57, 0x57, 0x55, 0xD5, 
    0x57, 0x55, 0x55, 0xD5, 0x57, 0xDD, 0x55, 0xD5, 0x13, 0x00, 0x11, 0x11, 
    0xA8, 0xEA, 0xAF, 0x2A, 0xA8, 0xFE, 0xAF, 0x2A, 0x57, 0x40, 0x50, 0xD5, 
    0x57, 0x41, 0xD0, 0xD5, 0xFF, 0xFF, 0x7F, 0xFF, 0x00, 0x82, 0x08, 0x00, 
    0xFF, 0xFF, 0xFF, 0xFF, 0xA8, 0x82, 0xA0, 0x2A, 0xA8, 0x80, 0xA0, 0x2A, 
    0x57, 0xFD, 0x5F, 0xD5, 0x57, 0xC4, 0x5B, 0xD5, 0x00, 0x40, 0x05, 0x00, 
    0x00, 0x10, 0x05, 0x00, 0x57, 0x55, 0x55, 0xD5, 0x57, 0x55, 0x55, 0xD5, 
    0x57, 0x00, 0x51, 0x00, 0x00, 0x82, 0x00, 0x00, 0xA8, 0x00, 0xA2, 0x00, 
    0xA8, 0xAA, 0xAA, 0x2A, 0xA8, 0xAA, 0xAA, 0x2A, 0x00, 0x20, 0x0A, 0x00, 
    0x00, 0x80, 0x0A, 0x00, 0x88, 0x80, 0x88, 0x08, 0x00, 0x40, 0x00, 0x00, 
    0x00, 0x14, 0x00, 0x00, 0x00, 0x14, 0x00, 0x00, 0x00, 0x00, 0x00, 0x00, 
    0x00, 0x00, 0x00, 0x00, 0x00, 0x20, 0x00, 0x00, 0x00, 0x28, 0x00, 0x00, 
    0x00, 0x28, 0x00, 0x00, 0x00, 0x80, 0x00, 0x00, 0x44, 0x44, 0x40, 0xC4, 
    0x00, 0x08, 0x00, 0x00, 0xAB, 0xEE, 0xAA, 0xEA, 0xA8, 0xAA, 0xAA, 0x2A, 
    0xA8, 0xAA, 0xAA, 0x2A, 0xA8, 0xFF, 0xAA, 0xFF, 0x00, 0x00, 0x00, 0x00, 
    0x57, 0xDF, 0x55, 0xFF, 0x57, 0x55, 0x55, 0xD5, 0x57, 0x55, 0x55, 0xD5, 
    0x57, 0xDD, 0x55, 0xD5, 0x00, 0x00, 0x00, 0x00, 0x20, 0x40, 0x25, 0x22, 
    0xAB, 0xFE, 0xAF, 0xEA, 0x00, 0x00, 0x05, 0x00, 0x00, 0x00, 0x05, 0x00, 
    0x00, 0x00, 0x01, 0x00, 0x00, 0x00, 0x00, 0x00, 0x00, 0x00, 0x08, 0x00, 
    0x00, 0x00, 0x0A, 0x00, 0x00, 0x00, 0x0A, 0x00, 0x57, 0xFD, 0x5F, 0xD5, 
    0x13, 0x90, 0x1A, 0x11, 0xA8, 0x48, 0xA7, 0x2A, 0x00, 0x50, 0x05, 0x00, 
    0x00, 0x01, 0x00, 0x00, 0x00, 0x00, 0x00, 0x00, 0x57, 0x55, 0x55, 0xD5, 
    0x00, 0x30, 0x01, 0x00, 0xA8, 0xAA, 0xAA, 0x2A, 0x00, 0x00, 0x40, 0x00, 
    0x00, 0x02, 0x00, 0x00, 0x00, 0xA0, 0x0A, 0x00, 0x57, 0xD4, 0x5E, 0xD5, 
    0x00, 0x00, 0x00, 0x00, 0x00, 0x40, 0x00, 0x00, 0x00, 0x00, 0x05, 0x00, 
    0x00, 0x00, 0x08, 0x00, 0xFF, 0xBA, 0xF6, 0x2A, 0x00, 0x30, 0x00, 0x00, 
    0xFF, 0x75, 0xB7, 0xD5, 0x00, 0x00, 0x00, 0x00, 0x00, 0x00, 0x0A, 0x00, 
    0x00, 0x80, 0x00, 0x00, 0x00, 0x00, 0x00, 0x00, 0x88, 0x08, 0x82, 0x08, 
    0xA8, 0xEE, 0xAA, 0x2A, 0xFF, 0xFF, 0xFF, 0xFF, 0x57, 0x55, 0x55, 0xD5, 
    0x00, 0x00, 0x00, 0x00, 0x00, 0x00, 0x00, 0x00, 0x00, 0x00, 0x00, 0x00, 
    0xA8, 0xAA, 0xAA, 0x2A, 0xFF, 0xFF, 0xFF, 0xFF, 0x57, 0xDD, 0x55, 0xD5, 
    0x44, 0x40, 0x44, 0xC4, 0x00, 0x40, 0x05, 0x00, 0xA8, 0xFE, 0xAF, 0x2A, 
    0x57, 0x41, 0x50, 0xD5, 0xA8, 0xBE, 0xAA, 0x2A, 0xA8, 0xEF, 0xAA, 0xFF, 
    0x00, 0x00, 0x01, 0x00, 0x57, 0xDF, 0x55, 0xFF, 0x57, 0x7D, 0x55, 0xD5, 
    0xA8, 0x82, 0xA0, 0x2A, 0x57, 0xFD, 0x5F, 0xD5, 0x00, 0x84, 0x0A, 0x00, 
    0x20, 0x42, 0x25, 0x22, 0x00, 0x50, 0x05, 0x00, 0x00, 0x00, 0x00, 0x00, 
    0x00, 0x00, 0x00, 0x00, 0x00, 0x00, 0x00, 0x00, 0x00, 0x00, 0x04, 0x00, 
    0x00, 0x00, 0x08, 0x00, 0x00, 0x00, 0x00, 0x00, 0x00, 0x00, 0x00, 0x00, 
    0x00, 0xA0, 0x0A, 0x00, 0x13, 0x90, 0x1A, 0x11, 0xA8, 0x8A, 0xAA, 0x2A, 
    0x03, 0x00, 0x00, 0xC0, 0x00, 0x00, 0x01, 0x00, 0x00, 0x00, 0x00, 0x00, 
    0x57, 0x55, 0x55, 0xD5, 0x00, 0x02, 0x0C, 0x00, 0xA8, 0xAA, 0xAA, 0x2A, 
    0x00, 0x00, 0x00, 0x00, 0x00, 0x00, 0x0A, 0x00, 0x00, 0x00, 0x00, 0x00, 
    0x57, 0x54, 0x54, 0xD5, 0x00, 0x40, 0x0E, 0x00, 0xAB, 0xFA, 0xAE, 0xEA, 
    0xFF, 0xFF, 0xFF, 0xFF, 0x77, 0x55, 0x55, 0xD5, 0xDF, 0xAB, 0xFF, 0x2A, 
    0x00, 0x02, 0x00, 0x00, 0xFF, 0x55, 0xF7, 0xD5, 0xA8, 0xAA, 0xAA, 0x2A, 
    0xFF, 0xFF, 0xFF, 0xFF, 0x57, 0xF5, 0x5D, 0xD5, 0x00, 0x80, 0x08, 0x00, 
    0x88, 0xC8, 0x84, 0x08, 0xAB, 0xFE, 0xAE, 0xEA, 0x57, 0x41, 0x50, 0xD5, 
    0x00, 0x14, 0x00, 0x00, 0x00, 0x10, 0x00, 0x00, 0x00, 0x00, 0x00, 0x00, 
    0x00, 0x00, 0x00, 0x00, 0x00, 0x28, 0x00, 0x00, 0xA8, 0x82, 0xA0, 0x2A, 
    0x57, 0xFD, 0x5D, 0xD5, 0x44, 0xC0, 0x4C, 0xC4, 0x00, 0x00, 0x00, 0x00, 
    0x00, 0x04, 0x00, 0x00, 0x00, 0x00, 0x00, 0x00, 0xA8, 0xAA, 0xAE, 0x2A, 
    0xA8, 0xEE, 0xAA, 0xFF, 0x00, 0x00, 0x08, 0x00, 0x57, 0xFF, 0x51, 0xFF, 
    0x57, 0x55, 0x55, 0xD5, 0x00, 0x00, 0x00, 0x00, 0x00, 0x08, 0x00, 0x00, 
    0x00, 0x04, 0x00, 0x00, 0x00, 0xAA, 0x01, 0x2A, 0x00, 0x00, 0x01, 0x00, 
    0x57, 0x14, 0x55, 0xD5, 0x57, 0x14, 0x55, 0xD5, 0x00, 0x00, 0x00, 0x00, 
    0x00, 0x00, 0x00, 0x00, 0x00, 0x00, 0x02, 0x00, 0xA8, 0x28, 0xAA, 0x2A, 
    0xA8, 0x28, 0xAA, 0x2A, 0x00, 0x00, 0x02, 0x00, 0x00, 0x45, 0x02, 0xD5, 
    0xA8, 0xEA, 0x27, 0x2A, 0xAB, 0xFA, 0xAF, 0xEA, 0xFF, 0xBE, 0xFF, 0xFF, 
    0x57, 0x14, 0x55, 0xD5, 0x57, 0x55, 0x55, 0xD5, 0x00, 0x00, 0x0A, 0x00, 
    0xA8, 0xAA, 0xAA, 0x2A, 0xA8, 0x28, 0xAA, 0x2A, 0xFF, 0x7D, 0xFF, 0xFF, 
    0x57, 0xF5, 0x5F, 0xD5, 0x57, 0xD5, 0x1F, 0xD5, 0x00, 0x40, 0x05, 0x00, 
    0xA8, 0xFE, 0x2F, 0x2A, 0x00, 0x00, 0x80, 0x00, 0x00, 0x00, 0x00, 0x00, 
    0xFF, 0xAA, 0xFF, 0x2A, 0x00, 0x00, 0x00, 0x00, 0xFF, 0x55, 0xF1, 0xD0, 
    0x00, 0x00, 0x00, 0x05, 0x00, 0x00, 0x00, 0x00, 0x57, 0xFD, 0x5F, 0xD5, 
    0x00, 0x80, 0x0A, 0x00, 0xA8, 0x00, 0x23, 0x00, 0x03, 0x04, 0x01, 0xC0, 
    0x00, 0x00, 0x00, 0x00, 0x00, 0x00, 0x00, 0x00, 0xA8, 0x98, 0xAA, 0x2A, 
    0x00, 0x00, 0x08, 0x00, 0x54, 0x45, 0x55, 0x15, 0x00, 0x00, 0x00, 0x00, 
    0x00, 0x00, 0x00, 0x00, 0x00, 0x08, 0x02, 0x00, 0x57, 0x00, 0x17, 0x00, 
    0x00, 0x00, 0x00, 0x00, 0x03, 0x00, 0x00, 0xC0, 0x57, 0x14, 0x55, 0xD5, 
    0xFF, 0xBE, 0x77, 0xFF, 0xA8, 0xC5, 0xAA, 0xFF, 0x00, 0x00, 0x02, 0x00, 
    0x54, 0xEA, 0x5D, 0x3F, 0xFF, 0x7F, 0xBF, 0xFF, 0xA8, 0x28, 0xAA, 0x2A, 
    0x00, 0x00, 0x00, 0x00, 0x00, 0x10, 0x00, 0x00, 0x00, 0x40, 0x04, 0x00, 
    0xAB, 0xFA, 0xAE, 0xEA, 0xFF, 0xBE, 0xFF, 0xFF, 0xFF, 0xBE, 0xFF, 0xFF, 
    0xE8, 0xA1, 0xEA, 0x2B, 0xFC, 0xC2, 0xFF, 0x3F, 0xD4, 0x52, 0xD5, 0x17, 
    0xFF, 0x7F, 0xFF, 0xFF, 0xFF, 0x7D, 0xFF, 0xFF, 0x57, 0xF5, 0x5D, 0xD5, 
    0x00, 0x80, 0x08, 0x00, 0x00, 0xEA, 0x04, 0x2A, 0xAB, 0xFE, 0xAE, 0xEA, 
    0x00, 0x00, 0x00, 0x00, 0x00, 0x00, 0x08, 0x00, 0x80, 0x00, 0x80, 0x02, 
    0x00, 0x00, 0x04, 0x00, 0x43, 0x01, 0x40, 0xC1, 0x00, 0x00, 0x40, 0x00, 
    0x00, 0x00, 0x00, 0x00, 0x57, 0xFD, 0x5D, 0xD5, 0x00, 0xC5, 0x08, 0xD5, 
    0x88, 0xAA, 0xAA, 0x2A, 0x03, 0x04, 0x00, 0xC0, 0x00, 0x00, 0x00, 0x00, 
    0x00, 0x00, 0x80, 0x00, 0xD7, 0x57, 0xD5, 0xD7, 0xFF, 0xFD, 0xF7, 0xFF, 
    0xE8, 0xAA, 0xE2, 0x2B, 0x00, 0x00, 0x00, 0x00, 0x00, 0x00, 0x00, 0x00, 
    0x00, 0x08, 0x00, 0x00, 0x57, 0x55, 0x55, 0xD5, 0x00, 0x00, 0x01, 0x00, 
    0x00, 0x00, 0x01, 0x00, 0x00, 0x00, 0x00, 0x00, 0x88, 0xAA, 0xAE, 0x2A, 
    0x00, 0x00, 0x00, 0x00, 0x00, 0x00, 0x00, 0x00, 0x00, 0x00, 0x00, 0x00, 
    0x57, 0x55, 0x55, 0xD5, 0x00, 0x00, 0x00, 0x00, 0x00, 0x00, 0x02, 0x00, 
    0x00, 0x00, 0x02, 0x00, 0x88, 0x40, 0xAF, 0x00, 0xA8, 0xFA, 0xAF, 0x2A, 
    0xA8, 0xAA, 0xAA, 0x2A, 0xA8, 0xEA, 0xAE, 0x2A, 0x57, 0x00, 0x55, 0x00, 
    0xFF, 0xC0, 0xF3, 0x00, 0xA8, 0x00, 0xA2, 0x00, 0x57, 0xD5, 0x55, 0xD5, 
    0x17, 0x55, 0x55, 0xD5, 0x57, 0xF5, 0x5F, 0xD5, 0x57, 0x80, 0x5F, 0x00, 
    0x00, 0x40, 0x05, 0x00, 0xA8, 0xFE, 0xAF, 0x2A, 0x00, 0x00, 0x00, 0x00, 
    0x20, 0x40, 0x00, 0x00, 0x80, 0x12, 0x80, 0x02, 0x00, 0x10, 0x00, 0x00, 
    0x40, 0x01, 0x40, 0x01, 0x00, 0x80, 0x00, 0x00, 0x00, 0x00, 0x00, 0x00, 
    0x17, 0xFD, 0x5F, 0xD5, 0x00, 0x90, 0x0A, 0x00, 0x00, 0x00, 0x01, 0x00, 
    0x00, 0x04, 0x01, 0x00, 0x00, 0x00, 0x00, 0x00, 0x00, 0x00, 0x00, 0x00, 
    0x00, 0x45, 0x00, 0xD5, 0x00, 0x2D, 0x00, 0xFF, 0x00, 0xAA, 0x00, 0x2A, 
    0x00, 0x00, 0x00, 0x00, 0x00, 0x00, 0x00, 0x00, 0x00, 0x08, 0x02, 0x00, 
    0x00, 0x00, 0x02, 0x00, 0x20, 0x22, 0x23, 0x22, 0x00, 0x00, 0x01, 0x00, 
    0x00, 0x00, 0x05, 0x00, 0x00, 0x00, 0x00, 0x00, 0x00, 0x00, 0x00, 0x00, 
    0x00, 0x00, 0x00, 0x00, 0x00, 0x00, 0x02, 0x00, 0x00, 0x00, 0x00, 0x00, 
    0x00, 0x00, 0x0A, 0x00, 0x00, 0x00, 0x02, 0x00, 0x13, 0x01, 0x16, 0x11, 
    0xA8, 0xAA, 0xAB, 0x2A, 0xA8, 0xAA, 0xAB, 0x2A, 0xFF, 0xFF, 0xFF, 0xFF, 
    0xFF, 0xEB, 0xFA, 0xFF, 0xFF, 0xFF, 0xFB, 0xFF, 0x00, 0x40, 0x00, 0x00, 
    0xFF, 0xFF, 0xFF, 0xFF, 0xFF, 0xD7, 0xF5, 0xFF, 0xFF, 0xFF, 0xFF, 0xFF, 
    0x57, 0x55, 0x57, 0xD5, 0x57, 0x55, 0x57, 0xD5, 0x00, 0x00, 0x01, 0x00, 
    0xAB, 0xBA, 0xAB, 0xEA, 0x57, 0x41, 0x55, 0xD5, 0x57, 0x01, 0x55, 0xD5, 
    0xFF, 0xAA, 0xFB, 0x2A, 0x00, 0x40, 0x00, 0x00, 0xFF, 0x55, 0xF5, 0xD5, 
    0xA8, 0x02, 0xAA, 0x2A, 0xA8, 0x82, 0xAA, 0x2A, 0x57, 0x75, 0x57, 0xD5, 
    0x00, 0x00, 0x02, 0x00, 0x88, 0x88, 0x81, 0x08, 0x03, 0x10, 0x01, 0xC0, 
    0x57, 0x55, 0x55, 0xD5, 0x57, 0x55, 0x55, 0xD5, 0x00, 0x00, 0x00, 0x00, 
    0x00, 0x00, 0x00, 0x00, 0x00, 0x00, 0x00, 0x00, 0xA8, 0xAA, 0xAA, 0x2A, 
    0xA8, 0xAA, 0xAA, 0x2A, 0x00, 0x20, 0x02, 0x00, 0x44, 0x40, 0x43, 0xC4, 
    0x00, 0x00, 0x09, 0x00, 0x00, 0x04, 0x01, 0x00, 0x00, 0x14, 0x00, 0x00, 
    0x00, 0x54, 0x00, 0x00, 0x00, 0x55, 0x00, 0xD5, 0x00, 0x00, 0x00, 0x00, 
    0x00, 0xAA, 0x08, 0x2A, 0x00, 0xA8, 0x00, 0x00, 0x00, 0x28, 0x00, 0x00, 
    0x00, 0x08, 0x02, 0x00, 0x00, 0x14, 0x02, 0x00, 0x20, 0x22, 0x23, 0x22, 
    0xA8, 0xAE, 0xAB, 0x2A, 0xA8, 0xAA, 0xAA, 0x2A, 0xA8, 0xAA, 0xAA, 0x2A, 
    0xA8, 0xAA, 0xAE, 0x2A, 0x00, 0x00, 0x00, 0x00, 0x57, 0x55, 0x5D, 0xD5, 
    0x57, 0x55, 0x55, 0xD5, 0x57, 0x55, 0x55, 0xD5, 0x57, 0x5D, 0x57, 0xD5, 
    0x13, 0x40, 0x12, 0x11, 0xA8, 0xAA, 0xAB, 0x2A, 0xA8, 0xBE, 0xAB, 0x2A, 
    0x57, 0x41, 0x50, 0xD5, 0x57, 0x41, 0x50, 0xD5, 0xFF, 0xFF, 0xFF, 0xFF, 
    0x00, 0x00, 0x01, 0x00, 0xFF, 0xFF, 0xBB, 0xFF, 0xA8, 0x82, 0xE4, 0x2A, 
    0xA8, 0x82, 0xA0, 0x2A, 0x57, 0x7D, 0x57, 0xD5, 0x57, 0x55, 0x56, 0xD5, 
    0x00, 0x00, 0x01, 0x00, 0x00, 0x14, 0x01, 0x00, 0x57, 0x55, 0x55, 0xD5, 
    0x57, 0x55, 0x55, 0xD5, 0x57, 0x00, 0x50, 0x00, 0x00, 0x00, 0x00, 0x00, 
    0xA8, 0x00, 0xA2, 0x00, 0xA8, 0xAA, 0xAA, 0x2A, 0xA8, 0xAA, 0xAA, 0x2A, 
    0x00, 0x28, 0x02, 0x00, 0x00, 0x04, 0x06, 0x00, 0x88, 0x88, 0x84, 0x08, 
    0x00, 0x00, 0x04, 0x00, 0x00, 0x14, 0x00, 0x00, 0x00, 0x14, 0x00, 0x00, 
    0x00, 0x00, 0x00, 0x00, 0x00, 0x00, 0x01, 0x00, 0x00, 0x00, 0x00, 0x00, 
    0x00, 0x28, 0x00, 0x00, 0x00, 0x28, 0x00, 0x00, 0x00, 0x00, 0x08, 0x00, 
    0x44, 0x10, 0x48, 0xC4, 0x00, 0x00, 0x0C, 0x00, 0xA8, 0xAA, 0xAE, 0x2A, 
    0xA8, 0xAA, 0xAA, 0x2A, 0xA8, 0xAA, 0xAA, 0x2A, 0xA8, 0xFF, 0xAB, 0xFF, 
    0x00, 0x00, 0x00, 0x00, 0x57, 0xFF, 0x55, 0xFF, 0x57, 0x55, 0x55, 0xD5, 
    0x57, 0x55, 0x55, 0xD5, 0x57, 0x55, 0x5D, 0xD5, 0x00, 0x01, 0x08, 0x00, 
    0x20, 0x02, 0x24, 0x22, 0xAB, 0xBA, 0xAE, 0xEA, 0x00, 0x00, 0x05, 0x00, 
    0x00, 0x00, 0x05, 0x00, 0x00, 0x04, 0x00, 0x00, 0x00, 0x00, 0x00, 0x00, 
    0x00, 0x08, 0x0A, 0x00, 0x00, 0x00, 0x0A, 0x00, 0x00, 0x00, 0x0A, 0x00, 
    0x57, 0x75, 0x5D, 0xD5, 0x13, 0x11, 0x19, 0x11, 0xA8, 0xAA, 0xAE, 0x2A, 
    0x03, 0x10, 0x04, 0xC0, 0x00, 0x00, 0x00, 0x00, 0x00, 0x00, 0x00, 0x00, 
    0x57, 0x55, 0x51, 0xD5, 0x00, 0x3C, 0x00, 0x00, 0xA8, 0xAA, 0xAA, 0x2A, 
    0x00, 0x00, 0x00, 0x00, 0x00, 0x00, 0x00, 0x00, 0x00, 0x20, 0x08, 0x00, 
    0x57, 0x55, 0x5D, 0xD5, 0x00, 0x00, 0x04, 0x00, 0x00, 0x04, 0x04, 0x00, 
    0x00, 0x00, 0x05, 0x00, 0x00, 0x00, 0x00, 0x00, 0xFF, 0xAA, 0xFB, 0x2A, 
    0x00, 0x00, 0x00, 0x00, 0xFF, 0x55, 0xB5, 0xD5, 0x00, 0x00, 0x40, 0x00, 
    0x00, 0x00, 0x0A, 0x00, 0x00, 0x08, 0x08, 0x00, 0x00, 0x00, 0x08, 0x00, 
    0x88, 0x80, 0x8E, 0x08, 0xA8, 0xAE, 0xAE, 0x2A, 0xFF, 0xFF, 0xFF, 0xFF, 
    0x57, 0x55, 0x55, 0xD5, 0x00, 0x00, 0x00, 0x00, 0x00, 0x30, 0x00, 0x00, 
    0x00, 0x00, 0x00, 0x00, 0xA8, 0xAA, 0xAA, 0x2A, 0xFF, 0xFF, 0xFF, 0xFF, 
    0x57, 0x5D, 0x5D, 0xD5, 0x44, 0x44, 0x4C, 0xC4, 0x00, 0x28, 0x04, 0x00, 
    0xA8, 0xBE, 0xAE, 0x2A, 0x57, 0x41, 0x50, 0xD5, 0xA8, 0xBE, 0xAA, 0x2A, 
    0xA8, 0xFB, 0xAA, 0xFF, 0x00, 0x0C, 0x00, 0x00, 0x57, 0xF7, 0x55, 0xFF, 
    0x57, 0x7D, 0x55, 0xD5, 0xA8, 0x82, 0xA0, 0x2A, 0x57, 0x7D, 0x5D, 0xD5, 
    0x00, 0x00, 0x08, 0x00, 0x20, 0x00, 0x2C, 0x22, 0x00, 0x14, 0x04, 0x00, 
    0x00, 0x00, 0x00, 0x00, 0x00, 0x00, 0x00, 0x00, 0x00, 0x00, 0x00, 0x00, 
    0x00, 0x00, 0x00, 0x00, 0x00, 0x00, 0x02, 0x00, 0x00, 0x00, 0x00, 0x00, 
    0x00, 0x00, 0x00, 0x00, 0x00, 0x28, 0x08, 0x00, 0x13, 0x11, 0x19, 0x11, 
    0xA8, 0xAA, 0xA8, 0x2A, 0x03, 0x00, 0x00, 0xC0, 0x00, 0x00, 0x01, 0x00, 
    0x00, 0x00, 0x00, 0x00, 0x57, 0x55, 0x55, 0xD5, 0x00, 0xC0, 0x06, 0x00, 
    0xA8, 0xAA, 0xAA, 0x2A, 0x00, 0x00, 0x00, 0x00, 0x00, 0x00, 0x08, 0x00, 
    0x00, 0x00, 0x00, 0x00, 0x57, 0x55, 0x55, 0xD5, 0x00, 0x88, 0x01, 0x00, 
    0xAB, 0xBA, 0xAB, 0xEA, 0xFF, 0xFF, 0xFF, 0xFF, 0x57, 0x55, 0x55, 0xD5, 
    0xFF, 0xAA, 0xFB, 0x2A, 0x00, 0x00, 0x00, 0x00, 0xFF, 0x55, 0xFD, 0xD5, 
    0xA8, 0xAA, 0xAA, 0x2A, 0xFF, 0xFF, 0xFF, 0xFF, 0x57, 0x75, 0x57, 0xD5, 
    0x00, 0x00, 0x02, 0x00, 0x88, 0x20, 0x85, 0x08, 0xAB, 0xBA, 0xAF, 0xEA, 
    0x57, 0x41, 0x50, 0xD5, 0x00, 0x14, 0x00, 0x00, 0x00, 0x40, 0x00, 0x00, 
    0x00, 0xC0, 0x04, 0x00, 0x00, 0x80, 0x00, 0x00, 0x00, 0x28, 0x00, 0x00, 
    0xA8, 0x82, 0xA0, 0x2A, 0x57, 0x75, 0x5F, 0xD5, 0x44, 0x44, 0x4E, 0xC4, 
    0x00, 0x02, 0x04, 0x00, 0x03, 0x00, 0x04, 0xC0, 0x00, 0x00, 0x00, 0x00, 
    0xA8, 0xAA, 0xAE, 0x2A, 0xA8, 0xBF, 0xAE, 0xFF, 0x00, 0x00, 0x02, 0x00, 
    0x57, 0x7F, 0x55, 0xFF, 0x57, 0x55, 0x57, 0xD5, 0x00, 0x00, 0x00, 0x00, 
    0x00, 0x00, 0x08, 0x00, 0x00, 0x00, 0x08, 0x00, 0x00, 0xA8, 0x00, 0x2A, 
    0x00, 0x00, 0x00, 0x00, 0x57, 0x55, 0x55, 0xD5, 0x57, 0x55, 0x55, 0xD5, 
    0x00, 0x01, 0x04, 0x00, 0x00, 0x00, 0x00, 0x00, 0x00, 0x02, 0x0A, 0x00, 
    0xA8, 0xAA, 0xAA, 0x2A, 0xA8, 0xAA, 0xAA, 0x2A, 0x00, 0x00, 0x00, 0x00, 
    0x00, 0x54, 0x10, 0xD5, 0xA8, 0xAA, 0xA1, 0x2A, 0xA8, 0xBA, 0xAB, 0x2A, 
    0xFF, 0xFF, 0xFF, 0xFF, 0x57, 0x55, 0x55, 0xD5, 0x57, 0x55, 0x55, 0xD5, 
    0x00, 0x03, 0x00, 0x00, 0xA8, 0xAA, 0xAA, 0x2A, 0xA8, 0xAA, 0xAA, 0x2A, 
    0xFF, 0xFF, 0xFF, 0xFF, 0x57, 0x75, 0x57, 0xD5, 0x57, 0x55, 0x13, 0xD5, 
    0x00, 0x02, 0x05, 0x00, 0xAB, 0xBA, 0xAF, 0xEA, 0x00, 0x00, 0x00, 0x00, 
    0x00, 0x00, 0x00, 0x20, 0xFF, 0xAA, 0xFB, 0x0A, 0x00, 0x00, 0x00, 0x00, 
    0xFF, 0x55, 0xF5, 0xD5, 0x00, 0x00, 0x00, 0x00, 0x00, 0x00, 0x00, 0x00, 
    0x57, 0x75, 0x5F, 0xD5, 0x00, 0x01, 0x0A, 0x00, 0xA8, 0x00, 0xA4, 0x00, 
    0x00, 0x00, 0x04, 0x00, 0x00, 0x00, 0x00, 0x00, 0x00, 0x00, 0x00, 0x00, 
    0xA8, 0x82, 0xAA, 0x2A, 0x00, 0x00, 0x00, 0x00, 0x54, 0x41, 0x55, 0x15, 
    0x00, 0x00, 0x00, 0x00, 0x00, 0x00, 0x00, 0x00, 0x00, 0x00, 0x08, 0x00, 
    0x57, 0x00, 0x09, 0x00, 0x00, 0x00, 0x00, 0x00, 0x03, 0x04, 0x00, 0xC0, 
    0x57, 0x45, 0x55, 0xD5, 0xFF, 0xF8, 0xF5, 0xFF, 0xA8, 0xD6, 0xAA, 0xFF, 
    0x00, 0x03, 0x00, 0x00, 0x54, 0xE9, 0x55, 0x3F, 0xFF, 0xF6, 0xBB, 0xFF, 
    0xA8, 0x8A, 0xAA, 0x2A, 0x00, 0x08, 0x00, 0x00, 0x00, 0x00, 0x00, 0x00, 
    0x00, 0x00, 0x01, 0x00, 0xAB, 0xBE, 0xAB, 0xEA, 0xFF, 0xFF, 0xFF, 0xFF, 
    0xFF, 0xFA, 0xFF, 0xFF, 0xE8, 0x83, 0xEA, 0x2B, 0xFC, 0xC3, 0xFF, 0x3F, 
    0xD4, 0x43, 0xD5, 0x17, 0xFF, 0xF7, 0xFF, 0xFF, 0xFF, 0xFF, 0xFF, 0xFF, 
    0x57, 0x7D, 0x57, 0xD5, 0x00, 0x00, 0x02, 0x00, 0x00, 0xAA, 0x05, 0x2A, 
    0xAB, 0xBE, 0xAF, 0xEA, 0x00, 0x00, 0x00, 0x00, 0x00, 0x00, 0x0A, 0x00, 
    0x00, 0x00, 0x00, 0x00, 0x00, 0x00, 0x00, 0x00, 0x03, 0x00, 0x00, 0xC0, 
    0x00, 0x00, 0x04, 0x00, 0x00, 0x00, 0x00, 0x00, 0x57, 0x7D, 0x5F, 0xD5, 
    0x00, 0x55, 0x0A, 0xD5, 0xA8, 0xAA, 0xA4, 0x2A, 0x03, 0x04, 0x04, 0xC0, 
    0x00, 0x10, 0x00, 0x00, 0x00, 0x02, 0x00, 0x00, 0x57, 0x55, 0x51, 0xD5, 
    0xFF, 0xFF, 0xF3, 0xFF, 0xA8, 0xAA, 0xA0, 0x2A, 0x00, 0x01, 0x40, 0x00, 
    0x00, 0x20, 0x00, 0x00, 0x00, 0x08, 0x08, 0x00, 0x57, 0x55, 0x5D, 0xD5, 
    0x00, 0x00, 0x00, 0x00, 0x00, 0x04, 0x00, 0x00, 0x00, 0x00, 0x00, 0x00, 
    0xA8, 0xAA, 0xA0, 0x2A, 0x00, 0x00, 0x00, 0x00, 0x00, 0x00, 0x00, 0x00, 
    0x00, 0x00, 0x00, 0x00, 0x57, 0x55, 0x55, 0xD5, 0x00, 0x00, 0x00, 0x00, 
    0x00, 0x08, 0x00, 0x00, 0x00, 0x00, 0x00, 0x00, 0xA8, 0x00, 0xA1, 0x00, 
    0xA8, 0xBE, 0xA9, 0x2A, 0xA8, 0xAA, 0xAA, 0x2A, 0xA8, 0xAA, 0xAA, 0x2A, 
    0x57, 0x00, 0x51, 0x00, 0xFF, 0x00, 0xF3, 0x00, 0xA8, 0x00, 0xA0, 0x00, 
    0x57, 0x55, 0x55, 0xD5, 0x57, 0x55, 0x55, 0xD5, 0x57, 0x7D, 0x53, 0xD5, 
    0x57, 0x00, 0x57, 0x00, 0x00, 0x00, 0x05, 0x00, 0xA8, 0xBE, 0xAD, 0x2A, 
    0x00, 0x00, 0x00, 0x00, 0x00, 0x00, 0x0A, 0x00, 0x80, 0x02, 0x80, 0x02, 
    0x00, 0x00, 0x00, 0x00, 0x40, 0x01, 0x40, 0x01, 0x00, 0x00, 0x00, 0x00, 
    0x00, 0x00, 0x00, 0x00, 0x57, 0x7D, 0x5B, 0xD5, 0x00, 0x00, 0x0A, 0x00, 
    0x00, 0x00, 0x04, 0x00, 0x00, 0x04, 0x04, 0x00, 0x00, 0x00, 0x00, 0x00, 
    0x00, 0x00, 0x00, 0x00, 0x00, 0x55, 0x00, 0xD5, 0x00, 0xFF, 0x00, 0xFF, 
    0x00, 0xAA, 0x00, 0x2A, 0x00, 0x00, 0x00, 0x00, 0x00, 0x00, 0x00, 0x00, 
    0x00, 0x08, 0x08, 0x00, 0x00, 0x00, 0x08, 0x00, 0x00, 0x00, 0x00, 0x00, 
    0x54, 0x55, 0x55, 0x15, 0x00, 0x00, 0x05, 0x00, 0x00, 0x00, 0x05, 0x00, 
    0x00, 0x00, 0x01, 0x00, 0x00, 0x00, 0x00, 0x00, 0x00, 0x00, 0x08, 0x00, 
    0x00, 0x00, 0x0A, 0x00, 0x00, 0x00, 0x0A, 0x00, 0xA8, 0x82, 0xA8, 0x2A, 
    0x00, 0x00, 0x00, 0x00, 0xFC, 0xFF, 0xFF, 0x3F, 0xFC, 0xFF, 0xFF, 0x3F, 
    0xFF, 0xFF, 0xFF, 0xFF, 0xFF, 0xFF, 0xFF, 0xFF, 0xFF, 0xFF, 0xFF, 0xFF, 
    0x00, 0x00, 0x08, 0x00, 0xFF, 0xFF, 0xFF, 0xFF, 0xFF, 0xFF, 0xFF, 0xFF, 
    0xFF, 0xFF, 0xFF, 0xFF, 0xFF, 0xFF, 0xFD, 0xFF, 0xFF, 0xFF, 0xFF, 0xFF, 
    0x20, 0x36, 0x2A, 0x22, 0xAB, 0xAA, 0xAA, 0xEA, 0x57, 0x41, 0x51, 0xD5, 
    0x57, 0x41, 0x51, 0xD5, 0xFF, 0xAA, 0xFE, 0x2A, 0x00, 0x00, 0x00, 0x00, 
    0xFF, 0x51, 0xF5, 0xD5, 0xA8, 0x82, 0xAA, 0x2A, 0xA8, 0x82, 0xAA, 0x2A, 
    0x57, 0x7D, 0x55, 0xD5, 0x13, 0x39, 0x11, 0x11, 0x00, 0x00, 0x00, 0x00, 
    0x03, 0x00, 0x00, 0xC0, 0x57, 0x55, 0x51, 0xD5, 0x57, 0x55, 0x51, 0xD5, 
    0x00, 0x00, 0x00, 0x00, 0x00, 0x00, 0x00, 0x00, 0x00, 0x00, 0x02, 0x00, 
    0xA8, 0xAE, 0xAA, 0x2A, 0xA8, 0xAA, 0xAA, 0x2A, 0x00, 0x00, 0x00, 0x00, 
    0x00, 0x00, 0x00, 0x00, 0x88, 0x88, 0x80, 0x08, 0x54, 0x55, 0x55, 0x15, 
    0x00, 0x14, 0x00, 0x00, 0x00, 0x14, 0x00, 0x00, 0x00, 0x55, 0x00, 0xD5, 
    0x00, 0x00, 0x08, 0x00, 0x00, 0xAA, 0x00, 0x2A, 0x00, 0x28, 0x00, 0x00, 
    0x00, 0x28, 0x00, 0x00, 0xA8, 0x82, 0xA8, 0x2A, 0x44, 0x44, 0x44, 0xC4, 
    0x54, 0x61, 0x5F, 0x15, 0xFC, 0xFF, 0xFF, 0x3F, 0xA8, 0xAA, 0xAA, 0x2A, 
    0xA8, 0xAA, 0xAA, 0x2A, 0xA8, 0xAA, 0xAB, 0x2A, 0x00, 0x00, 0x00, 0x00, 
    0x57, 0x55, 0x55, 0xD5, 0x57, 0x55, 0x55, 0xD5, 0x57, 0x55, 0x55, 0xD5, 
    0xFF, 0xFF, 0xFD, 0xFF, 0xA8, 0x92, 0xAB, 0x2A, 0xA8, 0xAA, 0xAA, 0x2A, 
    0xA8, 0xAA, 0xAA, 0x2A, 0x57, 0x41, 0x51, 0xD5, 0x57, 0x41, 0x51, 0xD5, 
    0xFF, 0xFF, 0xFF, 0xFF, 0x00, 0x00, 0x00, 0x00, 0xFF, 0xFF, 0xFF, 0xFF, 
    0xA8, 0x82, 0xA0, 0x2A, 0xA8, 0x82, 0xA0, 0x2A, 0x57, 0x7D, 0x55, 0xD5, 
    0x57, 0x55, 0x55, 0xD5, 0x74, 0x43, 0x75, 0x37, 0x00, 0x00, 0x00, 0x00, 
    0x57, 0x55, 0x55, 0xD5, 0x57, 0x55, 0x55, 0xD5, 0x57, 0x00, 0x54, 0x00, 
    0x00, 0x00, 0x00, 0x00, 0xA8, 0x00, 0xAA, 0x00, 0xA8, 0xAA, 0xAA, 0x2A, 
    0xA8, 0xAA, 0xAA, 0x2A, 0x00, 0x00, 0x00, 0x00, 0xBB, 0x83, 0xBA, 0x3B, 
    0x54, 0x41, 0x50, 0x15, 0x54, 0x55, 0x55, 0x15, 0x00, 0x14, 0x00, 0x00, 
    0x00, 0x14, 0x00, 0x00, 0x00, 0x00, 0x00, 0x00, 0x00, 0x00, 0x00, 0x00, 
    0x00, 0x00, 0x00, 0x00, 0x00, 0x28, 0x00, 0x00, 0x00, 0x28, 0x00, 0x00, 
    0xA8, 0x82, 0xA8, 0x2A, 0xA8, 0x82, 0xA0, 0x2A, 0x88, 0x88, 0x80, 0x08, 
    0xFF, 0xFF, 0xFF, 0xFF, 0xA8, 0xAA, 0xAA, 0x2A, 0xA8, 0xAA, 0xAA, 0x2A, 
    0xA8, 0xFF, 0xAA, 0xFF, 0x00, 0x00, 0x00, 0x00, 0x57, 0xFF, 0x55, 0xFF, 
    0x57, 0x55, 0x55, 0xD5, 0x57, 0x55, 0x55, 0xD5, 0xFF, 0xFF, 0xFD, 0xFF, 
    0x44, 0x44, 0x44, 0xC4, 0x00, 0x20, 0x05, 0x00, 0xAB, 0xAA, 0xAA, 0xEA, 
    0x00, 0x00, 0x04, 0x00, 0x00, 0x00, 0x04, 0x00, 0x00, 0x00, 0x01, 0x00, 
    0x00, 0x00, 0x00, 0x00, 0x00, 0x00, 0x08, 0x00, 0x00, 0x00, 0x0A, 0x00, 
    0x00, 0x00, 0x08, 0x00, 0x57, 0x7D, 0x55, 0xD5, 0x00, 0x10, 0x0B, 0x00, 
    0xFC, 0xEB, 0xFE, 0x3F, 0x00, 0x00, 0x00, 0x00, 0x00, 0x00, 0x00, 0x00, 
    0x00, 0x00, 0x00, 0x00, 0x57, 0x55, 0x55, 0xD5, 0x00, 0x00, 0x08, 0x00, 
    0xA8, 0xAA, 0xAA, 0x2A, 0x00, 0x00, 0x00, 0x00, 0x00, 0x00, 0x02, 0x00, 
    0x00, 0x00, 0x00, 0x00, 0xFF, 0xD7, 0xFD, 0xFF, 0x74, 0x57, 0x76, 0x37, 
    0x54, 0x55, 0x55, 0x15, 0x00, 0x00, 0x00, 0x00, 0x00, 0x00, 0x01, 0x00, 
    0xFF, 0xAA, 0xFE, 0x2A, 0x00, 0x00, 0x00, 0x00, 0xFF, 0x55, 0xF5, 0xD5, 
    0x00, 0x00, 0x20, 0x00, 0x00, 0x00, 0x0A, 0x00, 0x00, 0x00, 0x00, 0x00, 
    0xBB, 0x83, 0xB8, 0x3B, 0x00, 0x00, 0x08, 0x00, 0xFC, 0xFF, 0xFF, 0x3F, 
    0xFF, 0xFF, 0xFF, 0xFF, 0x57, 0x55, 0x55, 0xD5, 0x00, 0x00, 0x00, 0x00, 
    0x00, 0x00, 0x00, 0x00, 0x00, 0x00, 0x02, 0x00, 0xA8, 0xAA, 0xAA, 0x2A, 
    0xFF, 0xFF, 0xFF, 0xFF, 0x57, 0x55, 0x55, 0xD5, 0x00, 0x00, 0x00, 0x00, 
    0x88, 0x9C, 0x80, 0x08, 0xA8, 0xAA, 0xAA, 0x2A, 0x57, 0x41, 0x50, 0xD5, 
    0xA8, 0xBE, 0xAE, 0x2A, 0xA8, 0xFF, 0xAA, 0xFF, 0x00, 0x00, 0x08, 0x00, 
    0x57, 0xFF, 0x55, 0xFF, 0x57, 0x7D, 0x55, 0xD5, 0xA8, 0x82, 0x80, 0x2A, 
    0x57, 0x55, 0x55, 0xD5, 0x44, 0x44, 0x44, 0xC4, 0x00, 0x20, 0x00, 0x00, 
    0x00, 0x00, 0x00, 0x00, 0x00, 0x00, 0x00, 0x00, 0x00, 0x00, 0x00, 0x00, 
    0x00, 0x00, 0x01, 0x00, 0x00, 0x00, 0x00, 0x00, 0x00, 0x00, 0x02, 0x00, 
    0x00, 0x00, 0x00, 0x00, 0x00, 0x00, 0x00, 0x00, 0x00, 0x00, 0x00, 0x00, 
    0x00, 0x10, 0x01, 0x00, 0xFC, 0xFF, 0xFF, 0x3F, 0x57, 0x41, 0x54, 0xD5, 
    0x00, 0x00, 0x01, 0x00, 0x00, 0x00, 0x00, 0x02, 0x57, 0x55, 0x55, 0xD5, 
    0x00, 0x00, 0x02, 0x00, 0xA8, 0xAA, 0xAA, 0x2A, 0x00, 0x00, 0x00, 0x00, 
    0x00, 0x00, 0x0A, 0x00, 0x00, 0x00, 0x00, 0x00, 0xFF, 0xFF, 0xF5, 0xFF, 
    0x20, 0x02, 0x25, 0x22, 0xFF, 0xFF, 0xFE, 0xFF, 0xFF, 0xFF, 0xFF, 0xFF, 
    0x57, 0x55, 0x55, 0xD5, 0xFF, 0xAA, 0xFE, 0x28, 0x00, 0x00, 0x00, 0x00, 
    0xFF, 0x55, 0xFD, 0xD1, 0xA8, 0xAA, 0xAA, 0x2E, 0xFF, 0xFF, 0xFF, 0xFF, 
    0x57, 0x55, 0x55, 0xD5, 0x13, 0x01, 0x1A, 0x11, 0x00, 0x00, 0x00, 0x00, 
    0xAB, 0xBE, 0xAA, 0xEA, 0x57, 0x41, 0x54, 0xD5, 0x00, 0x14, 0x00, 0x00, 
    0x00, 0x00, 0x00, 0x00, 0x00, 0x00, 0x00, 0x00, 0x00, 0x00, 0x00, 0x00, 
    0x00, 0x28, 0x00, 0x00, 0xA8, 0x82, 0xA0, 0x2A, 0x57, 0x55, 0x55, 0xD5, 
    0x00, 0x00, 0x08, 0x00, 0xDC, 0xDD, 0xDA, 0x1D, 0x00, 0x00, 0x00, 0x00, 
    0x00, 0x00, 0x00, 0x00, 0xA8, 0xAA, 0xAA, 0x2A, 0xA8, 0xFF, 0xAA, 0xFF, 
    0x00, 0x00, 0x02, 0x00, 0x57, 0xFF, 0x55, 0xFF, 0x57, 0x55, 0x55, 0xD5, 
    0x00, 0x00, 0x00, 0x00, 0xA8, 0x82, 0xAA, 0x2A, 0xEC, 0xEE, 0xEE, 0xEE, 
    0x00, 0xAA, 0x00, 0x2A, 0x00, 0x14, 0x00, 0x00, 0x57, 0x41, 0x54, 0xD5, 
    0x57, 0x41, 0x50, 0xD5, 0x00, 0x00, 0x01, 0x00, 0x00, 0x00, 0x00, 0x00, 
    0x00, 0x00, 0x00, 0x00, 0xA8, 0x82, 0xA0, 0x2A, 0xA8, 0x82, 0xA0, 0x2A, 
    0x00, 0x00, 0x00, 0x00, 0x00, 0x55, 0x02, 0xD5, 0xA8, 0xAA, 0xAA, 0x2A, 
    0xAB, 0xBE, 0xAF, 0xEA, 0xFF, 0xEB, 0xFE, 0xFF, 0x57, 0x41, 0x54, 0xD5, 
    0x57, 0x55, 0x55, 0xD5, 0x00, 0x10, 0x00, 0x00, 0xA8, 0xAA, 0xAA, 0x2A, 
    0xA8, 0x82, 0xA0, 0x2A, 0xFF, 0xD7, 0xF5, 0xFF, 0x57, 0x55, 0x55, 0xD5, 
    0x57, 0x55, 0x54, 0xD5, 0x54, 0x55, 0x50, 0x15, 0xA8, 0xAA, 0xAA, 0x2A, 
    0x00, 0x00, 0x00, 0x00, 0x00, 0x00, 0x04, 0x08, 0xFF, 0xAA, 0xFE, 0x22, 
    0x00, 0x10, 0x00, 0x00, 0xFF, 0x55, 0xFF, 0xD5, 0x00, 0x00, 0x00, 0x00, 
    0x00, 0x00, 0x00, 0x00, 0x57, 0x55, 0x55, 0xD5, 0xA8, 0xAA, 0xA0, 0x2A, 
    0xFC, 0x55, 0xFF, 0x15, 0x03, 0x00, 0x05, 0xC0, 0x00, 0x00, 0x00, 0x00, 
    0x00, 0x00, 0x00, 0x00, 0x00, 0x08, 0x00, 0x00, 0x00, 0x00, 0x00, 0x00, 
    0x00, 0x04, 0x01, 0x00, 0x00, 0x00, 0x00, 0x00, 0x00, 0x00, 0x00, 0x00, 
    0xA8, 0x82, 0xAA, 0x2A, 0xFF, 0xAA, 0xFC, 0x2A, 0x54, 0x55, 0x50, 0x15, 
    0x03, 0x14, 0x00, 0xC0, 0x57, 0x41, 0x51, 0xD5, 0xFF, 0xFF, 0xFA, 0xFF, 
    0x00, 0x55, 0x0A, 0xD5, 0x00, 0x00, 0x00, 0x00, 0x00, 0xAA, 0x00, 0x2A, 
    0xFF, 0xFF, 0xF0, 0xFF, 0xA8, 0x82, 0xA0, 0x2A, 0x00, 0x00, 0x04, 0x00, 
    0xA8, 0xAA, 0xA0, 0x2A, 0x00, 0x14, 0x01, 0x00, 0xFF, 0xFF, 0xFF, 0xFF, 
    0xFF, 0xEB, 0xFB, 0xFF, 0xFF, 0xFF, 0xFB, 0xFF, 0x54, 0x41, 0x55, 0x15, 
    0x00, 0x30, 0x00, 0x00, 0x00, 0x00, 0x04, 0x00, 0xFF, 0xFF, 0xF1, 0xFF, 
    0xFF, 0xD7, 0xF5, 0xFF, 0xFF, 0xD7, 0xFF, 0xFF, 0x00, 0x00, 0x00, 0x00, 
    0x54, 0xFF, 0x55, 0x3F, 0xAB, 0xAA, 0xAA, 0xEA, 0x00, 0x00, 0x00, 0x00, 
    0x00, 0x00, 0x01, 0x00, 0x00, 0x00, 0x00, 0x00, 0x00, 0x40, 0x00, 0x00, 
    0x03, 0x00, 0x00, 0xC0, 0x00, 0x00, 0x01, 0x00, 0x00, 0x00, 0x00, 0x00, 
    0xFF, 0xD7, 0xF1, 0xFF, 0xA8, 0xFF, 0xAA, 0xFF, 0xA8, 0xAA, 0xAE, 0x2A, 
    0x03, 0x00, 0x00, 0xC0, 0x00, 0x00, 0x00, 0x00, 0x00, 0x00, 0x00, 0x00, 
    0x57, 0x55, 0x54, 0xD5, 0xFF, 0xFB, 0xFE, 0xFF, 0xA8, 0xAA, 0xAA, 0x2A, 
    0x00, 0x00, 0x00, 0x00, 0x00, 0x00, 0x00, 0x00, 0x00, 0x00, 0x00, 0x00, 
    0x57, 0x7D, 0x55, 0xD5, 0x00, 0x00, 0x00, 0x00, 0x54, 0x41, 0x75, 0x15, 
    0x00, 0x00, 0x00, 0x00, 0xA8, 0xAA, 0xAA, 0x2A, 0x00, 0x00, 0x00, 0x00, 
    0x00, 0x00, 0x00, 0x00, 0x00, 0x00, 0x00, 0x00, 0x57, 0x55, 0x50, 0xD5, 
    0x00, 0x00, 0x00, 0x00, 0x00, 0x00, 0x0A, 0x00, 0x00, 0x00, 0x0A, 0x00, 
    0xFC, 0x41, 0xFA, 0x15, 0xA8, 0xAA, 0xAA, 0x2A, 0xA8, 0xAA, 0xAA, 0x2A, 
    0xA8, 0xEA, 0xAA, 0x2A, 0xD7, 0x02, 0xD4, 0x02, 0xFF, 0x08, 0xFE, 0x00, 
    0xA8, 0x00, 0xAA, 0x00, 0x57, 0x5D, 0x50, 0xD5, 0x57, 0x55, 0x55, 0xD5, 
    0x57, 0x55, 0x50, 0xD5, 0xFF, 0x82, 0xF1, 0x2A, 0x54, 0x41, 0x55, 0x15, 
    0xA8, 0xBE, 0x8A, 0x2A, 0x00, 0x00, 0x00, 0x00, 0x00, 0x00, 0x00, 0x00, 
    0x80, 0x02, 0x80, 0x02, 0x00, 0x00, 0x00, 0x00, 0x00, 0x00, 0x00, 0x00, 
    0x00, 0x08, 0x00, 0x00, 0x00, 0x00, 0x00, 0x00, 0x57, 0x7D, 0x50, 0xD5, 
    0xA8, 0x82, 0xAE, 0x2A, 0x54, 0x55, 0x55, 0x15, 0x00, 0x14, 0x00, 0x00, 
    0x00, 0x00, 0x00, 0x00, 0x00, 0x40, 0x00, 0x00, 0x00, 0x55, 0x00, 0xD5, 
    0x00, 0xB3, 0x00, 0xFF, 0x00, 0xAA, 0x00, 0x2A, 0x00, 0x00, 0x00, 0x00, 
    0x00, 0x00, 0x00, 0x00, 0x00, 0x28, 0x00, 0x00, 0x00, 0x00, 0x00, 0x00, 
    0x00, 0x00, 0x00, 0x00, 0x00, 0x00, 0x00, 0x00, 0x00, 0x00, 0x05, 0x00, 
    0x00, 0x00, 0x00, 0x00, 0x00, 0x00, 0x00, 0x00, 0x00, 0x00, 0x00, 0x00, 
    0x00, 0x00, 0x00, 0x00, 0x00, 0x00, 0x00, 0x00, 0x00, 0x00, 0x0A, 0x00, 
    0x00, 0x00, 0x00, 0x00, 0x00, 0x00, 0x00, 0x00, 0xA8, 0xAA, 0xAA, 0x2A, 
    0xA8, 0xAA, 0xAA, 0x2A, 0xFF, 0xFF, 0xFF, 0xFF, 0xFF, 0xEB, 0xFA, 0xFF, 
    0xFF, 0xFF, 0xFF, 0xFF, 0x00, 0x00, 0x00, 0x00, 0xFF, 0xFF, 0xFF, 0xFF, 
    0xFF, 0xD7, 0xF5, 0xFF, 0xFF, 0xFF, 0xFF, 0xFF, 0x57, 0x55, 0x55, 0xD5, 
    0x57, 0x55, 0x55, 0xD5, 0x20, 0x22, 0x27, 0x22, 0xAB, 0xAA, 0xAF, 0xEA, 
    0x57, 0x41, 0x55, 0xD5, 0x57, 0x41, 0x5D, 0xD5, 0xFF, 0xAA, 0xF7, 0x2A, 
    0x00, 0x00, 0x00, 0x00, 0xFF, 0x55, 0xFF, 0xD5, 0xA8, 0x82, 0xA0, 0x2A, 
    0xA8, 0x82, 0xA0, 0x2A, 0x57, 0x55, 0x5F, 0xD5, 0x13, 0x11, 0x1B, 0x11, 
    0x00, 0x00, 0x05, 0x00, 0x03, 0x00, 0x05, 0xC0, 0x57, 0x55, 0x55, 0xD5, 
    0x57, 0x55, 0x55, 0xD5, 0x00, 0x00, 0x00, 0x00, 0x00, 0x00, 0x00, 0x00, 
    0x00, 0x00, 0x00, 0x00, 0xA8, 0xAA, 0xA0, 0x2A, 0xA8, 0xAA, 0xA0, 0x2A, 
    0x00, 0x00, 0x0A, 0x00, 0x00, 0x00, 0x0A, 0x00, 0x88, 0x88, 0x88, 0x08, 
    0x00, 0x14, 0x00, 0x00, 0x00, 0x14, 0x00, 0x00, 0x00, 0x14, 0x00, 0x00, 
    0x00, 0x55, 0x00, 0xD5, 0x00, 0x00, 0x00, 0x00, 0x00, 0xAA, 0x00, 0x2A, 
    0x00, 0x28, 0x00, 0x00, 0x00, 0x28, 0x00, 0x00, 0x00, 0x28, 0x00, 0x00, 
    0x44, 0x44, 0x44, 0xC4, 0x00, 0x20, 0x00, 0x00, 0xA8, 0xBE, 0xAA, 0x2A, 
    0xA8, 0xAA, 0xAA, 0x2A, 0xA8, 0xAA, 0xAA, 0x2A, 0xA8, 0xAA, 0xAB, 0x2A, 
    0x00, 0x00, 0x00, 0x00, 0x57, 0x55, 0x55, 0xD5, 0x57, 0x55, 0x55, 0xD5, 
    0x57, 0x55, 0x55, 0xD5, 0x57, 0x7D, 0x55, 0xD5, 0x00, 0x10, 0x00, 0x00, 
    0xA8, 0xAA, 0xAF, 0x2A, 0xA8, 0xBE, 0xAF, 0x2A, 0x57, 0x41, 0x50, 0xD5, 
    0x57, 0x41, 0x50, 0xD5, 0xFF, 0xFF, 0xFF, 0xFF, 0x00, 0x00, 0x00, 0x00, 
    0xFF, 0xEF, 0xFF, 0xFF, 0xA8, 0x92, 0xA0, 0x2A, 0xA8, 0x82, 0xA0, 0x2A, 
    0x57, 0x7D, 0x5F, 0xD5, 0x57, 0x55, 0x5F, 0xD5, 0x20, 0x0A, 0x27, 0x22, 
    0x00, 0x14, 0x05, 0x00, 0x57, 0x55, 0x55, 0xD5, 0x57, 0x55, 0x55, 0xD5, 
    0x57, 0x00, 0x54, 0x00, 0x00, 0x00, 0x00, 0x00, 0xA8, 0x00, 0xAA, 0x00, 
    0xA8, 0xAA, 0xAA, 0x2A, 0xA8, 0xAA, 0xAA, 0x2A, 0x00, 0x28, 0x0A, 0x00, 
    0x13, 0x05, 0x1B, 0x11, 0x00, 0x00, 0x00, 0x00, 0x00, 0x00, 0x00, 0x00, 
    0x00, 0x14, 0x00, 0x00, 0x00, 0x14, 0x00, 0x00, 0x00, 0x00, 0x00, 0x00, 
    0x00, 0x00, 0x00, 0x00, 0x00, 0x00, 0x00, 0x00, 0x00, 0x28, 0x00, 0x00, 
    0x00, 0x28, 0x00, 0x00, 0x00, 0x00, 0x00, 0x00, 0x00, 0x00, 0x00, 0x00, 
    0x88, 0x80, 0x88, 0x08, 0xAB, 0xAA, 0xAA, 0xEA, 0xA8, 0xAA, 0xAA, 0x2A, 
    0xA8, 0xAA, 0xAA, 0x2A, 0xA8, 0xFF, 0xA8, 0xFF, 0x00, 0x00, 0x00, 0x00, 
    0x57, 0xFF, 0x55, 0xFF, 0x57, 0x55, 0x55, 0xD5, 0x57, 0x55, 0x55, 0xD5, 
    0x57, 0x55, 0x55, 0xD5, 0x44, 0x40, 0x44, 0xC4, 0x00, 0x20, 0x05, 0x00, 
    0xAB, 0xAA, 0xAF, 0xEA, 0x00, 0x00, 0x05, 0x00, 0x00, 0x00, 0x05, 0x00, 
    0x00, 0x00, 0x05, 0x00, 0x00, 0x00, 0x00, 0x00, 0x00, 0x00, 0x00, 0x00, 
    0x00, 0x00, 0x0A, 0x00, 0x00, 0x00, 0x0A, 0x00, 0x57, 0x55, 0x5F, 0xD5, 
    0x00, 0x10, 0x0A, 0x00, 0xA8, 0xAA, 0xAF, 0x2A, 0x00, 0x00, 0x05, 0x00, 
    0x00, 0x00, 0x00, 0x00, 0x00, 0x00, 0x00, 0x00, 0x57, 0x55, 0x55, 0xD5, 
    0x00, 0x8C, 0x04, 0x00, 0xA8, 0xA2, 0xAA, 0x2A, 0x00, 0x00, 0x00, 0x00, 
    0x00, 0x00, 0x00, 0x00, 0x00, 0x00, 0x0A, 0x00, 0x57, 0x55, 0x5F, 0xD5, 
    0x20, 0x02, 0x22, 0x22, 0x00, 0x14, 0x00, 0x00, 0x00, 0x00, 0x05, 0x00, 
    0x00, 0x00, 0x00, 0x00, 0xFF, 0xAA, 0xF8, 0x2A, 0x00, 0x80, 0x00, 0x00, 
    0xFF, 0x55, 0xFF, 0xD5, 0x00, 0x00, 0x00, 0x00, 0x00, 0x00, 0x0A, 0x00, 
    0x00, 0x28, 0x00, 0x00, 0x13, 0x01, 0x11, 0x11, 0x00, 0x08, 0x00, 0x00, 
    0xA8, 0xBE, 0xAA, 0x2A, 0xFF, 0xFF, 0xFF, 0xFF, 0x57, 0x55, 0x55, 0xD5, 
    0x00, 0x04, 0x00, 0x00, 0x00, 0x04, 0x00, 0x00, 0x00, 0x00, 0x00, 0x00, 
    0xA8, 0xAA, 0xAA, 0x2A, 0xFF, 0xFF, 0xFF, 0xFF, 0x57, 0x7D, 0x55, 0xD5, 
    0x00, 0x04, 0x00, 0x00, 0x88, 0x80, 0x8D, 0x08, 0xA8, 0xBE, 0xAF, 0x2A, 
    0x57, 0x41, 0x50, 0xD5, 0xA8, 0xBE, 0xAA, 0x2A, 0xA8, 0xFB, 0xAA, 0xFF, 
    0x00, 0x08, 0x04, 0x00, 0x57, 0xF7, 0x55, 0xFF, 0x57, 0x7D, 0x55, 0xD5, 
    0xA8, 0x82, 0xA0, 0x2A, 0x57, 0x7D, 0x5F, 0xD5, 0x44, 0x40, 0x4E, 0xC4, 
    0x00, 0x20, 0x05, 0x00, 0x00, 0x14, 0x05, 0x00, 0x00, 0x00, 0x00, 0x00, 
    0x00, 0x00, 0x00, 0x00, 0x00, 0x00, 0x01, 0x00, 0x00, 0x00, 0x00, 0x00, 
    0x00, 0x00, 0x00, 0x00, 0x00, 0x00, 0x00, 0x00, 0x00, 0x00, 0x00, 0x00, 
    0x00, 0x28, 0x0A, 0x00, 0x00, 0x10, 0x0B, 0x00, 0xA8, 0xAA, 0xAA, 0x2A, 
    0x03, 0x00, 0x00, 0xC0, 0x00, 0x00, 0x05, 0x00, 0x00, 0x00, 0x00, 0x00, 
    0x57, 0x55, 0x55, 0xD5, 0x00, 0x00, 0x00, 0x00, 0xA8, 0xAA, 0xAA, 0x2A, 
    0x00, 0x00, 0x00, 0x00, 0x00, 0x00, 0x00, 0x00, 0x00, 0x00, 0x00, 0x00, 
    0x57, 0x55, 0x55, 0xD5, 0x20, 0x02, 0x22, 0x22, 0xAB, 0xAA, 0xAA, 0xEA, 
    0xFF, 0xFF, 0xFF, 0xFF, 0x57, 0x55, 0x55, 0xD5, 0xFF, 0xAA, 0xFE, 0x2A, 
    0x00, 0x00, 0x00, 0x00, 0xFF, 0x55, 0xFF, 0xD5, 0xA8, 0xAA, 0xAA, 0x2A, 
    0xFF, 0xFF, 0xFF, 0xFF, 0x57, 0x55, 0x55, 0xD5, 0x13, 0x01, 0x14, 0x11, 
    0x00, 0x08, 0x05, 0x00, 0xAB, 0xAA, 0xAF, 0xEA, 0x57, 0x41, 0x50, 0xD5, 
    0x00, 0x14, 0x00, 0x00, 0x00, 0x00, 0x00, 0x00, 0x00, 0x00, 0x00, 0x00, 
    0x00, 0x00, 0x00, 0x00, 0x00, 0x28, 0x00, 0x00, 0xA8, 0x82, 0xAA, 0x2A, 
    0x57, 0x55, 0x5F, 0xD5, 0x00, 0x04, 0x0A, 0x00, 0x88, 0x80, 0x8D, 0x08, 
    0x00, 0x00, 0x05, 0x00, 0x00, 0x00, 0x00, 0x00, 0xA8, 0xAA, 0xAA, 0x2A, 
    0xA8, 0xFF, 0xAA, 0xFF, 0x00, 0x00, 0x00, 0x00, 0x57, 0xFF, 0x55, 0xFF, 
    0x57, 0x55, 0x55, 0xD5, 0x00, 0x00, 0x00, 0x00, 0x00, 0x00, 0x0A, 0x00, 
    0x44, 0x40, 0x4A, 0xC4, 0x00, 0xA2, 0x00, 0x2A, 0x00, 0x00, 0x00, 0x00, 
    0x57, 0x45, 0x55, 0xD5, 0x57, 0x41, 0x55, 0xD5, 0x00, 0x00, 0x01, 0x00, 
    0x00, 0x00, 0x00, 0x00, 0x00, 0x00, 0x00, 0x00, 0xA8, 0x82, 0xAA, 0x2A, 
    0xA8, 0x8A, 0xA0, 0x2A, 0x00, 0x00, 0x00, 0x00, 0x00, 0x51, 0x00, 0xD5, 
    0xA8, 0xAA, 0xAA, 0x2A, 0xAB, 0xAA, 0xAA, 0xEA, 0xFF, 0xEF, 0xFF, 0xFF, 
    0x57, 0x55, 0x55, 0xD5, 0x57, 0x55, 0x55, 0xD5, 0x00, 0xC3, 0x00, 0x00, 
    0xA8, 0xAA, 0xAA, 0x2A, 0xA8, 0xAA, 0xAA, 0x2A, 0xFF, 0xDF, 0xFD, 0xFF, 
    0x57, 0x55, 0x55, 0xD5, 0x57, 0x55, 0x54, 0xD5, 0x00, 0x08, 0x05, 0x00, 
    0xA8, 0xAA, 0xAF, 0x2A, 0x00, 0x00, 0x00, 0x00, 0x00, 0x14, 0x00, 0x20, 
    0xFF, 0xAE, 0xFE, 0x0A, 0x00, 0x00, 0x00, 0x00, 0xFF, 0x5D, 0xFF, 0xD5, 
    0x00, 0x28, 0x00, 0x00, 0x00, 0x00, 0x00, 0x00, 0x57, 0x55, 0x5F, 0xD5, 
    0x00, 0x04, 0x0A, 0x00, 0xA8, 0x00, 0xAF, 0x00, 0x03, 0x00, 0x05, 0xC0, 
    0x00, 0x00, 0x00, 0x00, 0x00, 0x00, 0x00, 0x00, 0xA8, 0x83, 0xAA, 0x2A, 
    0x00, 0xC3, 0x00, 0x00, 0x54, 0x43, 0x55, 0x15, 0x00, 0x00, 0x00, 0x00, 
    0x00, 0x00, 0x08, 0x00, 0x00, 0x00, 0x0A, 0x00, 0x57, 0x00, 0x5E, 0x00, 
    0x00, 0x00, 0x00, 0x00, 0x03, 0x14, 0x00, 0xC0, 0x57, 0x41, 0x55, 0xD5, 
    0xFF, 0xDB, 0xF4, 0xFF, 0xA8, 0xD2, 0xAA, 0xFF, 0x00, 0x00, 0x00, 0x00, 
    0x54, 0xE1, 0x55, 0x3F, 0xFF, 0xE7, 0xF6, 0xFF, 0xA8, 0x82, 0xAA, 0x2A, 
    0x00, 0x28, 0x00, 0x00, 0x00, 0x00, 0x00, 0x00, 0x00, 0x00, 0x00, 0x00, 
    0xAB, 0xBE, 0xAA, 0xEA, 0xFF, 0xFF, 0xFF, 0xFF, 0xFF, 0xDB, 0xF4, 0xFF, 
    0xE8, 0x83, 0xEA, 0x2B, 0xFC, 0xFF, 0xFF, 0x3F, 0xD4, 0x43, 0xD5, 0x17, 
    0xFF, 0xE7, 0xF7, 0xFF, 0xFF, 0xFF, 0xFF, 0xFF, 0x57, 0x7D, 0x55, 0xD5, 
    0x00, 0x00, 0x00, 0x00, 0x00, 0xAA, 0x05, 0x2A, 0xAB, 0xBE, 0xAF, 0xEA, 
    0x00, 0x14, 0x00, 0x00, 0x00, 0x00, 0x00, 0x00, 0x00, 0x00, 0x01, 0x00, 
    0x00, 0x30, 0x00, 0x00, 0x03, 0x00, 0x00, 0xC0, 0x00, 0x00, 0x01, 0x00, 
    0x00, 0x28, 0x00, 0x00, 0x57, 0x7D, 0x5F, 0xD5, 0x00, 0x45, 0x0A, 0xD5, 
    0xA8, 0xAA, 0xA7, 0x2A, 0x03, 0x14, 0x05, 0xC0, 0x00, 0x00, 0x00, 0x00, 
    0x00, 0x00, 0x00, 0x00, 0x57, 0x55, 0x55, 0xD5, 0xFF, 0xFF, 0xFE, 0xFF, 
    0xA8, 0xAA, 0xAA, 0x2A, 0x00, 0x00, 0x00, 0x00, 0x00, 0x00, 0x00, 0x00, 
    0x00, 0x28, 0x0A, 0x00, 0x57, 0x45, 0x5E, 0xD5, 0x00, 0x00, 0x00, 0x00, 
    0x00, 0x14, 0x00, 0x00, 0x00, 0x00, 0x00, 0x00, 0xA8, 0x82, 0xA0, 0x2A, 
    0x00, 0x00, 0x00, 0x00, 0x00, 0x00, 0x00, 0x00, 0x00, 0x00, 0x00, 0x00, 
    0x57, 0x41, 0x54, 0xD5, 0x00, 0x00, 0x00, 0x00, 0x00, 0x28, 0x00, 0x00, 
    0x00, 0x00, 0x00, 0x00, 0xA8, 0x00, 0xA2, 0x00, 0xA8, 0xBE, 0xA2, 0x2A, 
    0xA8, 0xAA, 0xAB, 0x2A, 0xA8, 0x92, 0xA8, 0x2A, 0x57, 0x00, 0x54, 0x00, 
    0xFF, 0x00, 0xFE, 0x00, 0xA8, 0x00, 0xAA, 0x00, 0x57, 0x71, 0x55, 0xD5, 
    0x57, 0x55, 0x55, 0xD5, 0x57, 0x7D, 0x55, 0xD5, 0x57, 0x00, 0x54, 0x00, 
    0x00, 0x00, 0x05, 0x00, 0xA8, 0xBE, 0xA7, 0x2A, 0x00, 0x00, 0x00, 0x00, 
    0x00, 0x10, 0x08, 0x00, 0x80, 0x02, 0x80, 0x02, 0x00, 0x00, 0x00, 0x00, 
    0x40, 0x01, 0x40, 0x01, 0x00, 0x20, 0x01, 0x00, 0x00, 0x00, 0x00, 0x00, 
    0x57, 0x7D, 0x5F, 0xD5, 0x00, 0x00, 0x0A, 0x00, 0x00, 0x00, 0x05, 0x00, 
    0x00, 0x14, 0x05, 0x00, 0x00, 0x00, 0x01, 0x00, 0x00, 0x00, 0x00, 0x00, 
    0x00, 0x55, 0x00, 0xD5, 0x00, 0xCF, 0x00, 0xFF, 0x00, 0xAA, 0x00, 0x2A, 
    0x00, 0x10, 0x00, 0x00, 0x00, 0x00, 0x00, 0x00, 0x00, 0x28, 0x0A, 0x00, 
    0x00, 0x00, 0x0A, 0x00, 0x20, 0x22, 0x22, 0x22, 0x00, 0x00, 0x00, 0x00, 
    0x00, 0x00, 0x05, 0x00, 0x00, 0x00, 0x00, 0x00, 0x00, 0x00, 0x00, 0x00, 
    0x00, 0x00, 0x00, 0x00, 0x00, 0x00, 0x80, 0x00, 0x00, 0x00, 0x00, 0x00, 
    0x00, 0x00, 0x0A, 0x00, 0x00, 0x00, 0x00, 0x00, 0x13, 0x11, 0x11, 0x11, 
    0xA8, 0xAA, 0xAB, 0x2A, 0xA8, 0xAA, 0xAB, 0x2A, 0xFF, 0xFF, 0xFF, 0xFF, 
    0xFF, 0xFF, 0xFA, 0xFF, 0xFF, 0xFF, 0xFF, 0xFF, 0x00, 0x00, 0x00, 0x00, 
    0xFF, 0xFF, 0xFF, 0xFF, 0xFF, 0xFF, 0xF5, 0xFF, 0xFF, 0xFF, 0xFF, 0xFF, 
    0x57, 0x55, 0x57, 0xD5, 0x57, 0x55, 0x57, 0xD5, 0x00, 0x00, 0x0D, 0x00, 
    0xAB, 0xAA, 0xAF, 0xEA, 0x57, 0x55, 0x50, 0xD5, 0x57, 0x55, 0x50, 0xD5, 
    0xFF, 0xAA, 0xFF, 0x2A, 0x00, 0x00, 0x00, 0x00, 0xFF, 0x55, 0x7F, 0xD5, 
    0xA8, 0xAA, 0xA0, 0x2A, 0xA8, 0xAA, 0xA0, 0x2A, 0x57, 0x55, 0x5F, 0xD5, 
    0x00, 0x00, 0x0A, 0x00, 0x88, 0x88, 0x84, 0x08, 0x03, 0x00, 0x04, 0xC0, 
    0x57, 0x55, 0x50, 0xD5, 0x57, 0x55, 0x50, 0xD5, 0x00, 0x00, 0x00, 0x00, 
    0x00, 0x00, 0x00, 0x00, 0x00, 0x00, 0x00, 0x00, 0xA8, 0xAA, 0xA0, 0x2A, 
    0xA8, 0xAA, 0xA0, 0x2A, 0x00, 0x00, 0x08, 0x00, 0x44, 0x44, 0x48, 0xC4, 
    0x00, 0x00, 0x00, 0x00, 0x00, 0x00, 0x00, 0x00, 0x00, 0x00, 0x00, 0x00, 
    0x00, 0x00, 0x00, 0x00, 0x00, 0x55, 0x00, 0xD5, 0x00, 0x00, 0x00, 0x00, 
    0x00, 0xAA, 0x00, 0x2A, 0x00, 0x00, 0x00, 0x00, 0x00, 0x00, 0x00, 0x00, 
    0x00, 0x00, 0x00, 0x00, 0x00, 0x00, 0x04, 0x00, 0x20, 0x22, 0x23, 0x22, 
    0xA8, 0xAA, 0xAB, 0x2A, 0xA8, 0xAA, 0xAA, 0x2A, 0xA8, 0xAA, 0xAA, 0x2A, 
    0xA8, 0xAA, 0xAA, 0x2A, 0x00, 0x00, 0x00, 0x00, 0x57, 0x55, 0xD5, 0xD5, 
    0x57, 0x55, 0x55, 0xD5, 0x57, 0x55, 0x55, 0xD5, 0x57, 0x55, 0x57, 0xD5, 
    0x13, 0x11, 0x13, 0x11, 0xA8, 0xAA, 0xAF, 0x2A, 0xA8, 0xAA, 0xAF, 0x2A, 
    0x57, 0x55, 0x50, 0xD5, 0x57, 0x55, 0x50, 0xD5, 0xFF, 0xFF, 0xFF, 0xFF, 
    0x00, 0x00, 0x00, 0x00, 0xEF, 0xFF, 0xEF, 0xFF, 0xB8, 0xAA, 0xB0, 0x2A, 
    0xA8, 0xAA, 0xA0, 0x2A, 0x57, 0x55, 0x5F, 0xD5, 0x57, 0x55, 0x5F, 0xD5, 
    0x00, 0x00, 0x04, 0x00, 0x00, 0x00, 0x04, 0x00, 0x57, 0x55, 0x50, 0xD5, 
    0x57, 0x55, 0x50, 0xD5, 0x57, 0x00, 0x55, 0x00, 0x00, 0x00, 0x00, 0x00, 
    0xA8, 0x00, 0x2A, 0x00, 0xA8, 0xAA, 0xA0, 0x2A, 0xA8, 0xAA, 0xA0, 0x2A, 
    0x00, 0x00, 0x08, 0x00, 0x00, 0x00, 0x08, 0x00, 0x88, 0x88, 0x88, 0x08, 
    0x00, 0x00, 0x00, 0x00, 0x00, 0x00, 0x00, 0x00, 0x00, 0x00, 0x00, 0x00, 
    0x00, 0x00, 0x00, 0x00, 0x00, 0x00, 0x00, 0x00, 0x00, 0x00, 0x00, 0x00, 
    0x00, 0x00, 0x00, 0x00, 0x00, 0x00, 0x00, 0x00, 0x00, 0x00, 0x00, 0x00, 
    0x44, 0x44, 0x44, 0xC4, 0x00, 0x00, 0x01, 0x00, 0xA8, 0xAA, 0xAB, 0x2A, 
    0xA8, 0xAA, 0xAA, 0x2A, 0xA8, 0xAA, 0xAA, 0x2A, 0xA8, 0xFF, 0xAA, 0xFF, 
    0x00, 0x00, 0x00, 0x00, 0x57, 0xFF, 0x55, 0xFF, 0x57, 0x55, 0x55, 0xD5, 
    0x57, 0x55, 0x55, 0xD5, 0x57, 0x55, 0x57, 0xD5, 0x00, 0x00, 0x02, 0x00, 
    0x20, 0x22, 0x27, 0x22, 0xAB, 0xAA, 0xAF, 0xEA, 0x00, 0x00, 0x00, 0x00, 
    0x00, 0x00, 0x00, 0x00, 0x00, 0x00, 0x00, 0x00, 0x00, 0x00, 0x00, 0x00, 
    0x00, 0x00, 0x80, 0x00, 0x00, 0x00, 0x00, 0x00, 0x00, 0x00, 0x00, 0x00, 
    0x57, 0x55, 0x5F, 0xD5, 0x13, 0x11, 0x1A, 0x11, 0xA8, 0xAA, 0xAE, 0x2A, 
    0x03, 0x00, 0x04, 0xC0, 0x00, 0x00, 0x00, 0x00, 0x00, 0x00, 0x00, 0x00, 
    0x57, 0x55, 0x55, 0xD5, 0x00, 0x00, 0x00, 0x00, 0xA8, 0xAA, 0xAA, 0x2A, 
    0x00, 0x00, 0x00, 0x00, 0x00, 0x00, 0x00, 0x00, 0x00, 0x00, 0x08, 0x00, 
    0x57, 0x55, 0x5D, 0xD5, 0x00, 0x00, 0x00, 0x00, 0x00, 0x00, 0x00, 0x00, 
    0x00, 0x00, 0x00, 0x00, 0x00, 0x00, 0x00, 0x00, 0xFF, 0xAA, 0xFF, 0x2A, 
    0x00, 0x00, 0x00, 0x00, 0xFF, 0x55, 0x3F, 0xD5, 0x00, 0x00, 0x40, 0x00, 
    0x00, 0x00, 0x00, 0x00, 0x00, 0x00, 0x00, 0x00, 0x00, 0x00, 0x01, 0x00, 
    0x88, 0x88, 0x89, 0x08, 0xA8, 0xAA, 0xAB, 0x2A, 0xFF, 0xFF, 0xFF, 0xFF, 
    0x57, 0x55, 0x50, 0xD5, 0x00, 0x00, 0x00, 0x00, 0x00, 0x00, 0x00, 0x00, 
    0x00, 0x00, 0x00, 0x00, 0xA8, 0xAA, 0xA0, 0x2A, 0xFF, 0xFF, 0xFF, 0xFF, 
    0x57, 0x55, 0x57, 0xD5, 0x44, 0x44, 0x42, 0xC4, 0x00, 0x00, 0x05, 0x00, 
    0xA8, 0xAA, 0xAF, 0x2A, 0x57, 0x55, 0x50, 0xD5, 0xA8, 0xAA, 0xAA, 0x2A, 
    0xA8, 0xFF, 0xAA, 0xFF, 0x00, 0x00, 0x00, 0x00, 0x57, 0xFF, 0x55, 0xFF, 
    0x57, 0x55, 0x55, 0xD5, 0xA8, 0xAA, 0xA0, 0x2A, 0x57, 0x55, 0x5F, 0xD5, 
    0x00, 0x00, 0x0E, 0x00, 0x20, 0x22, 0x24, 0x22, 0x00, 0x00, 0x04, 0x00, 
    0x00, 0x00, 0x00, 0x00, 0x00, 0x00, 0x00, 0x00, 0x00, 0x00, 0x00, 0x00, 
    0x00, 0x00, 0x00, 0x00, 0x00, 0x00, 0x80, 0x00, 0x00, 0x00, 0x00, 0x00, 
    0x00, 0x00, 0x00, 0x00, 0x00, 0x00, 0x08, 0x00, 0x13, 0x11, 0x19, 0x11, 
    0xA8, 0xAA, 0xAA, 0x2A, 0x03, 0x00, 0x00, 0xC0, 0x00, 0x00, 0x00, 0x00, 
    0x00, 0x00, 0x00, 0x00, 0x57, 0x55, 0x55, 0xD5, 0x00, 0x00, 0x01, 0x00, 
    0xA8, 0xAA, 0xAA, 0x2A, 0x00, 0x00, 0x00, 0x00, 0x00, 0x00, 0x00, 0x00, 
    0x00, 0x00, 0x00, 0x00, 0x57, 0x55, 0x55, 0xD5, 0x00, 0x00, 0x02, 0x00, 
    0xAB, 0xAA, 0xAA, 0xEA, 0xFF, 0xFF, 0xFF, 0xFF, 0x57, 0x55, 0x50, 0xD5, 
    0xFF, 0xAA, 0xFE, 0x2A, 0x00, 0x00, 0x00, 0x00, 0xFF, 0x55, 0x7F, 0xD5, 
    0xA8, 0xAA, 0xA8, 0x2A, 0xFF, 0xFF, 0xFF, 0xFF, 0x57, 0x55, 0x55, 0xD5, 
    0x00, 0x00, 0x00, 0x00, 0x88, 0x88, 0x88, 0x08, 0xAB, 0xAA, 0xAA, 0xEA, 
    0x57, 0x55, 0x50, 0xD5, 0x00, 0x00, 0x00, 0x00, 0x00, 0x00, 0x00, 0x00, 
    0x00, 0x00, 0x01, 0x00, 0x00, 0x00, 0x00, 0x00, 0x00, 0x00, 0x00, 0x00, 
    0xA8, 0xAA, 0xA8, 0x2A, 0x57, 0x55, 0x55, 0xD5, 0x44, 0x44, 0x40, 0xC4, 
    0x00, 0x00, 0x00, 0x00, 0x03, 0x00, 0x00, 0xC0, 0x00, 0x00, 0x00, 0x00, 
    0xA8, 0xAA, 0xAA, 0x2A, 0xA8, 0xFF, 0xAB, 0xFF, 0x00, 0x00, 0x00, 0x00, 
    0x57, 0xFF, 0x55, 0xFF, 0x57, 0x55, 0x55, 0xD5, 0x00, 0x00, 0x00, 0x00, 
    0x00, 0x00, 0x00, 0x00, 0x00, 0x00, 0x04, 0x00, 0x00, 0xAA, 0x00, 0x2A, 
    0x00, 0x00, 0x00, 0x00, 0x57, 0x55, 0x55, 0xD5, 0x57, 0x55, 0x55, 0xD5, 
    0x00, 0x00, 0x00, 0x00, 0x00, 0x00, 0x00, 0x00, 0x00, 0x00, 0x80, 0x00, 
    0xA8, 0xAA, 0xAA, 0x2A, 0xA8, 0xAA, 0xA2, 0x2A, 0x00, 0x00, 0x00, 0x00, 
    0x00, 0x55, 0x40, 0xD5, 0xA8, 0xAA, 0xAA, 0x2A, 0xA8, 0xAA, 0xAA, 0x2A, 
    0xFF, 0xFF, 0xFF, 0xFF, 0x57, 0x55, 0x55, 0xD5, 0x47, 0x55, 0x55, 0xD5, 
    0x00, 0x00, 0x01, 0x00, 0xA8, 0xAA, 0xAA, 0x2A, 0xA8, 0xAA, 0xAA, 0x2A, 
    0xFF, 0xFF, 0xF7, 0xFF, 0x57, 0x55, 0x55, 0xD5, 0x57, 0x55, 0x45, 0xD5, 
    0x00, 0x00, 0x00, 0x00, 0xAB, 0xAA, 0xAA, 0xEA, 0x00, 0x00, 0x00, 0x00, 
    0x00, 0x00, 0x00, 0x00, 0xEF, 0xAA, 0xFE, 0x2A, 0x00, 0x00, 0x00, 0x00, 
    0xFF, 0x55, 0x7F, 0xD5, 0x00, 0x00, 0x00, 0x00, 0x00, 0x00, 0x00, 0x00, 
    0x57, 0x55, 0x55, 0xD5, 0x00, 0x00, 0x00, 0x00, 0xA8, 0x00, 0xAA, 0x00, 
    0x00, 0x00, 0x00, 0x00, 0x00, 0x00, 0x00, 0x00, 0x00, 0x00, 0x00, 0x00, 
    0xA8, 0xAA, 0xAA, 0x2A, 0x00, 0x00, 0x01, 0x00, 0x54, 0x55, 0x55, 0x15, 
    0x00, 0x00, 0x00, 0x00, 0x00, 0x00, 0x00, 0x00, 0x00, 0x00, 0x00, 0x00, 
    0x57, 0x00, 0x05, 0x00, 0x00, 0x00, 0x05, 0x00, 0x03, 0x00, 0x05, 0xC0, 
    0x57, 0x55, 0x55, 0xD5, 0xFF, 0xFF, 0xF2, 0xFF, 0xA8, 0xFF, 0xAB, 0xFF, 
    0x00, 0x00, 0x00, 0x00, 0x54, 0xFF, 0x55, 0x3F, 0xFF, 0xFF, 0xE5, 0xFF, 
    0xA8, 0xAA, 0xAA, 0x2A, 0x00, 0x00, 0x0A, 0x00, 0x00, 0x00, 0x0A, 0x00, 
    0x00, 0x00, 0x05, 0x00, 0xAB, 0xAA, 0xAF, 0xEA, 0xFF, 0xFF, 0xFF, 0xFF, 
    0xFF, 0xFF, 0xF6, 0xFF, 0xE8, 0xAB, 0xEA, 0x2B, 0xFC, 0xFF, 0xFF, 0x3F, 
    0xD4, 0x57, 0xD5, 0x17, 0xFF, 0xFF, 0xFD, 0xFF, 0xFF, 0xFF, 0xFF, 0xFF, 
    0x57, 0x55, 0x5F, 0xD5, 0x00, 0x00, 0x0A, 0x00, 0x00, 0xAA, 0x05, 0x2A, 
    0xAB, 0xAA, 0xAF, 0xEA, 0x00, 0x00, 0x00, 0x00, 0x00, 0x00, 0x00, 0x00, 
    0x80, 0x02, 0x84, 0x02, 0x00, 0x00, 0x00, 0x00, 0x43, 0x01, 0x40, 0xC1, 
    0x00, 0x00, 0x00, 0x00, 0x00, 0x00, 0x00, 0x00, 0x57, 0x55, 0x5F, 0xD5, 
    0x00, 0x55, 0x0A, 0xD5, 0xA8, 0xAA, 0x2F, 0x2A, 0x03, 0x00, 0x05, 0xC0, 
    0x00, 0x00, 0x00, 0x00, 0x00, 0x00, 0x04, 0x00, 0xD7, 0x57, 0xD5, 0xD7, 
    0xFF, 0xFF, 0x7F, 0xFF, 0xE8, 0xAB, 0x62, 0x2B, 0x00, 0x00, 0x18, 0x00, 
    0x00, 0x00, 0x00, 0x00, 0x00, 0x00, 0x0A, 0x00, 0x57, 0x55, 0x5F, 0xD5, 
    0x00, 0x00, 0x05, 0x00, 0x00, 0x00, 0x05, 0x00, 0x00, 0x00, 0x04, 0x00, 
    0xA8, 0xAA, 0x22, 0x2A, 0x00, 0x00, 0x00, 0x00, 0x00, 0x00, 0x00, 0x00, 
    0x00, 0x00, 0x00, 0x00, 0x57, 0x55, 0x55, 0xD5, 0x00, 0x00, 0x08, 0x00, 
    0x00, 0x00, 0x0A, 0x00, 0x00, 0x00, 0x0A, 0x00, 0xA8, 0x00, 0x2F, 0x00, 
    0xA8, 0xAA, 0xA7, 0x2A, 0xA8, 0xAA, 0xAE, 0x2A, 0xA8, 0xAA, 0xA2, 0x2A, 
    0xD7, 0x00, 0x51, 0x00, 0xFF, 0x00, 0x7F, 0x00, 0xA8, 0x00, 0x22, 0x00, 
    0x57, 0x55, 0x55, 0xD5, 0x57, 0x55, 0x5D, 0xD5, 0x57, 0x55, 0x5F, 0xD5, 
    0x57, 0x00, 0x5F, 0x00, 0x00, 0x00, 0x05, 0x00, 0xA8, 0xAA, 0xA7, 0x2A, 
    0x00, 0x00, 0x00, 0x00, 0x00, 0x00, 0x80, 0x00, 0x80, 0x02, 0x80, 0x02, 
    0x00, 0x00, 0x00, 0x00, 0x40, 0x01, 0x40, 0x01, 0x00, 0x00, 0x00, 0x00, 
    0x00, 0x00, 0x00, 0x00, 0x57, 0x55, 0x5F, 0xD5, 0x00, 0x00, 0x0A, 0x00, 
    0x00, 0x00, 0x05, 0x00, 0x00, 0x00, 0x05, 0x00, 0x00, 0x00, 0x00, 0x00, 
    0x00, 0x00, 0x00, 0x00, 0x00, 0x55, 0x00, 0xD5, 0x00, 0xFF, 0x00, 0xFF, 
    0x00, 0xAA, 0x00, 0x2A, 0x00, 0x00, 0x00, 0x00, 0x00, 0x00, 0x00, 0x00, 
    0x00, 0x00, 0x0A, 0x00, 0x00, 0x00, 0x0A, 0x00, 0x20, 0x22, 0x20, 0x22, 
    0x00, 0x00, 0x00, 0x00, 0x00, 0x00, 0x05, 0x00, 0x00, 0x00, 0x05, 0x00, 
    0x00, 0x00, 0x00, 0x00, 0x00, 0x00, 0x00, 0x00, 0x00, 0x00, 0x00, 0x00, 
    0x00, 0x00, 0x0A, 0x00, 0x00, 0x00, 0x0A, 0x00, 0x00, 0x00, 0x00, 0x00, 
    0x13, 0x11, 0x11, 0x11, 0xFC, 0xFF, 0xFF, 0x3F, 0xA8, 0xAA, 0xAA, 0x2A, 
    0xFF, 0xFF, 0xFF, 0xFF, 0xFF, 0xFF, 0xFF, 0xFF, 0xFF, 0xFF, 0xFF, 0xFF, 
    0x00, 0x00, 0x00, 0x00, 0xFF, 0xFF, 0xFF, 0xFF, 0xFF, 0xFF, 0xFF, 0xFF, 
    0xFF, 0xFF, 0xFF, 0xFF, 0x57, 0x55, 0x55, 0xD5, 0xFF, 0xFF, 0xFF, 0xFF, 
    0x00, 0x00, 0x00, 0x00, 0xAB, 0xAA, 0xAA, 0xEA, 0x57, 0x55, 0x50, 0xD5, 
    0x57, 0x55, 0x50, 0xD5, 0xFF, 0xAA, 0xFF, 0x2A, 0x00, 0x00, 0x00, 0x00, 
    0xFF, 0x55, 0xFF, 0xD5, 0xA8, 0xAA, 0xA0, 0x2A, 0xA8, 0xAA, 0xA0, 0x2A, 
    0x57, 0x55, 0x55, 0xD5, 0x00, 0x00, 0x00, 0x00, 0x88, 0x88, 0x82, 0x08, 
    0x03, 0x00, 0x00, 0xC0, 0x57, 0x55, 0x50, 0xD5, 0x57, 0x55, 0x50, 0xD5, 
    0x00, 0x00, 0x00, 0x00, 0x00, 0x00, 0x00, 0x00, 0x00, 0x00, 0x00, 0x00, 
    0xA8, 0xAA, 0xA0, 0x2A, 0xA8, 0xAA, 0xA0, 0x2A, 0x00, 0x00, 0x00, 0x00, 
    0x44, 0x44, 0x44, 0xC4, 0x00, 0x00, 0x08, 0x00, 0x54, 0x55, 0x55, 0x15, 
    0x00, 0x00, 0x00, 0x00, 0x00, 0x00, 0x00, 0x00, 0x00, 0x55, 0x00, 0xD5, 
    0x00, 0x00, 0x00, 0x00, 0x00, 0xAA, 0x00, 0x2A, 0x00, 0x00, 0x00, 0x00, 
    0x00, 0x00, 0x00, 0x00, 0xA8, 0xAA, 0xAA, 0x2A, 0x00, 0x00, 0x00, 0x00, 
    0x74, 0x77, 0x77, 0x37, 0xA8, 0xAA, 0xAA, 0x2A, 0xA8, 0xAA, 0xAA, 0x2A, 
    0xA8, 0xAA, 0xAA, 0x2A, 0xA8, 0xAA, 0xAA, 0x2A, 0x00, 0x00, 0x00, 0x00, 
    0x57, 0x55, 0x55, 0xD5, 0x57, 0x55, 0x55, 0xD5, 0x57, 0x55, 0x55, 0xD5, 
    0xFF, 0xFF, 0xF5, 0xFF, 0xBB, 0xBB, 0xBA, 0x3B, 0xA8, 0xAA, 0xAA, 0x2A, 
    0xAB, 0xAA, 0xAA, 0xEA, 0x57, 0x55, 0x50, 0xD5, 0x57, 0x55, 0x50, 0xD5, 
    0xFF, 0xFF, 0xFF, 0xFF, 0x00, 0x00, 0x00, 0x00, 0xFF, 0xFF, 0xFF, 0xFF, 
    0xA8, 0xAA, 0xA0, 0x2A, 0xA8, 0xAA, 0xA0, 0x2A, 0x57, 0x55, 0x55, 0xD5, 
    0x57, 0x55, 0x55, 0xD5, 0x54, 0x55, 0x55, 0x15, 0x54, 0x55, 0x55, 0x15, 
    0x57, 0x55, 0x50, 0xD5, 0x57, 0x55, 0x50, 0xD5, 0x57, 0x00, 0x55, 0x00, 
    0x00, 0x00, 0x00, 0x00, 0xA8, 0x00, 0xAA, 0x00, 0xA8, 0xAA, 0xA0, 0x2A, 
    0xA8, 0xAA, 0xA0, 0x2A, 0x00, 0x00, 0x0A, 0x00, 0xA8, 0xAA, 0xAF, 0x2A, 
    0xDC, 0xDD, 0xD8, 0x1D, 0x00, 0x00, 0x00, 0x00, 0x00, 0x00, 0x00, 0x00, 
    0x00, 0x00, 0x00, 0x00, 0x00, 0x00, 0x00, 0x00, 0x00, 0x00, 0x00, 0x00, 
    0x00, 0x00, 0x00, 0x00, 0x00, 0x00, 0x00, 0x00, 0x00, 0x00, 0x00, 0x00, 
    0x00, 0x00, 0x00, 0x00, 0xEC, 0xEE, 0xE0, 0xEE, 0x00, 0x00, 0x00, 0x00, 
    0xAB, 0xAA, 0xAF, 0xEA, 0xA8, 0xAA, 0xAA, 0x2A, 0xA8, 0xAA, 0xAA, 0x2A, 
    0xA8, 0xFF, 0xAA, 0xFF, 0x00, 0x00, 0x00, 0x00, 0x57, 0xFF, 0x55, 0xFF, 
    0x57, 0x55, 0x55, 0xD5, 0x57, 0x55, 0x55, 0xD5, 0xFF, 0xFF, 0xFF, 0xFF, 
    0x00, 0x00, 0x00, 0x00, 0x20, 0x22, 0x27, 0x22, 0xAB, 0xAA, 0xAA, 0xEA, 
    0x00, 0x00, 0x00, 0x00, 0x00, 0x00, 0x00, 0x00, 0x00, 0x00, 0x00, 0x00, 
    0x00, 0x00, 0x00, 0x00, 0x00, 0x00, 0x00, 0x00, 0x00, 0x00, 0x00, 0x00, 
    0x00, 0x00, 0x00, 0x00, 0x57, 0x55, 0x55, 0xD5, 0x13, 0x11, 0x1B, 0x11, 
    0xFC, 0xFF, 0xFA, 0x3F, 0x00, 0x00, 0x05, 0x00, 0x00, 0x00, 0x00, 0x00, 
    0x00, 0x00, 0x00, 0x00, 0x57, 0x55, 0x55, 0xD5, 0x00, 0x00, 0x00, 0x00, 
    0xA8, 0xAA, 0xAA, 0x2A, 0x00, 0x00, 0x00, 0x00, 0x00, 0x00, 0x00, 0x00, 
    0x00, 0x00, 0x00, 0x00, 0xFF, 0xFF, 0xF5, 0xFF, 0x54, 0x55, 0x55, 0x15, 
    0x54, 0x55, 0x50, 0x15, 0x00, 0x00, 0x00, 0x00, 0x00, 0x00, 0x00, 0x00, 
    0xFF, 0xAA, 0xFF, 0x2A, 0x00, 0x00, 0x00, 0x00, 0xFF, 0x55, 0xFF, 0xD5, 
    0x00, 0x00, 0x00, 0x00, 0x00, 0x00, 0x00, 0x00, 0x00, 0x00, 0x00, 0x00, 
    0xA8, 0xAA, 0xAA, 0x2A, 0x88, 0x88, 0x89, 0x08, 0xFF, 0xFF, 0xFF, 0xFF, 
    0xFF, 0xFF, 0xFF, 0xFF, 0x57, 0x55, 0x50, 0xD5, 0x00, 0x00, 0x00, 0x00, 
    0x00, 0x00, 0x00, 0x00, 0x00, 0x00, 0x00, 0x00, 0xA8, 0xAA, 0xA0, 0x2A, 
    0xFF, 0xFF, 0xFF, 0xFF, 0xFF, 0xFF, 0xFF, 0xFF, 0x44, 0x44, 0x46, 0xC4, 
    0x00, 0x00, 0x04, 0x00, 0xA8, 0xAA, 0xAB, 0x2A, 0x57, 0x55, 0x50, 0xD5, 
    0xA8, 0xAA, 0xAA, 0x2A, 0xA8, 0xFF, 0xAA, 0xFF, 0x00, 0x00, 0x00, 0x00, 
    0x57, 0xFF, 0x55, 0xFF, 0x57, 0x55, 0x55, 0xD5, 0xA8, 0xAA, 0xA0, 0x2A, 
    0x57, 0x55, 0x55, 0xD5, 0x00, 0x00, 0x08, 0x00, 0x20, 0x22, 0x22, 0x22, 
    0x00, 0x00, 0x04, 0x00, 0x00, 0x00, 0x00, 0x00, 0x00, 0x00, 0x00, 0x00, 
    0x00, 0x00, 0x00, 0x00, 0x00, 0x00, 0x00, 0x00, 0x00, 0x00, 0x00, 0x00, 
    0x00, 0x00, 0x00, 0x00, 0x00, 0x00, 0x00, 0x00, 0x00, 0x00, 0x00, 0x00, 
    0x13, 0x11, 0x11, 0x11, 0xBC, 0xFF, 0xFF, 0x3F, 0x57, 0x55, 0x55, 0xD5, 
    0x00, 0x00, 0x00, 0x00, 0x00, 0x00, 0x00, 0x00, 0x57, 0x55, 0x55, 0xD5, 
    0x00, 0x00, 0x08, 0x00, 0xA8, 0xAA, 0xAA, 0x2A, 0x00, 0x00, 0x00, 0x00, 
    0x00, 0x00, 0x00, 0x00, 0x00, 0x00, 0x00, 0x00, 0x7F, 0xFF, 0xF5, 0xFF, 
    0x00, 0x00, 0x05, 0x00, 0xFF, 0xFF, 0xFF, 0xFF, 0xFF, 0xFF, 0xFF, 0xFF, 
    0xD7, 0x55, 0x51, 0xD5, 0x7F, 0xAA, 0xFF, 0x2A, 0x00, 0x00, 0x08, 0x00, 
    0xFF, 0x55, 0xF7, 0xD5, 0xA8, 0xAA, 0xA2, 0x2A, 0xFF, 0xFF, 0xFF, 0xFF, 
    0x57, 0x55, 0x55, 0xD5, 0x00, 0x00, 0x0A, 0x00, 0x88, 0x88, 0x88, 0x08, 
    0xAB, 0xAA, 0xAA, 0xEA, 0x57, 0x55, 0x51, 0xD5, 0x00, 0x00, 0x00, 0x00, 
    0x00, 0x00, 0x00, 0x00, 0x00, 0x00, 0x00, 0x00, 0x00, 0x00, 0x00, 0x00, 
    0x00, 0x00, 0x02, 0x00, 0xA8, 0xAA, 0xA0, 0x2A, 0x57, 0x55, 0x55, 0xD5, 
    0x44, 0x44, 0x46, 0xC4, 0x54, 0x55, 0x50, 0x15, 0x00, 0x00, 0x00, 0x00, 
    0x00, 0x00, 0x00, 0x00, 0xA8, 0xAA, 0xAA, 0x2A, 0xA8, 0xFF, 0xAA, 0xFF, 
    0x00, 0x00, 0x00, 0x00, 0x57, 0xFF, 0x5D, 0xFF, 0x57, 0x55, 0x55, 0xD5, 
    0x00, 0x00, 0x00, 0x00, 0x00, 0x00, 0x00, 0x00, 0xA8, 0xAA, 0xAA, 0x2A, 
    0x00, 0xAA, 0x00, 0x2A, 0x54, 0x55, 0x55, 0x15, 0x57, 0x55, 0x50, 0xD5, 
    0x57, 0x55, 0x51, 0xD5, 0x00, 0x00, 0x00, 0x00, 0x00, 0x00, 0x00, 0x00, 
    0x00, 0x00, 0x00, 0x00, 0xA8, 0xAA, 0xA0, 0x2A, 0xA8, 0xAA, 0xA0, 0x2A, 
    0xA8, 0xAA, 0xA0, 0x2A, 0x00, 0x55, 0x08, 0xD5, 0xA8, 0xAA, 0xAA, 0x2A, 
    0xFC, 0xFF, 0xFF, 0x3F, 0xFF, 0xFF, 0xFB, 0xFF, 0x57, 0x55, 0x51, 0xD5, 
    0x57, 0x55, 0x55, 0xD5, 0x00, 0x00, 0x08, 0x00, 0xA8, 0xAA, 0xAA, 0x2A, 
    0xA8, 0xAA, 0xA0, 0x2A, 0xFF, 0xFF, 0xF5, 0xFF, 0xFF, 0xFF, 0xFF, 0xFF, 
    0x57, 0x55, 0x55, 0xD5, 0x54, 0x55, 0x50, 0x15, 0xA8, 0xAA, 0xAA, 0x2A, 
    0x00, 0x00, 0x01, 0x00, 0x00, 0x00, 0x00, 0x00, 0xFF, 0xAA, 0xFF, 0x2A, 
    0x00, 0x00, 0x08, 0x00, 0xDF, 0x55, 0xF7, 0xD5, 0x00, 0x00, 0x00, 0x00, 
    0x00, 0x00, 0x00, 0x00, 0x57, 0x55, 0x57, 0xD5, 0xA8, 0xAA, 0xA0, 0x2A, 
    0xFC, 0x55, 0xFF, 0x15, 0x03, 0x00, 0x00, 0xC0, 0x00, 0x00, 0x00, 0x00, 
    0x00, 0x00, 0x00, 0x00, 0x00, 0x00, 0x02, 0x00, 0x00, 0x00, 0x00, 0x00, 
    0x00, 0x00, 0x04, 0x00, 0x00, 0x00, 0x00, 0x00, 0x00, 0x00, 0x00, 0x00, 
    0x00, 0x00, 0x08, 0x00, 0xFF, 0xAA, 0xFF, 0x2A, 0x00, 0x00, 0x00, 0x00, 
    0x57, 0x55, 0x55, 0xD5, 0x57, 0x55, 0x50, 0xD5, 0xFF, 0xFF, 0xFA, 0xFF, 
    0x00, 0x55, 0x08, 0xD5, 0x00, 0x00, 0x00, 0x00, 0x20, 0xAA, 0x09, 0x2A, 
    0xFF, 0xFF, 0xF4, 0xFF, 0xA8, 0xAA, 0xA0, 0x2A, 0xA8, 0xAA, 0xA0, 0x2A, 
    0xA8, 0xAA, 0xA0, 0x2A, 0x00, 0x00, 0x04, 0x00, 0xFF, 0xFF, 0xFF, 0xFF, 
    0xFF, 0xFF, 0xFA, 0xFF, 0xFF, 0xFF, 0xFA, 0xFF, 0x54, 0x55, 0x5D, 0x15, 
    0x00, 0x00, 0x0D, 0x00, 0x00, 0x00, 0x05, 0x00, 0xFF, 0xFF, 0xF4, 0xFF, 
    0xFF, 0xFF, 0xFD, 0xFF, 0xFF, 0xFF, 0xFF, 0xFF, 0x00, 0x00, 0x00, 0x00, 
    0x54, 0x7F, 0x55, 0x3F, 0xAB, 0xAA, 0xAA, 0xEA, 0x00, 0x00, 0x00, 0x00, 
    0x00, 0x00, 0x00, 0x00, 0x00, 0x00, 0x00, 0x00, 0x00, 0x00, 0x00, 0x00, 
    0x03, 0x00, 0x00, 0xC0, 0x00, 0x00, 0x00, 0x00, 0x00, 0x00, 0x08, 0x00, 
    0x57, 0x55, 0x57, 0xD5, 0xA8, 0xFF, 0xAA, 0xFF, 0xA8, 0xAA, 0xAB, 0x2A, 
    0x03, 0x00, 0x00, 0xC0, 0x00, 0x00, 0x00, 0x00, 0x00, 0x00, 0x00, 0x00, 
    0x57, 0x55, 0x55, 0xD5, 0xFF, 0xFF, 0xFF, 0xFF, 0xA8, 0xAA, 0xAA, 0x2A, 
    0x00, 0x00, 0x00, 0x00, 0x00, 0x00, 0x00, 0x00, 0x00, 0x00, 0x08, 0x00, 
    0x57, 0x55, 0x55, 0xD5, 0x00, 0x00, 0x00, 0x00, 0x54, 0x55, 0x55, 0x15, 
    0x00, 0x00, 0x00, 0x00, 0xA8, 0xAA, 0xAA, 0x2A, 0x00, 0x00, 0x00, 0x00, 
    0x00, 0x00, 0x00, 0x00, 0x00, 0x00, 0x00, 0x00, 0x57, 0x55, 0x54, 0xD5, 
    0x00, 0x00, 0x00, 0x00, 0xA8, 0xAA, 0xA0, 0x2A, 0x00, 0x00, 0x0A, 0x00, 
    0xFC, 0x55, 0xFA, 0x15, 0xFC, 0xFF, 0xFD, 0x3F, 0xA8, 0xAA, 0xAA, 0x2A, 
    0xA8, 0xAA, 0xAA, 0x2A, 0xD7, 0x02, 0xD5, 0x02, 0xFF, 0x00, 0xFF, 0x00, 
    0xA8, 0x00, 0xAA, 0x00, 0x57, 0x55, 0x54, 0xD5, 0x57, 0x55, 0x55, 0xD5, 
    0xFF, 0xFF, 0xFE, 0xFF, 0xFF, 0xAA, 0xF5, 0x2A, 0x54, 0xD5, 0x55, 0x15, 
    0xAB, 0xAA, 0xA8, 0xEA, 0x00, 0x00, 0x00, 0x00, 0x00, 0x00, 0x00, 0x00, 
    0x80, 0x02, 0x80, 0x02, 0x00, 0x00, 0x00, 0x00, 0x00, 0x00, 0x00, 0x00, 
    0x00, 0x00, 0x00, 0x00, 0x00, 0x00, 0x00, 0x00, 0x57, 0x55, 0x56, 0xD5, 
    0xA8, 0xAA, 0xAA, 0x2A, 0x54, 0x55, 0x55, 0x15, 0x00, 0x00, 0x00, 0x00, 
    0x00, 0x00, 0x00, 0x00, 0x00, 0x00, 0x00, 0x00, 0x00, 0x55, 0x00, 0xD5, 
    0x00, 0xFF, 0x00, 0xFF, 0x00, 0xAA, 0x00, 0x2A, 0x00, 0x00, 0x00, 0x00, 
    0x00, 0x00, 0x00, 0x00, 0x00, 0x00, 0x08, 0x00, 0xA8, 0xAA, 0xA0, 0x2A, 
    0x00, 0x00, 0x00, 0x00, 0x00, 0x00, 0x00, 0x00, 0x00, 0x00, 0x05, 0x00, 
    0x00, 0x00, 0x00, 0x00, 0x00, 0x00, 0x00, 0x00, 0x00, 0x00, 0x00, 0x00, 
    0x00, 0x00, 0x02, 0x00, 0x00, 0x00, 0x00, 0x00, 0x00, 0x00, 0x0A, 0x00, 
    0x00, 0x00, 0x00, 0x00, 0x00, 0x00, 0x01, 0x00, 0xA8, 0xAA, 0xAA, 0x2A, 
    0xA8, 0xAA, 0xAA, 0x2A, 0xFF, 0xFF, 0xFF, 0xFF, 0xFF, 0xFF, 0xFA, 0xFF, 
    0xFF, 0xFF, 0xFE, 0xFF, 0x00, 0x00, 0x00, 0x00, 0xFF, 0xFF, 0xFF, 0xFF, 
    0xFF, 0xFF, 0xF5, 0xFF, 0xFF, 0xFF, 0xFF, 0xFF, 0x57, 0x55, 0x55, 0xD5, 
    0x57, 0x55, 0x55, 0xD5, 0x20, 0x22, 0x22, 0x22, 0xAB, 0xAA, 0xAA, 0xEA, 
    0x57, 0x55, 0x54, 0xD5, 0x57, 0x55, 0x55, 0xD5, 0xFF, 0xAA, 0xFE, 0x2A, 
    0x00, 0x00, 0x00, 0x00, 0xFF, 0x55, 0xFD, 0xD5, 0xA8, 0xAA, 0xAA, 0x2A, 
    0xA8, 0xAA, 0xAA, 0x2A, 0x57, 0x55, 0x55, 0xD5, 0x13, 0x11, 0x10, 0x11, 
    0x00, 0x00, 0x00, 0x00, 0x03, 0x00, 0x00, 0xC0, 0x57, 0x55, 0x55, 0xD5, 
    0x57, 0x55, 0x55, 0xD5, 0x00, 0x00, 0x00, 0x00, 0x00, 0x00, 0x00, 0x00, 
    0x00, 0x00, 0x00, 0x00, 0xA8, 0xAA, 0xAA, 0x2A, 0xA8, 0xAA, 0xAA, 0x2A, 
    0x00, 0x00, 0x00, 0x00, 0x40, 0x00, 0x00, 0x00, 0x88, 0x88, 0x8D, 0x08, 
    0x00, 0x00, 0x05, 0x00, 0x00, 0x00, 0x00, 0x00, 0x00, 0x00, 0x00, 0x00, 
    0x00, 0x55, 0x00, 0xD5, 0x00, 0x00, 0x00, 0x00, 0x00, 0xAA, 0x00, 0x2A, 
    0x00, 0x00, 0x00, 0x00, 0x00, 0x00, 0x00, 0x00, 0x00, 0x00, 0x0A, 0x00, 
    0x04, 0x44, 0x4E, 0xC4, 0x00, 0x00, 0x05, 0x00, 0xA8, 0xAA, 0xAF, 0x2A, 
    0xA8, 0xAA, 0xAB, 0x2A, 0xA8, 0xAA, 0xAA, 0x2A, 0xA8, 0xAA, 0xAA, 0x2A, 
    0x00, 0x00, 0x00, 0x00, 0x57, 0x55, 0x55, 0xD5, 0x57, 0x55, 0x55, 0xD5, 
    0x57, 0x55, 0x55, 0xD5, 0x57, 0x55, 0x5F, 0xD5, 0x00, 0x00, 0x0A, 0x00, 
    0xA8, 0xAA, 0xAF, 0x2A, 0xA8, 0xAA, 0xAF, 0x2A, 0x57, 0x55, 0x55, 0xD5, 
    0x57, 0x55, 0x55, 0xD5, 0xFF, 0xFF, 0xFF, 0xFF, 0x00, 0x00, 0x00, 0x00, 
    0xFF, 0xFF, 0xFE, 0xFF, 0xA8, 0xAA, 0xA2, 0x2A, 0xA8, 0xAA, 0xAA, 0x2A, 
    0x57, 0x55, 0x5F, 0xD5, 0x57, 0x55, 0x5F, 0xD5, 0x20, 0x22, 0x27, 0x22, 
    0x00, 0x00, 0x05, 0x00, 0x57, 0x55, 0x55, 0xD5, 0x57, 0x55, 0x55, 0xD5, 
    0x57, 0x00, 0x55, 0x00, 0x00, 0x00, 0x00, 0x00, 0xA8, 0x00, 0xA2, 0x00, 
    0xA8, 0xAA, 0xAB, 0x2A, 0xA8, 0xAA, 0xAA, 0x2A, 0x00, 0x00, 0x0A, 0x00, 
    0x13, 0x11, 0x1B, 0x11, 0x00, 0x00, 0x00, 0x00, 0x00, 0x00, 0x00, 0x00, 
    0x00, 0x00, 0x00, 0x00, 0x00, 0x00, 0x00, 0x00, 0x00, 0x00, 0x00, 0x00, 
    0x00, 0x00, 0x00, 0x00, 0x00, 0x00, 0x00, 0x00, 0x00, 0x00, 0x00, 0x00, 
    0x00, 0x00, 0x00, 0x00, 0x00, 0x00, 0x00, 0x00, 0x00, 0x00, 0x04, 0x00, 
    0x88, 0x88, 0x88, 0x08, 0xAB, 0xAA, 0xAA, 0xEA, 0xA8, 0xAA, 0xAA, 0x2A, 
    0xA8, 0xAA, 0xAA, 0x2A, 0xA8, 0xFF, 0xAA, 0xFF, 0x00, 0x00, 0x00, 0x00, 
    0x57, 0xFF, 0x5D, 0xFF, 0x57, 0x55, 0x5D, 0xD5, 0x57, 0x55, 0x55, 0xD5, 
    0x57, 0x55, 0x55, 0xD5, 0x44, 0x44, 0x40, 0xC4, 0x00, 0x00, 0x00, 0x00, 
    0xAB, 0xAA, 0xAA, 0xEA, 0x00, 0x00, 0x00, 0x00, 0x00, 0x00, 0x00, 0x00, 
    0x00, 0x00, 0x00, 0x00, 0x00, 0x00, 0x00, 0x00, 0x00, 0x00, 0x00, 0x00, 
    0x00, 0x00, 0x00, 0x00, 0x00, 0x00, 0x00, 0x00, 0x57, 0x55, 0x55, 0xD5, 
    0x00, 0x00, 0x00, 0x00, 0xA8, 0xAA, 0xA0, 0x2A, 0x00, 0x00, 0x00, 0x00, 
    0x00, 0x00, 0x00, 0x00, 0x00, 0x00, 0x00, 0x00, 0x57, 0x55, 0x54, 0xD5, 
    0x00, 0x00, 0x00, 0x00, 0xA8, 0xAA, 0xAA, 0x2A, 0x00, 0x00, 0x00, 0x00, 
    0x00, 0x00, 0x00, 0x00, 0x00, 0x00, 0x00, 0x00, 0x57, 0x55, 0x55, 0xD5, 
    0x20, 0x22, 0x25, 0x22, 0x00, 0x00, 0x05, 0x00, 0x00, 0x00, 0x00, 0x00, 
    0x00, 0x00, 0x00, 0x00, 0xFF, 0xAA, 0xFE, 0x2A, 0x00, 0x00, 0x00, 0x00, 
    0xFF, 0x55, 0xF7, 0xD5, 0x00, 0x00, 0x00, 0x00, 0x00, 0x00, 0x00, 0x00, 
    0x00, 0x00, 0x0A, 0x00, 0x13, 0x11, 0x1B, 0x11, 0x00, 0x00, 0x05, 0x00, 
    0xA8, 0xAA, 0xAF, 0x2A, 0xFF, 0xFF, 0xFF, 0xFF, 0x57, 0x55, 0x55, 0xD5, 
    0x00, 0x00, 0x00, 0x00, 0x00, 0x00, 0x00, 0x00, 0x00, 0x00, 0x00, 0x00, 
    0xA8, 0xAA, 0xAA, 0x2A, 0xFF, 0xFF, 0xFF, 0xFF, 0x57, 0x55, 0x5F, 0xD5, 
    0x40, 0x00, 0x0E, 0x00, 0x88, 0x88, 0x85, 0x08, 0xA8, 0xAA, 0xAF, 0x2A, 
    0x57, 0x55, 0x55, 0xD5, 0xA8, 0xAA, 0xAA, 0x2A, 0xA8, 0xFF, 0xAA, 0xFF, 
    0x00, 0x00, 0x00, 0x00, 0x57, 0xFF, 0x5D, 0xFF, 0x57, 0x55, 0x55, 0xD5, 
    0xA8, 0xAA, 0xAA, 0x2A, 0x57, 0x55, 0x5F, 0xD5, 0x04, 0x44, 0x4A, 0xC4, 
    0x00, 0x00, 0x05, 0x00, 0x00, 0x00, 0x05, 0x00, 0x00, 0x00, 0x00, 0x00, 
    0x00, 0x00, 0x00, 0x00, 0x00, 0x00, 0x00, 0x00, 0x00, 0x00, 0x00, 0x00, 
    0x00, 0x00, 0x02, 0x00, 0x00, 0x00, 0x00, 0x00, 0x00, 0x00, 0x00, 0x00, 
    0x00, 0x00, 0x0A, 0x00, 0x00, 0x00, 0x0A, 0x00, 0xA8, 0xAA, 0xAA, 0x2A, 
    0x03, 0x00, 0x00, 0xC0, 0x00, 0x00, 0x00, 0x00, 0x00, 0x00, 0x00, 0x00, 
    0x57, 0x55, 0x55, 0xD5, 0x00, 0x00, 0x00, 0x00, 0xA8, 0xAA, 0xAA, 0x2A, 
    0x00, 0x00, 0x00, 0x00, 0x00, 0x00, 0x00, 0x00, 0x00, 0x00, 0x00, 0x00, 
    0x57, 0x55, 0x55, 0xD5, 0x20, 0x22, 0x26, 0x22, 0xAB, 0xAA, 0xAE, 0xEA, 
    0xFF, 0xFF, 0xFF, 0xFF, 0x57, 0x55, 0x55, 0xD5, 0xFF, 0xAA, 0xFF, 0x2A, 
    0x00, 0x00, 0x00, 0x00, 0xFF, 0x55, 0xFD, 0xD5, 0xA8, 0xAA, 0xAA, 0x2A, 
    0xFF, 0xFF, 0xFF, 0xFF, 0x57, 0x55, 0x5D, 0xD5, 0x13, 0x11, 0x19, 0x11, 
    0x00, 0x00, 0x05, 0x00, 0xAB, 0xAA, 0xAF, 0xEA, 0x57, 0x55, 0x51, 0xD5, 
    0x00, 0x00, 0x00, 0x00, 0x00, 0x00, 0x00, 0x00, 0x00, 0x00, 0x00, 0x00, 
    0x00, 0x00, 0x00, 0x00, 0x00, 0x00, 0x00, 0x00, 0xA8, 0x2A, 0xA8, 0x2A, 
    0x57, 0x55, 0x5F, 0xD5, 0x40, 0x00, 0x0E, 0x00, 0x88, 0x88, 0x89, 0x08, 
    0x00, 0x00, 0x01, 0x00, 0x00, 0x00, 0x00, 0x00, 0xA8, 0xAA, 0xAE, 0x2A, 
    0xA8, 0xFF, 0xAA, 0xFF, 0x00, 0x00, 0x00, 0x00, 0x57, 0xFF, 0x55, 0xFF, 
    0x57, 0x55, 0x57, 0xD5, 0x00, 0x80, 0x00, 0x00, 0x00, 0x00, 0x02, 0x00, 
    0x04, 0x44, 0x42, 0xC4, 0x00, 0xAA, 0x00, 0x2A, 0x00, 0x00, 0x00, 0x00, 
    0x57, 0x55, 0x50, 0xD5, 0x57, 0x55, 0x50, 0xD5, 0x00, 0x00, 0x00, 0x00, 
    0x00, 0x00, 0x00, 0x00, 0x00, 0x00, 0x02, 0x00, 0xA8, 0xAA, 0xA0, 0x2A, 
    0xA8, 0xAA, 0xA0, 0x2A, 0x00, 0x00, 0x00, 0x00, 0x00, 0x55, 0x00, 0xD5, 
    0xA8, 0xAA, 0xAC, 0x2A, 0xAB, 0xAA, 0xAE, 0xEA, 0xFF, 0xFF, 0xFA, 0xFF, 
    0x57, 0x55, 0x50, 0xD5, 0x57, 0x55, 0x55, 0xD5, 0x00, 0x00, 0x00, 0x00, 
    0xA8, 0xAA, 0xAA, 0x2A, 0xA8, 0xAA, 0xA0, 0x2A, 0xFF, 0xFF, 0xF5, 0xFF, 
    0x57, 0x55, 0x59, 0xD5, 0x57, 0x55, 0x5D, 0xD5, 0x00, 0x00, 0x05, 0x00, 
    0xA8, 0xAA, 0xAF, 0x2A, 0x00, 0x00, 0x00, 0x00, 0x00, 0x00, 0x00, 0x00, 
    0xFF, 0xAA, 0xFF, 0x2A, 0x00, 0x00, 0x00, 0x00, 0xFF, 0x55, 0xFD, 0xD5, 
    0x00, 0x00, 0x00, 0x00, 0x00, 0x00, 0x00, 0x00, 0x57, 0x55, 0x5B, 0xD5, 
    0x00, 0x00, 0x0A, 0x00, 0xA8, 0x00, 0xA9, 0x00, 0x03, 0x00, 0x01, 0xC0, 
    0x00, 0x00, 0x00, 0x00, 0x00, 0x00, 0x00, 0x00, 0xA8, 0xAA, 0xAA, 0x2A, 
    0x00, 0x00, 0x00, 0x00, 0x54, 0x55, 0x55, 0x15, 0x00, 0x00, 0x00, 0x00, 
    0x00, 0x00, 0x00, 0x00, 0x00, 0x00, 0x02, 0x00, 0x57, 0x00, 0x57, 0x00, 
    0x00, 0x00, 0x00, 0x00, 0x03, 0x00, 0x00, 0xC0, 0x57, 0x55, 0x50, 0xD5, 
    0xFF, 0xFF, 0xF8, 0xFF, 0xA8, 0xFF, 0xAA, 0xFF, 0x00, 0x00, 0x00, 0x00, 
    0x54, 0xFF, 0x55, 0x3F, 0xFF, 0xFF, 0xF5, 0xFF, 0xA8, 0xAA, 0xA0, 0x2A, 
    0x00, 0x00, 0x00, 0x00, 0x00, 0x00, 0x00, 0x00, 0x00, 0x00, 0x04, 0x00, 
    0xAB, 0xAA, 0xAE, 0xEA, 0xFF, 0xFF, 0xFA, 0xFF, 0xFF, 0xFF, 0xFA, 0xFF, 
    0xE8, 0xAB, 0xEA, 0x2B, 0xFC, 0xFF, 0xFF, 0x3F, 0xD4, 0x57, 0xD5, 0x17, 
    0xFF, 0xFF, 0xF5, 0xFF, 0xFF, 0xFF, 0xF5, 0xFF, 0x57, 0x55, 0x5D, 0xD5, 
    0x00, 0x00, 0x08, 0x00, 0x00, 0xAA, 0x05, 0x2A, 0xAB, 0xAA, 0xAF, 0xEA, 
    0x00, 0x00, 0x00, 0x00, 0x00, 0x00, 0x02, 0x00, 0x80, 0x02, 0x80, 0x02, 
    0x00, 0x00, 0x00, 0x00, 0x43, 0x01, 0x40, 0xC1, 0x00, 0x00, 0x00, 0x00, 
    0x00, 0x00, 0x00, 0x00, 0x57, 0x55, 0x5F, 0xD5, 0x00, 0x55, 0x0A, 0xD5, 
    0xA8, 0xAA, 0xA9, 0x2A, 0x03, 0x00, 0x01, 0xC0, 0x00, 0x00, 0x00, 0x00, 
    0x00, 0x00, 0x00, 0x00, 0xD7, 0x57, 0xD5, 0xD7, 0xFF, 0xFF, 0xFD, 0xFF, 
    0xE8, 0xAB, 0xE8, 0x2B, 0x00, 0x00, 0x00, 0x00, 0x00, 0x00, 0x00, 0x00, 
    0x00, 0x00, 0x02, 0x00, 0x57, 0x55, 0x57, 0xD5, 0x00, 0x00, 0x00, 0x00, 
    0x00, 0x00, 0x00, 0x00, 0x00, 0x00, 0x00, 0x00, 0xA8, 0xAA, 0xA8, 0x2A, 
    0x00, 0x00, 0x00, 0x00, 0x00, 0x00, 0x00, 0x00, 0x00, 0x00, 0x00, 0x00, 
    0x57, 0x55, 0x55, 0xD5, 0x00, 0x00, 0x00, 0x00, 0x00, 0x00, 0x00, 0x00, 
    0x00, 0x00, 0x00, 0x00, 0xA8, 0x00, 0xAC, 0x00, 0xA8, 0x2A, 0xAC, 0x2A, 
    0xA0, 0xAA, 0xAA, 0x2A, 0xA8, 0xAA, 0xAA, 0x2A, 0xD7, 0x00, 0x55, 0x00, 
    0xFF, 0x00, 0xFD, 0x00, 0xE8, 0x00, 0xA8, 0x00, 0x57, 0x55, 0x55, 0xD5, 
    0x57, 0x55, 0x55, 0xD5, 0x57, 0x55, 0x5D, 0xD5, 0x57, 0x00, 0x5D, 0x00, 
    0x00, 0x00, 0x05, 0x00, 0xA0, 0x2A, 0xAD, 0x2A, 0x00, 0x00, 0x00, 0x00, 
    0x00, 0x00, 0x02, 0x00, 0x80, 0x02, 0x80, 0x02, 0x00, 0x00, 0x00, 0x00, 
    0x40, 0x01, 0x40, 0x01, 0x00, 0x00, 0x00, 0x00, 0x00, 0x00, 0x00, 0x00, 
    0x57, 0x55, 0x5F, 0xD5, 0x00, 0x00, 0x0A, 0x00, 0x00, 0x00, 0x01, 0x00, 
    0x00, 0x00, 0x01, 0x00, 0x00, 0x00, 0x00, 0x00, 0x00, 0x00, 0x00, 0x00, 
    0x00, 0x55, 0x00, 0xD5, 0x00, 0xFF, 0x00, 0xFF, 0x00, 0xAA, 0x00, 0x2A, 
    0x00, 0x00, 0x00, 0x00, 0x00, 0x00, 0x00, 0x00, 0x00, 0x00, 0x02, 0x00, 
    0x00, 0x00, 0x02, 0x00, 0x00, 0x00, 0x00, 0x00, 0x00, 0x00, 0x00, 0x00, 
    0x00, 0x00, 0x00, 0x00, 0x00, 0x00, 0x00, 0x00, 0x00, 0x00, 0x01, 0x00, 
    0x00, 0x00, 0x01, 0x00, 0x00, 0x00, 0x00, 0x00, 0x00, 0x00, 0x00, 0x00, 
    0x00, 0x00, 0x00, 0x00, 0x00, 0x00, 0x00, 0x00, 0x00, 0x00, 0x00, 0x00, 
    0xA8, 0xAA, 0xAA, 0x2A, 0xA8, 0xAA, 0xAA, 0x2A, 0xFF, 0xFF, 0xFF, 0xFF, 
    0xBF, 0xFF, 0xFF, 0xFF, 0xFF, 0xFF, 0xFF, 0xFF, 0x00, 0x00, 0x01, 0x00, 
    0xFF, 0xFF, 0xFF, 0xFF, 0xFF, 0xFF, 0xFF, 0xFF, 0xFF, 0xFF, 0xFF, 0xFF, 
    0x57, 0x55, 0x55, 0xD5, 0x57, 0x55, 0x55, 0xD5, 0x60, 0x23, 0x62, 0x23, 
    0xBF, 0xFF, 0xFF, 0xFF, 0x57, 0x55, 0x55, 0xD5, 0x57, 0x55, 0x55, 0xD5, 
    0xFF, 0xAA, 0xFA, 0x2A, 0x00, 0x00, 0x00, 0x00, 0xFF, 0x55, 0xFF, 0xD5, 
    0xA8, 0xAA, 0xAA, 0x2A, 0xA8, 0xAA, 0xAA, 0x2A, 0x7F, 0xFD, 0x7F, 0xFD, 
    0x13, 0x11, 0x11, 0x11, 0xC0, 0x01, 0x40, 0x01, 0x57, 0x55, 0x55, 0xD5, 
    0x57, 0x55, 0x55, 0xD5, 0x57, 0x55, 0x55, 0xD5, 0x00, 0x00, 0x00, 0x00, 
    0x00, 0x00, 0x00, 0x00, 0x00, 0x00, 0x00, 0x00, 0xA8, 0xAA, 0xAA, 0x2A, 
    0xA8, 0xAA, 0xAA, 0x2A, 0x28, 0xA8, 0x2A, 0x28, 0x00, 0x00, 0x00, 0x00, 
    0x08, 0x88, 0x88, 0x08, 0x40, 0x00, 0x00, 0x00, 0x00, 0x00, 0x00, 0x00, 
    0x00, 0x00, 0x00, 0x00, 0x00, 0x55, 0x04, 0xD5, 0x00, 0x00, 0x00, 0x00, 
    0x00, 0xAA, 0x00, 0x2A, 0x00, 0x00, 0x00, 0x00, 0x00, 0x00, 0x00, 0x00, 
    0x00, 0x00, 0x00, 0x00, 0x44, 0x44, 0x44, 0xC4, 0x00, 0x00, 0x00, 0x00, 
    0xA8, 0xAA, 0xAA, 0x2A, 0xA8, 0xAA, 0xAA, 0x2A, 0xA8, 0xAA, 0xAA, 0x2A, 
    0xA8, 0xAA, 0xAA, 0x2A, 0x00, 0x00, 0x00, 0x00, 0x57, 0x55, 0x55, 0xD5, 
    0x57, 0x55, 0x55, 0xD5, 0x57, 0x55, 0x55, 0xD5, 0x57, 0x55, 0x55, 0xD5, 
    0x00, 0x00, 0x05, 0x00, 0xE8, 0xAB, 0xEA, 0x2B, 0xBF, 0xFF, 0xFF, 0xFF, 
    0x57, 0x55, 0x55, 0xD5, 0x57, 0x55, 0x54, 0xD5, 0xFF, 0xFF, 0xFF, 0xFF, 
    0x00, 0x00, 0x00, 0x00, 0xFF, 0xFF, 0xFF, 0xFF, 0xA8, 0xAA, 0xAA, 0x2A, 
    0xA8, 0xAA, 0xAA, 0x2A, 0x7F, 0xFD, 0x7F, 0xFD, 0x57, 0x55, 0x55, 0xD5, 
    0x20, 0x22, 0x22, 0x22, 0x00, 0x00, 0x00, 0x00, 0x57, 0x55, 0x55, 0xD5, 
    0x57, 0x55, 0x54, 0xD5, 0x57, 0x00, 0x55, 0x00, 0x00, 0x00, 0x00, 0x00, 
    0xA8, 0x00, 0xAA, 0x00, 0xA8, 0xAA, 0xAA, 0x2A, 0xA8, 0xAA, 0xAA, 0x2A, 
    0x00, 0x00, 0x00, 0x00, 0x13, 0x11, 0x10, 0x11, 0x80, 0x00, 0x00, 0x00, 
    0x00, 0x00, 0x00, 0x00, 0x00, 0x00, 0x00, 0x00, 0x00, 0x00, 0x00, 0x00, 
    0x00, 0x00, 0x00, 0x00, 0x00, 0x00, 0x00, 0x00, 0x00, 0x00, 0x00, 0x00, 
    0x00, 0x00, 0x00, 0x00, 0x00, 0x00, 0x00, 0x00, 0x00, 0x00, 0x00, 0x00, 
    0x00, 0x00, 0x00, 0x00, 0x08, 0x88, 0x88, 0x08, 0xA8, 0xAA, 0xAA, 0x2A, 
    0xA8, 0xAA, 0xAA, 0x2A, 0xA8, 0xAA, 0xAA, 0x2A, 0xA8, 0xFF, 0xAA, 0xFF, 
    0x00, 0x00, 0x00, 0x00, 0x57, 0xFF, 0x55, 0xFF, 0x57, 0x55, 0x55, 0xD5, 
    0x57, 0x55, 0x55, 0xD5, 0x57, 0x55, 0x55, 0xD5, 0x44, 0x44, 0x40, 0xC4, 
    0x40, 0x01, 0x40, 0x01, 0xFF, 0xFF, 0xFF, 0xFF, 0x00, 0x00, 0x00, 0x00, 
    0x00, 0x00, 0x00, 0x00, 0x00, 0x00, 0x01, 0x00, 0x00, 0x00, 0x01, 0x00, 
    0x00, 0x00, 0x00, 0x00, 0x00, 0x00, 0x00, 0x00, 0x00, 0x00, 0x00, 0x00, 
    0x7F, 0xFD, 0x7F, 0xFD, 0x00, 0x00, 0x00, 0x00, 0xE8, 0xAB, 0xEA, 0x2B, 
    0x57, 0x55, 0x55, 0xD5, 0x00, 0x00, 0x00, 0x00, 0x00, 0x00, 0x00, 0x00, 
    0x57, 0x55, 0x55, 0xD5, 0x00, 0x00, 0x01, 0x00, 0xA8, 0xAA, 0xAA, 0x2A, 
    0x00, 0x00, 0x00, 0x00, 0x00, 0x00, 0x00, 0x00, 0x28, 0xA8, 0x2A, 0x28, 
    0x57, 0x55, 0x55, 0xD5, 0x20, 0x22, 0x22, 0x22, 0x00, 0x00, 0x00, 0x00, 
    0x00, 0x00, 0x00, 0x00, 0x00, 0x00, 0x00, 0x00, 0xFF, 0xAA, 0xFA, 0x2A, 
    0x00, 0x00, 0x00, 0x00, 0xEF, 0x55, 0xFF, 0xD5, 0x10, 0x00, 0x00, 0x00, 
    0x00, 0x00, 0x00, 0x00, 0x00, 0x00, 0x00, 0x00, 0x13, 0x11, 0x11, 0x11, 
    0x00, 0x00, 0x00, 0x00, 0xA8, 0xAA, 0xAA, 0x2A, 0xFF, 0xFF, 0xFF, 0xFF, 
    0x57, 0x55, 0x55, 0xD5, 0x00, 0x00, 0x00, 0x00, 0x00, 0x00, 0x00, 0x00, 
    0x00, 0x00, 0x00, 0x00, 0xA8, 0xAA, 0xAA, 0x2A, 0xFF, 0xFF, 0xFF, 0xFF, 
    0x57, 0x55, 0x55, 0xD5, 0x00, 0x00, 0x00, 0x00, 0xC8, 0x89, 0xC8, 0x09, 
    0xBF, 0xFF, 0xFF, 0xFF, 0x57, 0x55, 0x55, 0xD5, 0xA8, 0xAA, 0xAA, 0x2A, 
    0xA8, 0xFF, 0xAE, 0xFF, 0x00, 0x00, 0x00, 0x00, 0x57, 0xFF, 0x55, 0xFF, 
    0x57, 0x55, 0x55, 0xD5, 0xA8, 0xAA, 0xAA, 0x2A, 0x7F, 0xFD, 0x7F, 0xFD, 
    0x44, 0x44, 0x44, 0xC4, 0x00, 0x00, 0x00, 0x00, 0x00, 0x00, 0x00, 0x00, 
    0x00, 0x00, 0x00, 0x00, 0x00, 0x00, 0x00, 0x00, 0x00, 0x00, 0x00, 0x00, 
    0x00, 0x00, 0x00, 0x00, 0x00, 0x00, 0x00, 0x00, 0x00, 0x00, 0x00, 0x00, 
    0x00, 0x00, 0x00, 0x00, 0x00, 0x00, 0x00, 0x00, 0x00, 0x00, 0x00, 0x00, 
    0xE8, 0xAB, 0xEA, 0x2B, 0x57, 0x55, 0x55, 0xD5, 0x00, 0x00, 0x00, 0x00, 
    0x00, 0x00, 0x00, 0x00, 0x57, 0x55, 0x55, 0xD5, 0x00, 0x00, 0x00, 0x00, 
    0xA8, 0xAA, 0xAA, 0x2A, 0x00, 0x00, 0x00, 0x00, 0x00, 0x00, 0x00, 0x00, 
    0x28, 0xA8, 0x2A, 0x28, 0x57, 0x55, 0x55, 0xD5, 0x60, 0x23, 0x60, 0x23, 
    0xFF, 0xFF, 0xFF, 0xFF, 0xFF, 0xFF, 0xFF, 0xFF, 0x57, 0x55, 0x55, 0xD5, 
    0xFF, 0xAA, 0xFF, 0x2A, 0x00, 0x00, 0x00, 0x00, 0xFF, 0x55, 0xFD, 0xD5, 
    0xA8, 0xAA, 0xAA, 0x2A, 0xFF, 0xFF, 0xFF, 0xFF, 0x7F, 0xFD, 0x7F, 0xFD, 
    0x13, 0x11, 0x11, 0x11, 0xC0, 0x01, 0x48, 0x01, 0xBF, 0xFF, 0xFF, 0xFF, 
    0x57, 0x45, 0x55, 0xD5, 0x00, 0x00, 0x00, 0x00, 0x00, 0x00, 0x00, 0x00, 
    0x00, 0x00, 0x00, 0x00, 0x00, 0x00, 0x00, 0x00, 0x00, 0x00, 0x00, 0x00, 
    0xA8, 0xAA, 0xAA, 0x2A, 0x7F, 0xFD, 0x7F, 0xFD, 0x00, 0x00, 0x00, 0x00, 
    0x48, 0x89, 0xC2, 0x09, 0x17, 0x55, 0x55, 0xD5, 0x00, 0x10, 0x00, 0x00, 
    0xA8, 0xAA, 0xAA, 0x2A, 0xA8, 0xFF, 0xAA, 0xFF, 0x00, 0x00, 0x00, 0x00, 
    0x57, 0xFF, 0x57, 0xFF, 0x57, 0x55, 0x55, 0xD5, 0x00, 0x00, 0x00, 0x00, 
    0x28, 0xA8, 0x2A, 0x28, 0x44, 0x44, 0x44, 0xC4, 0x00, 0xAA, 0x00, 0x2A, 
    0x00, 0x00, 0x00, 0x00, 0x17, 0x55, 0x55, 0xD5, 0x1F, 0x55, 0x55, 0xD5, 
    0x00, 0x00, 0x00, 0x00, 0x00, 0x00, 0x00, 0x00, 0x00, 0x00, 0x00, 0x00, 
    0xA8, 0xAA, 0xAA, 0x2A, 0xA8, 0xAA, 0xAA, 0x2A, 0x00, 0x00, 0x00, 0x00, 
    0x00, 0x55, 0x00, 0xD5, 0xA8, 0xAA, 0xAA, 0x2A, 0xA8, 0xAA, 0xAA, 0x2A, 
    0xBF, 0xFF, 0xFF, 0xFF, 0x17, 0x55, 0x55, 0xD5, 0x57, 0x55, 0x55, 0xD5, 
    0x00, 0x00, 0x00, 0x00, 0xA8, 0xAA, 0xAA, 0x2A, 0xA8, 0xAA, 0xAA, 0x2A, 
    0xFF, 0xFF, 0xFF, 0xFF, 0x57, 0x55, 0x55, 0xD5, 0x57, 0x55, 0x55, 0xD5, 
    0x00, 0x00, 0x00, 0x00, 0xA8, 0xAA, 0xAA, 0x2A, 0x00, 0x00, 0x00, 0x00, 
    0x00, 0x00, 0x00, 0x00, 0xF7, 0xAA, 0xFF, 0x2A, 0x00, 0x00, 0x00, 0x00, 
    0xFF, 0x55, 0xFD, 0xD5, 0x00, 0x00, 0x00, 0x00, 0x00, 0x00, 0x00, 0x00, 
    0x57, 0x55, 0x51, 0xD5, 0x00, 0x00, 0x00, 0x00, 0xA8, 0x00, 0xAA, 0x00, 
    0x00, 0x00, 0x00, 0x00, 0x00, 0x00, 0x00, 0x00, 0x00, 0x00, 0x00, 0x00, 
    0x00, 0x00, 0x00, 0x00, 0x00, 0x00, 0x00, 0x00, 0x00, 0x00, 0x00, 0x00, 
    0x00, 0x00, 0x00, 0x00, 0x00, 0x00, 0x04, 0x00, 0x00, 0x00, 0x00, 0x00, 
    0x57, 0x00, 0x55, 0x00, 0x40, 0x01, 0x40, 0x01, 0x57, 0x55, 0x55, 0xD5, 
    0x17, 0x55, 0x55, 0xD5, 0xBF, 0xFF, 0xFF, 0xFF, 0x00, 0x55, 0x00, 0xD5, 
    0x00, 0x00, 0x00, 0x00, 0x00, 0xAA, 0x02, 0x2A, 0xFF, 0xFF, 0xFF, 0xFF, 
    0xA8, 0xAA, 0xAA, 0x2A, 0x28, 0xA8, 0x2A, 0x28, 0x00, 0x00, 0x00, 0x00, 
    0x40, 0x01, 0x40, 0x01, 0xFF, 0xFF, 0xFF, 0xFF, 0xBF, 0xFF, 0xFF, 0xFF, 
    0xBF, 0xFF, 0xFF, 0xFF, 0x00, 0x00, 0x00, 0x00, 0x00, 0x00, 0x00, 0x00, 
    0x00, 0x00, 0x00, 0x00, 0xFF, 0xFF, 0xFF, 0xFF, 0xFF, 0xFF, 0xFF, 0xFF, 
    0x7F, 0xFD, 0x7F, 0xFD, 0x00, 0x00, 0x00, 0x00, 0x40, 0xAB, 0x40, 0x2B, 
    0xFF, 0xFF, 0xFF, 0xFF, 0x00, 0x00, 0x00, 0x00, 0x00, 0x00, 0x00, 0x00, 
    0xA8, 0xAA, 0xAA, 0x2A, 0x00, 0x00, 0x00, 0x00, 0x17, 0x55, 0x55, 0xD5, 
    0x00, 0x00, 0x00, 0x00, 0x00, 0x00, 0x00, 0x00, 0x7F, 0xFD, 0x7F, 0xFD, 
    0x00, 0x55, 0x00, 0xD5, 0xE8, 0xAB, 0xEA, 0x2B, 0x57, 0x55, 0x55, 0xD5, 
    0x00, 0x00, 0x00, 0x00, 0x00, 0x00, 0x00, 0x00, 0x57, 0x55, 0x55, 0xD5, 
    0xFF, 0xFF, 0xFF, 0xFF, 0xA8, 0xAA, 0xAA, 0x2A, 0x00, 0x00, 0x00, 0x00, 
    0x00, 0x00, 0x00, 0x00, 0x28, 0xA8, 0x2A, 0x28, 0x57, 0x55, 0x55, 0xD5, 
    0x00, 0x00, 0x00, 0x00, 0x00, 0x00, 0x00, 0x00, 0x00, 0x00, 0x00, 0x00, 
    0xA8, 0xAA, 0xAA, 0x2A, 0x00, 0x00, 0x00, 0x00, 0x00, 0x00, 0x00, 0x00, 
    0x00, 0x00, 0x00, 0x00, 0x57, 0x55, 0x55, 0xD5, 0x00, 0x00, 0x00, 0x00, 
    0x00, 0x00, 0x00, 0x00, 0x00, 0x00, 0x00, 0x00, 0xA8, 0x00, 0xAA, 0x00, 
    0xA8, 0xAA, 0xAA, 0x2A, 0xA8, 0xAA, 0xAA, 0x2A, 0xA8, 0xAA, 0xAA, 0x2A, 
    0x57, 0x00, 0x55, 0x00, 0xFF, 0x00, 0xFF, 0x00, 0xA8, 0x00, 0xAA, 0x00, 
    0x57, 0x55, 0x55, 0xD5, 0x57, 0x55, 0x55, 0xD5, 0x57, 0x45, 0x55, 0xD5, 
    0x57, 0x00, 0x55, 0x00, 0x40, 0x01, 0x40, 0x01, 0xFF, 0xFF, 0xFF, 0xFF, 
    0x00, 0x00, 0x00, 0x00, 0x00, 0x00, 0x00, 0x00, 0x00, 0x00, 0x00, 0x00, 
    0x00, 0x00, 0x00, 0x00, 0x00, 0x00, 0x00, 0x00, 0x00, 0x00, 0x00, 0x00, 
    0x00, 0x00, 0x00, 0x00, 0x7F, 0xED, 0x7F, 0xFD, 0x00, 0x00, 0x00, 0x00, 
    0x00, 0x00, 0x00, 0x00, 0x00, 0x00, 0x00, 0x00, 0x00, 0x00, 0x00, 0x00, 
    0x00, 0x00, 0x00, 0x00, 0x00, 0x55, 0x00, 0xD5, 0x00, 0xFF, 0x00, 0xFF, 
    0x00, 0xAA, 0x00, 0x2A, 0x00, 0x00, 0x00, 0x00, 0x00, 0x00, 0x00, 0x00, 
    0x00, 0x00, 0x00, 0x00, 0x00, 0x00, 0x00, 0x00, 0x00, 0x00, 0x00, 0x00, 
    0x00, 0x00, 0x00, 0x00, 0x00, 0x00, 0x00, 0x00, 0x00, 0x00, 0x00, 0x00, 
    0x00, 0x00, 0x00, 0x00, 0x00, 0x00, 0x00, 0x00, 0x00, 0x00, 0x00, 0x00, 
    0x00, 0x00, 0x00, 0x00
};
