Copyright 1986-2022 Xilinx, Inc. All Rights Reserved. Copyright 2022-2026 Advanced Micro Devices, Inc. All Rights Reserved.
---------------------------------------------------------------------------------------------------------------------------------------------------------------------------------------------------------------------------------------------------------------------
| Tool Version : Vivado v.2026.1 (win64) Build 6511674 Tue Jun 16 11:02:23 MDT 2026
| Date         : Fri Sep  4 13:56:27 2026
| Host         : ABHINAV running 64-bit major release  (build 9200)
| Command      : report_timing_summary -max_paths 10 -routable_nets -report_unconstrained -file design_ZYNQ_wrapper_timing_summary_routed.rpt -pb design_ZYNQ_wrapper_timing_summary_routed.pb -rpx design_ZYNQ_wrapper_timing_summary_routed.rpx -warn_on_violation
| Design       : design_ZYNQ_wrapper
| Device       : 7z020-clg400
| Speed File   : -1  PRODUCTION 1.12 2019-11-22
| Design State : Routed
---------------------------------------------------------------------------------------------------------------------------------------------------------------------------------------------------------------------------------------------------------------------

Timing Summary Report

------------------------------------------------------------------------------------------------
| Timer Settings
| --------------
------------------------------------------------------------------------------------------------

  Enable Multi Corner Analysis               :  Yes
  Enable Pessimism Removal                   :  Yes
  Pessimism Removal Resolution               :  Nearest Common Node
  Enable Input Delay Default Clock           :  No
  Enable Preset / Clear Arcs                 :  No
  Disable Flight Delays                      :  No
  Ignore I/O Paths                           :  No
  Timing Early Launch at Borrowing Latches   :  No
  Borrow Time for Max Delay Exceptions       :  Yes
  Merge Timing Exceptions                    :  Yes
  Inter-SLR Compensation                     :  Conservative

  Corner  Analyze    Analyze    
  Name    Max Paths  Min Paths  
  ------  ---------  ---------  
  Slow    Yes        Yes        
  Fast    Yes        Yes        


------------------------------------------------------------------------------------------------
| Report Methodology
| ------------------
------------------------------------------------------------------------------------------------

No report available as report_methodology has not been run prior. Run report_methodology on the current design for the summary of methodology violations.



check_timing report

Table of Contents
-----------------
1. checking no_clock (0)
2. checking constant_clock (0)
3. checking pulse_width_clock (0)
4. checking unconstrained_internal_endpoints (0)
5. checking no_input_delay (0)
6. checking no_output_delay (0)
7. checking multiple_clock (0)
8. checking generated_clocks (0)
9. checking loops (0)
10. checking partial_input_delay (0)
11. checking partial_output_delay (0)
12. checking latch_loops (0)

1. checking no_clock (0)
------------------------
 There are 0 register/latch pins with no clock.


2. checking constant_clock (0)
------------------------------
 There are 0 register/latch pins with constant_clock.


3. checking pulse_width_clock (0)
---------------------------------
 There are 0 register/latch pins which need pulse_width check


4. checking unconstrained_internal_endpoints (0)
------------------------------------------------
 There are 0 pins that are not constrained for maximum delay.

 There are 0 pins that are not constrained for maximum delay due to constant clock.


5. checking no_input_delay (0)
------------------------------
 There are 0 input ports with no input delay specified.

 There are 0 input ports with no input delay but user has a false path constraint.


6. checking no_output_delay (0)
-------------------------------
 There are 0 ports with no output delay specified.

 There are 0 ports with no output delay but user has a false path constraint

 There are 0 ports with no output delay but with a timing clock defined on it or propagating through it


7. checking multiple_clock (0)
------------------------------
 There are 0 register/latch pins with multiple clocks.


8. checking generated_clocks (0)
--------------------------------
 There are 0 generated clocks that are not connected to a clock source.


9. checking loops (0)
---------------------
 There are 0 combinational loops in the design.


10. checking partial_input_delay (0)
------------------------------------
 There are 0 input ports with partial input delay specified.


11. checking partial_output_delay (0)
-------------------------------------
 There are 0 ports with partial output delay specified.


12. checking latch_loops (0)
----------------------------
 There are 0 combinational latch loops in the design through latch input



------------------------------------------------------------------------------------------------
| Design Timing Summary
| ---------------------
------------------------------------------------------------------------------------------------

    WNS(ns)      TNS(ns)  TNS Failing Endpoints  TNS Total Endpoints      WHS(ns)      THS(ns)  THS Failing Endpoints  THS Total Endpoints     WPWS(ns)     TPWS(ns)  TPWS Failing Endpoints  TPWS Total Endpoints  
    -------      -------  ---------------------  -------------------      -------      -------  ---------------------  -------------------     --------     --------  ----------------------  --------------------  
     12.836        0.000                      0                 1806        0.106        0.000                      0                 1806        9.020        0.000                       0                   685  


All user specified timing constraints are met.


------------------------------------------------------------------------------------------------
| Clock Summary
| -------------
------------------------------------------------------------------------------------------------

Clock       Waveform(ns)       Period(ns)      Frequency(MHz)
-----       ------------       ----------      --------------
clk_fpga_0  {0.000 10.000}     20.000          50.000          


------------------------------------------------------------------------------------------------
| Intra Clock Table
| -----------------
------------------------------------------------------------------------------------------------

Clock             WNS(ns)      TNS(ns)  TNS Failing Endpoints  TNS Total Endpoints      WHS(ns)      THS(ns)  THS Failing Endpoints  THS Total Endpoints     WPWS(ns)     TPWS(ns)  TPWS Failing Endpoints  TPWS Total Endpoints  
-----             -------      -------  ---------------------  -------------------      -------      -------  ---------------------  -------------------     --------     --------  ----------------------  --------------------  
clk_fpga_0         12.836        0.000                      0                 1806        0.106        0.000                      0                 1806        9.020        0.000                       0                   685  


------------------------------------------------------------------------------------------------
| Inter Clock Table
| -----------------
------------------------------------------------------------------------------------------------

From Clock    To Clock          WNS(ns)      TNS(ns)  TNS Failing Endpoints  TNS Total Endpoints      WHS(ns)      THS(ns)  THS Failing Endpoints  THS Total Endpoints  
----------    --------          -------      -------  ---------------------  -------------------      -------      -------  ---------------------  -------------------  


------------------------------------------------------------------------------------------------
| Other Path Groups Table
| -----------------------
------------------------------------------------------------------------------------------------

Path Group    From Clock    To Clock          WNS(ns)      TNS(ns)  TNS Failing Endpoints  TNS Total Endpoints      WHS(ns)      THS(ns)  THS Failing Endpoints  THS Total Endpoints  
----------    ----------    --------          -------      -------  ---------------------  -------------------      -------      -------  ---------------------  -------------------  


------------------------------------------------------------------------------------------------
| User Ignored Path Table
| -----------------------
------------------------------------------------------------------------------------------------

Path Group    From Clock    To Clock    
----------    ----------    --------    
(none)                      clk_fpga_0    
(none)        clk_fpga_0    clk_fpga_0    


------------------------------------------------------------------------------------------------
| Unconstrained Path Table
| ------------------------
------------------------------------------------------------------------------------------------

Path Group    From Clock    To Clock    
----------    ----------    --------    


------------------------------------------------------------------------------------------------
| Timing Details
| --------------
------------------------------------------------------------------------------------------------


---------------------------------------------------------------------------------------------------
From Clock:  clk_fpga_0
  To Clock:  clk_fpga_0

Setup :            0  Failing Endpoints,  Worst Slack       12.836ns,  Total Violation        0.000ns
Hold  :            0  Failing Endpoints,  Worst Slack        0.106ns,  Total Violation        0.000ns
PW    :            0  Failing Endpoints,  Worst Slack        9.020ns,  Total Violation        0.000ns
---------------------------------------------------------------------------------------------------


Max Delay Paths
--------------------------------------------------------------------------------------
Slack (MET) :             12.836ns  (required time - arrival time)
  Source:                 design_ZYNQ_i/axi_smc/inst/sc_ul/inst/gen_axi_full_nxm.sasd_inst/gen_read.arctrl_mux/dout_i1_reg[14]/C
                            (rising edge-triggered cell FDRE clocked by clk_fpga_0  {rise@0.000ns fall@10.000ns period=20.000ns})
  Destination:            design_ZYNQ_i/axi_smc/inst/sc_ul/inst/gen_axi_full_nxm.sasd_inst/gen_read.dnsz_reads_reg[9]/D
                            (rising edge-triggered cell FDRE clocked by clk_fpga_0  {rise@0.000ns fall@10.000ns period=20.000ns})
  Path Group:             clk_fpga_0
  Path Type:              Setup (Max at Slow Process Corner)
  Requirement:            20.000ns  (clk_fpga_0 rise@20.000ns - clk_fpga_0 rise@0.000ns)
  Data Path Delay:        6.822ns  (logic 2.213ns (32.441%)  route 4.609ns (67.559%))
  Logic Levels:           5  (CARRY4=2 LUT2=1 LUT3=1 LUT6=1)
  Clock Path Skew:        -0.102ns (DCD - SCD + CPR)
    Destination Clock Delay (DCD):    2.654ns = ( 22.654 - 20.000 ) 
    Source Clock Delay      (SCD):    2.985ns
    Clock Pessimism Removal (CPR):    0.229ns
  Clock Uncertainty:      0.302ns  ((TSJ^2 + TIJ^2)^1/2 + DJ) / 2 + PE
    Total System Jitter     (TSJ):    0.071ns
    Total Input Jitter      (TIJ):    0.600ns
    Discrete Jitter          (DJ):    0.000ns
    Phase Error              (PE):    0.000ns

    Location             Delay type                Incr(ns)  Path(ns)    Netlist Resource(s)
  -------------------------------------------------------------------    -------------------
                         (clock clk_fpga_0 rise edge)
                                                      0.000     0.000 r  <hidden>
    PS7_X0Y0             PS7                          0.000     0.000 r  design_ZYNQ_i/processing_system7_0/inst/PS7_i/FCLKCLK[0]
                         net (fo=1, routed)           1.193     1.193    design_ZYNQ_i/processing_system7_0/inst/FCLK_CLK_unbuffered[0]
    BUFGCTRL_X0Y16       BUFG (Prop_bufg_I_O)         0.101     1.294 r  design_ZYNQ_i/processing_system7_0/inst/buffer_fclk_clk_0.FCLK_CLK_0_BUFG/O
                         net (fo=685, routed)         1.691     2.985    design_ZYNQ_i/axi_smc/inst/sc_ul/inst/gen_axi_full_nxm.sasd_inst/gen_read.arctrl_mux/aclk
    SLICE_X26Y87         FDRE                                         r  design_ZYNQ_i/axi_smc/inst/sc_ul/inst/gen_axi_full_nxm.sasd_inst/gen_read.arctrl_mux/dout_i1_reg[14]/C
  -------------------------------------------------------------------    -------------------
    SLICE_X26Y87         FDRE (Prop_fdre_C_Q)         0.518     3.503 r  design_ZYNQ_i/axi_smc/inst/sc_ul/inst/gen_axi_full_nxm.sasd_inst/gen_read.arctrl_mux/dout_i1_reg[14]/Q
                         net (fo=51, routed)          1.457     4.960    design_ZYNQ_i/axi_smc/inst/sc_ul/inst/gen_axi_full_nxm.sasd_inst/gen_read.r_m_dwsize_mux/gen_read.upsz_reads_reg[1][2]
    SLICE_X29Y83         LUT2 (Prop_lut2_I1_O)        0.154     5.114 r  design_ZYNQ_i/axi_smc/inst/sc_ul/inst/gen_axi_full_nxm.sasd_inst/gen_read.r_m_dwsize_mux/gen_read.upsz_reads[2]_i_2/O
                         net (fo=10, routed)          1.677     6.791    design_ZYNQ_i/axi_smc/inst/sc_ul/inst/gen_axi_full_nxm.sasd_inst/gen_read.arctrl_mux/gen_read.upsz_reads_reg[1]
    SLICE_X33Y84         LUT6 (Prop_lut6_I5_O)        0.327     7.118 f  design_ZYNQ_i/axi_smc/inst/sc_ul/inst/gen_axi_full_nxm.sasd_inst/gen_read.arctrl_mux/gen_read.dnsz_reads[10]_i_7/O
                         net (fo=2, routed)           0.979     8.097    design_ZYNQ_i/axi_smc/inst/sc_ul/inst/gen_axi_full_nxm.sasd_inst/gen_read.arctrl_mux/gen_read.dnsz_reads[10]_i_7_n_0
    SLICE_X33Y83         LUT3 (Prop_lut3_I0_O)        0.152     8.249 r  design_ZYNQ_i/axi_smc/inst/sc_ul/inst/gen_axi_full_nxm.sasd_inst/gen_read.arctrl_mux/gen_read.dnsz_reads[7]_i_5/O
                         net (fo=2, routed)           0.495     8.745    design_ZYNQ_i/axi_smc/inst/sc_ul/inst/gen_axi_full_nxm.sasd_inst/gen_read.arctrl_mux/dnsz_reads1[4]
    SLICE_X35Y84         CARRY4 (Prop_carry4_DI[0]_CO[3])
                                                      0.728     9.473 r  design_ZYNQ_i/axi_smc/inst/sc_ul/inst/gen_axi_full_nxm.sasd_inst/gen_read.arctrl_mux/gen_read.dnsz_reads_reg[7]_i_1/CO[3]
                         net (fo=1, routed)           0.000     9.473    design_ZYNQ_i/axi_smc/inst/sc_ul/inst/gen_axi_full_nxm.sasd_inst/gen_read.arctrl_mux/gen_read.dnsz_reads_reg[7]_i_1_n_0
    SLICE_X35Y85         CARRY4 (Prop_carry4_CI_O[1])
                                                      0.334     9.807 r  design_ZYNQ_i/axi_smc/inst/sc_ul/inst/gen_axi_full_nxm.sasd_inst/gen_read.arctrl_mux/gen_read.dnsz_reads_reg[10]_i_1/O[1]
                         net (fo=1, routed)           0.000     9.807    design_ZYNQ_i/axi_smc/inst/sc_ul/inst/gen_axi_full_nxm.sasd_inst/dnsz_reads0[9]
    SLICE_X35Y85         FDRE                                         r  design_ZYNQ_i/axi_smc/inst/sc_ul/inst/gen_axi_full_nxm.sasd_inst/gen_read.dnsz_reads_reg[9]/D
  -------------------------------------------------------------------    -------------------

                         (clock clk_fpga_0 rise edge)
                                                     20.000    20.000 r  <hidden>
    PS7_X0Y0             PS7                          0.000    20.000 r  design_ZYNQ_i/processing_system7_0/inst/PS7_i/FCLKCLK[0]
                         net (fo=1, routed)           1.088    21.088    design_ZYNQ_i/processing_system7_0/inst/FCLK_CLK_unbuffered[0]
    BUFGCTRL_X0Y16       BUFG (Prop_bufg_I_O)         0.091    21.179 r  design_ZYNQ_i/processing_system7_0/inst/buffer_fclk_clk_0.FCLK_CLK_0_BUFG/O
                         net (fo=685, routed)         1.475    22.654    design_ZYNQ_i/axi_smc/inst/sc_ul/inst/gen_axi_full_nxm.sasd_inst/aclk
    SLICE_X35Y85         FDRE                                         r  design_ZYNQ_i/axi_smc/inst/sc_ul/inst/gen_axi_full_nxm.sasd_inst/gen_read.dnsz_reads_reg[9]/C
                         clock pessimism              0.229    22.883    <hidden>
                         clock uncertainty           -0.302    22.581    <hidden>
    SLICE_X35Y85         FDRE (Setup_fdre_C_D)        0.062    22.643    design_ZYNQ_i/axi_smc/inst/sc_ul/inst/gen_axi_full_nxm.sasd_inst/gen_read.dnsz_reads_reg[9]
  -------------------------------------------------------------------
                         required time                         22.643    <hidden>
                         arrival time                          -9.807    <hidden>
  -------------------------------------------------------------------
                         slack                                 12.836    <hidden>

Slack (MET) :             12.856ns  (required time - arrival time)
  Source:                 design_ZYNQ_i/axi_smc/inst/sc_ul/inst/gen_axi_full_nxm.sasd_inst/gen_read.arctrl_mux/dout_i1_reg[16]/C
                            (rising edge-triggered cell FDRE clocked by clk_fpga_0  {rise@0.000ns fall@10.000ns period=20.000ns})
  Destination:            design_ZYNQ_i/axi_smc/inst/sc_ul/inst/gen_axi_full_nxm.sasd_inst/gen_read.rdata_mux/dout_i1_reg[22]/R
                            (rising edge-triggered cell FDRE clocked by clk_fpga_0  {rise@0.000ns fall@10.000ns period=20.000ns})
  Path Group:             clk_fpga_0
  Path Type:              Setup (Max at Slow Process Corner)
  Requirement:            20.000ns  (clk_fpga_0 rise@20.000ns - clk_fpga_0 rise@0.000ns)
  Data Path Delay:        6.092ns  (logic 0.925ns (15.183%)  route 5.167ns (84.817%))
  Logic Levels:           2  (LUT2=1 LUT6=1)
  Clock Path Skew:        -0.097ns (DCD - SCD + CPR)
    Destination Clock Delay (DCD):    2.659ns = ( 22.659 - 20.000 ) 
    Source Clock Delay      (SCD):    2.985ns
    Clock Pessimism Removal (CPR):    0.229ns
  Clock Uncertainty:      0.302ns  ((TSJ^2 + TIJ^2)^1/2 + DJ) / 2 + PE
    Total System Jitter     (TSJ):    0.071ns
    Total Input Jitter      (TIJ):    0.600ns
    Discrete Jitter          (DJ):    0.000ns
    Phase Error              (PE):    0.000ns

    Location             Delay type                Incr(ns)  Path(ns)    Netlist Resource(s)
  -------------------------------------------------------------------    -------------------
                         (clock clk_fpga_0 rise edge)
                                                      0.000     0.000 r  <hidden>
    PS7_X0Y0             PS7                          0.000     0.000 r  design_ZYNQ_i/processing_system7_0/inst/PS7_i/FCLKCLK[0]
                         net (fo=1, routed)           1.193     1.193    design_ZYNQ_i/processing_system7_0/inst/FCLK_CLK_unbuffered[0]
    BUFGCTRL_X0Y16       BUFG (Prop_bufg_I_O)         0.101     1.294 r  design_ZYNQ_i/processing_system7_0/inst/buffer_fclk_clk_0.FCLK_CLK_0_BUFG/O
                         net (fo=685, routed)         1.691     2.985    design_ZYNQ_i/axi_smc/inst/sc_ul/inst/gen_axi_full_nxm.sasd_inst/gen_read.arctrl_mux/aclk
    SLICE_X26Y87         FDRE                                         r  design_ZYNQ_i/axi_smc/inst/sc_ul/inst/gen_axi_full_nxm.sasd_inst/gen_read.arctrl_mux/dout_i1_reg[16]/C
  -------------------------------------------------------------------    -------------------
    SLICE_X26Y87         FDRE (Prop_fdre_C_Q)         0.478     3.463 r  design_ZYNQ_i/axi_smc/inst/sc_ul/inst/gen_axi_full_nxm.sasd_inst/gen_read.arctrl_mux/dout_i1_reg[16]/Q
                         net (fo=15, routed)          2.293     5.756    design_ZYNQ_i/axi_smc/inst/sc_ul/inst/gen_axi_full_nxm.sasd_inst/gen_read.arctrl_mux/s_arctrl[16]
    SLICE_X29Y82         LUT6 (Prop_lut6_I0_O)        0.295     6.051 f  design_ZYNQ_i/axi_smc/inst/sc_ul/inst/gen_axi_full_nxm.sasd_inst/gen_read.arctrl_mux/dout_i1[1]_i_1__1/O
                         net (fo=5, routed)           1.265     7.316    design_ZYNQ_i/axi_smc/inst/sc_ul/inst/gen_axi_full_nxm.sasd_inst/gen_read.arctrl_mux/any_read
    SLICE_X30Y88         LUT2 (Prop_lut2_I1_O)        0.152     7.468 r  design_ZYNQ_i/axi_smc/inst/sc_ul/inst/gen_axi_full_nxm.sasd_inst/gen_read.arctrl_mux/dout_i1[31]_i_1__0/O
                         net (fo=32, routed)          1.610     9.077    design_ZYNQ_i/axi_smc/inst/sc_ul/inst/gen_axi_full_nxm.sasd_inst/gen_read.rdata_mux/dout_i1_reg[0]_0
    SLICE_X35Y95         FDRE                                         r  design_ZYNQ_i/axi_smc/inst/sc_ul/inst/gen_axi_full_nxm.sasd_inst/gen_read.rdata_mux/dout_i1_reg[22]/R
  -------------------------------------------------------------------    -------------------

                         (clock clk_fpga_0 rise edge)
                                                     20.000    20.000 r  <hidden>
    PS7_X0Y0             PS7                          0.000    20.000 r  design_ZYNQ_i/processing_system7_0/inst/PS7_i/FCLKCLK[0]
                         net (fo=1, routed)           1.088    21.088    design_ZYNQ_i/processing_system7_0/inst/FCLK_CLK_unbuffered[0]
    BUFGCTRL_X0Y16       BUFG (Prop_bufg_I_O)         0.091    21.179 r  design_ZYNQ_i/processing_system7_0/inst/buffer_fclk_clk_0.FCLK_CLK_0_BUFG/O
                         net (fo=685, routed)         1.480    22.659    design_ZYNQ_i/axi_smc/inst/sc_ul/inst/gen_axi_full_nxm.sasd_inst/gen_read.rdata_mux/aclk
    SLICE_X35Y95         FDRE                                         r  design_ZYNQ_i/axi_smc/inst/sc_ul/inst/gen_axi_full_nxm.sasd_inst/gen_read.rdata_mux/dout_i1_reg[22]/C
                         clock pessimism              0.229    22.888    <hidden>
                         clock uncertainty           -0.302    22.586    <hidden>
    SLICE_X35Y95         FDRE (Setup_fdre_C_R)       -0.653    21.933    design_ZYNQ_i/axi_smc/inst/sc_ul/inst/gen_axi_full_nxm.sasd_inst/gen_read.rdata_mux/dout_i1_reg[22]
  -------------------------------------------------------------------
                         required time                         21.933    <hidden>
                         arrival time                          -9.077    <hidden>
  -------------------------------------------------------------------
                         slack                                 12.856    <hidden>

Slack (MET) :             12.931ns  (required time - arrival time)
  Source:                 design_ZYNQ_i/axi_smc/inst/sc_ul/inst/gen_axi_full_nxm.sasd_inst/gen_read.arctrl_mux/dout_i1_reg[14]/C
                            (rising edge-triggered cell FDRE clocked by clk_fpga_0  {rise@0.000ns fall@10.000ns period=20.000ns})
  Destination:            design_ZYNQ_i/axi_smc/inst/sc_ul/inst/gen_axi_full_nxm.sasd_inst/gen_read.dnsz_reads_reg[10]/D
                            (rising edge-triggered cell FDRE clocked by clk_fpga_0  {rise@0.000ns fall@10.000ns period=20.000ns})
  Path Group:             clk_fpga_0
  Path Type:              Setup (Max at Slow Process Corner)
  Requirement:            20.000ns  (clk_fpga_0 rise@20.000ns - clk_fpga_0 rise@0.000ns)
  Data Path Delay:        6.727ns  (logic 2.118ns (31.487%)  route 4.609ns (68.513%))
  Logic Levels:           5  (CARRY4=2 LUT2=1 LUT3=1 LUT6=1)
  Clock Path Skew:        -0.102ns (DCD - SCD + CPR)
    Destination Clock Delay (DCD):    2.654ns = ( 22.654 - 20.000 ) 
    Source Clock Delay      (SCD):    2.985ns
    Clock Pessimism Removal (CPR):    0.229ns
  Clock Uncertainty:      0.302ns  ((TSJ^2 + TIJ^2)^1/2 + DJ) / 2 + PE
    Total System Jitter     (TSJ):    0.071ns
    Total Input Jitter      (TIJ):    0.600ns
    Discrete Jitter          (DJ):    0.000ns
    Phase Error              (PE):    0.000ns

    Location             Delay type                Incr(ns)  Path(ns)    Netlist Resource(s)
  -------------------------------------------------------------------    -------------------
                         (clock clk_fpga_0 rise edge)
                                                      0.000     0.000 r  <hidden>
    PS7_X0Y0             PS7                          0.000     0.000 r  design_ZYNQ_i/processing_system7_0/inst/PS7_i/FCLKCLK[0]
                         net (fo=1, routed)           1.193     1.193    design_ZYNQ_i/processing_system7_0/inst/FCLK_CLK_unbuffered[0]
    BUFGCTRL_X0Y16       BUFG (Prop_bufg_I_O)         0.101     1.294 r  design_ZYNQ_i/processing_system7_0/inst/buffer_fclk_clk_0.FCLK_CLK_0_BUFG/O
                         net (fo=685, routed)         1.691     2.985    design_ZYNQ_i/axi_smc/inst/sc_ul/inst/gen_axi_full_nxm.sasd_inst/gen_read.arctrl_mux/aclk
    SLICE_X26Y87         FDRE                                         r  design_ZYNQ_i/axi_smc/inst/sc_ul/inst/gen_axi_full_nxm.sasd_inst/gen_read.arctrl_mux/dout_i1_reg[14]/C
  -------------------------------------------------------------------    -------------------
    SLICE_X26Y87         FDRE (Prop_fdre_C_Q)         0.518     3.503 r  design_ZYNQ_i/axi_smc/inst/sc_ul/inst/gen_axi_full_nxm.sasd_inst/gen_read.arctrl_mux/dout_i1_reg[14]/Q
                         net (fo=51, routed)          1.457     4.960    design_ZYNQ_i/axi_smc/inst/sc_ul/inst/gen_axi_full_nxm.sasd_inst/gen_read.r_m_dwsize_mux/gen_read.upsz_reads_reg[1][2]
    SLICE_X29Y83         LUT2 (Prop_lut2_I1_O)        0.154     5.114 r  design_ZYNQ_i/axi_smc/inst/sc_ul/inst/gen_axi_full_nxm.sasd_inst/gen_read.r_m_dwsize_mux/gen_read.upsz_reads[2]_i_2/O
                         net (fo=10, routed)          1.677     6.791    design_ZYNQ_i/axi_smc/inst/sc_ul/inst/gen_axi_full_nxm.sasd_inst/gen_read.arctrl_mux/gen_read.upsz_reads_reg[1]
    SLICE_X33Y84         LUT6 (Prop_lut6_I5_O)        0.327     7.118 f  design_ZYNQ_i/axi_smc/inst/sc_ul/inst/gen_axi_full_nxm.sasd_inst/gen_read.arctrl_mux/gen_read.dnsz_reads[10]_i_7/O
                         net (fo=2, routed)           0.979     8.097    design_ZYNQ_i/axi_smc/inst/sc_ul/inst/gen_axi_full_nxm.sasd_inst/gen_read.arctrl_mux/gen_read.dnsz_reads[10]_i_7_n_0
    SLICE_X33Y83         LUT3 (Prop_lut3_I0_O)        0.152     8.249 r  design_ZYNQ_i/axi_smc/inst/sc_ul/inst/gen_axi_full_nxm.sasd_inst/gen_read.arctrl_mux/gen_read.dnsz_reads[7]_i_5/O
                         net (fo=2, routed)           0.495     8.745    design_ZYNQ_i/axi_smc/inst/sc_ul/inst/gen_axi_full_nxm.sasd_inst/gen_read.arctrl_mux/dnsz_reads1[4]
    SLICE_X35Y84         CARRY4 (Prop_carry4_DI[0]_CO[3])
                                                      0.728     9.473 r  design_ZYNQ_i/axi_smc/inst/sc_ul/inst/gen_axi_full_nxm.sasd_inst/gen_read.arctrl_mux/gen_read.dnsz_reads_reg[7]_i_1/CO[3]
                         net (fo=1, routed)           0.000     9.473    design_ZYNQ_i/axi_smc/inst/sc_ul/inst/gen_axi_full_nxm.sasd_inst/gen_read.arctrl_mux/gen_read.dnsz_reads_reg[7]_i_1_n_0
    SLICE_X35Y85         CARRY4 (Prop_carry4_CI_O[2])
                                                      0.239     9.712 r  design_ZYNQ_i/axi_smc/inst/sc_ul/inst/gen_axi_full_nxm.sasd_inst/gen_read.arctrl_mux/gen_read.dnsz_reads_reg[10]_i_1/O[2]
                         net (fo=1, routed)           0.000     9.712    design_ZYNQ_i/axi_smc/inst/sc_ul/inst/gen_axi_full_nxm.sasd_inst/dnsz_reads0[10]
    SLICE_X35Y85         FDRE                                         r  design_ZYNQ_i/axi_smc/inst/sc_ul/inst/gen_axi_full_nxm.sasd_inst/gen_read.dnsz_reads_reg[10]/D
  -------------------------------------------------------------------    -------------------

                         (clock clk_fpga_0 rise edge)
                                                     20.000    20.000 r  <hidden>
    PS7_X0Y0             PS7                          0.000    20.000 r  design_ZYNQ_i/processing_system7_0/inst/PS7_i/FCLKCLK[0]
                         net (fo=1, routed)           1.088    21.088    design_ZYNQ_i/processing_system7_0/inst/FCLK_CLK_unbuffered[0]
    BUFGCTRL_X0Y16       BUFG (Prop_bufg_I_O)         0.091    21.179 r  design_ZYNQ_i/processing_system7_0/inst/buffer_fclk_clk_0.FCLK_CLK_0_BUFG/O
                         net (fo=685, routed)         1.475    22.654    design_ZYNQ_i/axi_smc/inst/sc_ul/inst/gen_axi_full_nxm.sasd_inst/aclk
    SLICE_X35Y85         FDRE                                         r  design_ZYNQ_i/axi_smc/inst/sc_ul/inst/gen_axi_full_nxm.sasd_inst/gen_read.dnsz_reads_reg[10]/C
                         clock pessimism              0.229    22.883    <hidden>
                         clock uncertainty           -0.302    22.581    <hidden>
    SLICE_X35Y85         FDRE (Setup_fdre_C_D)        0.062    22.643    design_ZYNQ_i/axi_smc/inst/sc_ul/inst/gen_axi_full_nxm.sasd_inst/gen_read.dnsz_reads_reg[10]
  -------------------------------------------------------------------
                         required time                         22.643    <hidden>
                         arrival time                          -9.712    <hidden>
  -------------------------------------------------------------------
                         slack                                 12.931    <hidden>

Slack (MET) :             12.947ns  (required time - arrival time)
  Source:                 design_ZYNQ_i/axi_smc/inst/sc_ul/inst/gen_axi_full_nxm.sasd_inst/gen_read.arctrl_mux/dout_i1_reg[14]/C
                            (rising edge-triggered cell FDRE clocked by clk_fpga_0  {rise@0.000ns fall@10.000ns period=20.000ns})
  Destination:            design_ZYNQ_i/axi_smc/inst/sc_ul/inst/gen_axi_full_nxm.sasd_inst/gen_read.dnsz_reads_reg[8]/D
                            (rising edge-triggered cell FDRE clocked by clk_fpga_0  {rise@0.000ns fall@10.000ns period=20.000ns})
  Path Group:             clk_fpga_0
  Path Type:              Setup (Max at Slow Process Corner)
  Requirement:            20.000ns  (clk_fpga_0 rise@20.000ns - clk_fpga_0 rise@0.000ns)
  Data Path Delay:        6.711ns  (logic 2.102ns (31.324%)  route 4.609ns (68.676%))
  Logic Levels:           5  (CARRY4=2 LUT2=1 LUT3=1 LUT6=1)
  Clock Path Skew:        -0.102ns (DCD - SCD + CPR)
    Destination Clock Delay (DCD):    2.654ns = ( 22.654 - 20.000 ) 
    Source Clock Delay      (SCD):    2.985ns
    Clock Pessimism Removal (CPR):    0.229ns
  Clock Uncertainty:      0.302ns  ((TSJ^2 + TIJ^2)^1/2 + DJ) / 2 + PE
    Total System Jitter     (TSJ):    0.071ns
    Total Input Jitter      (TIJ):    0.600ns
    Discrete Jitter          (DJ):    0.000ns
    Phase Error              (PE):    0.000ns

    Location             Delay type                Incr(ns)  Path(ns)    Netlist Resource(s)
  -------------------------------------------------------------------    -------------------
                         (clock clk_fpga_0 rise edge)
                                                      0.000     0.000 r  <hidden>
    PS7_X0Y0             PS7                          0.000     0.000 r  design_ZYNQ_i/processing_system7_0/inst/PS7_i/FCLKCLK[0]
                         net (fo=1, routed)           1.193     1.193    design_ZYNQ_i/processing_system7_0/inst/FCLK_CLK_unbuffered[0]
    BUFGCTRL_X0Y16       BUFG (Prop_bufg_I_O)         0.101     1.294 r  design_ZYNQ_i/processing_system7_0/inst/buffer_fclk_clk_0.FCLK_CLK_0_BUFG/O
                         net (fo=685, routed)         1.691     2.985    design_ZYNQ_i/axi_smc/inst/sc_ul/inst/gen_axi_full_nxm.sasd_inst/gen_read.arctrl_mux/aclk
    SLICE_X26Y87         FDRE                                         r  design_ZYNQ_i/axi_smc/inst/sc_ul/inst/gen_axi_full_nxm.sasd_inst/gen_read.arctrl_mux/dout_i1_reg[14]/C
  -------------------------------------------------------------------    -------------------
    SLICE_X26Y87         FDRE (Prop_fdre_C_Q)         0.518     3.503 r  design_ZYNQ_i/axi_smc/inst/sc_ul/inst/gen_axi_full_nxm.sasd_inst/gen_read.arctrl_mux/dout_i1_reg[14]/Q
                         net (fo=51, routed)          1.457     4.960    design_ZYNQ_i/axi_smc/inst/sc_ul/inst/gen_axi_full_nxm.sasd_inst/gen_read.r_m_dwsize_mux/gen_read.upsz_reads_reg[1][2]
    SLICE_X29Y83         LUT2 (Prop_lut2_I1_O)        0.154     5.114 r  design_ZYNQ_i/axi_smc/inst/sc_ul/inst/gen_axi_full_nxm.sasd_inst/gen_read.r_m_dwsize_mux/gen_read.upsz_reads[2]_i_2/O
                         net (fo=10, routed)          1.677     6.791    design_ZYNQ_i/axi_smc/inst/sc_ul/inst/gen_axi_full_nxm.sasd_inst/gen_read.arctrl_mux/gen_read.upsz_reads_reg[1]
    SLICE_X33Y84         LUT6 (Prop_lut6_I5_O)        0.327     7.118 f  design_ZYNQ_i/axi_smc/inst/sc_ul/inst/gen_axi_full_nxm.sasd_inst/gen_read.arctrl_mux/gen_read.dnsz_reads[10]_i_7/O
                         net (fo=2, routed)           0.979     8.097    design_ZYNQ_i/axi_smc/inst/sc_ul/inst/gen_axi_full_nxm.sasd_inst/gen_read.arctrl_mux/gen_read.dnsz_reads[10]_i_7_n_0
    SLICE_X33Y83         LUT3 (Prop_lut3_I0_O)        0.152     8.249 r  design_ZYNQ_i/axi_smc/inst/sc_ul/inst/gen_axi_full_nxm.sasd_inst/gen_read.arctrl_mux/gen_read.dnsz_reads[7]_i_5/O
                         net (fo=2, routed)           0.495     8.745    design_ZYNQ_i/axi_smc/inst/sc_ul/inst/gen_axi_full_nxm.sasd_inst/gen_read.arctrl_mux/dnsz_reads1[4]
    SLICE_X35Y84         CARRY4 (Prop_carry4_DI[0]_CO[3])
                                                      0.728     9.473 r  design_ZYNQ_i/axi_smc/inst/sc_ul/inst/gen_axi_full_nxm.sasd_inst/gen_read.arctrl_mux/gen_read.dnsz_reads_reg[7]_i_1/CO[3]
                         net (fo=1, routed)           0.000     9.473    design_ZYNQ_i/axi_smc/inst/sc_ul/inst/gen_axi_full_nxm.sasd_inst/gen_read.arctrl_mux/gen_read.dnsz_reads_reg[7]_i_1_n_0
    SLICE_X35Y85         CARRY4 (Prop_carry4_CI_O[0])
                                                      0.223     9.696 r  design_ZYNQ_i/axi_smc/inst/sc_ul/inst/gen_axi_full_nxm.sasd_inst/gen_read.arctrl_mux/gen_read.dnsz_reads_reg[10]_i_1/O[0]
                         net (fo=1, routed)           0.000     9.696    design_ZYNQ_i/axi_smc/inst/sc_ul/inst/gen_axi_full_nxm.sasd_inst/dnsz_reads0[8]
    SLICE_X35Y85         FDRE                                         r  design_ZYNQ_i/axi_smc/inst/sc_ul/inst/gen_axi_full_nxm.sasd_inst/gen_read.dnsz_reads_reg[8]/D
  -------------------------------------------------------------------    -------------------

                         (clock clk_fpga_0 rise edge)
                                                     20.000    20.000 r  <hidden>
    PS7_X0Y0             PS7                          0.000    20.000 r  design_ZYNQ_i/processing_system7_0/inst/PS7_i/FCLKCLK[0]
                         net (fo=1, routed)           1.088    21.088    design_ZYNQ_i/processing_system7_0/inst/FCLK_CLK_unbuffered[0]
    BUFGCTRL_X0Y16       BUFG (Prop_bufg_I_O)         0.091    21.179 r  design_ZYNQ_i/processing_system7_0/inst/buffer_fclk_clk_0.FCLK_CLK_0_BUFG/O
                         net (fo=685, routed)         1.475    22.654    design_ZYNQ_i/axi_smc/inst/sc_ul/inst/gen_axi_full_nxm.sasd_inst/aclk
    SLICE_X35Y85         FDRE                                         r  design_ZYNQ_i/axi_smc/inst/sc_ul/inst/gen_axi_full_nxm.sasd_inst/gen_read.dnsz_reads_reg[8]/C
                         clock pessimism              0.229    22.883    <hidden>
                         clock uncertainty           -0.302    22.581    <hidden>
    SLICE_X35Y85         FDRE (Setup_fdre_C_D)        0.062    22.643    design_ZYNQ_i/axi_smc/inst/sc_ul/inst/gen_axi_full_nxm.sasd_inst/gen_read.dnsz_reads_reg[8]
  -------------------------------------------------------------------
                         required time                         22.643    <hidden>
                         arrival time                          -9.696    <hidden>
  -------------------------------------------------------------------
                         slack                                 12.947    <hidden>

Slack (MET) :             13.041ns  (required time - arrival time)
  Source:                 design_ZYNQ_i/axi_smc/inst/sc_ul/inst/gen_axi_full_nxm.sasd_inst/gen_read.arctrl_mux/dout_i1_reg[16]/C
                            (rising edge-triggered cell FDRE clocked by clk_fpga_0  {rise@0.000ns fall@10.000ns period=20.000ns})
  Destination:            design_ZYNQ_i/axi_smc/inst/sc_ul/inst/gen_axi_full_nxm.sasd_inst/gen_read.rdata_mux/dout_i1_reg[10]/R
                            (rising edge-triggered cell FDRE clocked by clk_fpga_0  {rise@0.000ns fall@10.000ns period=20.000ns})
  Path Group:             clk_fpga_0
  Path Type:              Setup (Max at Slow Process Corner)
  Requirement:            20.000ns  (clk_fpga_0 rise@20.000ns - clk_fpga_0 rise@0.000ns)
  Data Path Delay:        5.811ns  (logic 0.925ns (15.919%)  route 4.886ns (84.081%))
  Logic Levels:           2  (LUT2=1 LUT6=1)
  Clock Path Skew:        -0.098ns (DCD - SCD + CPR)
    Destination Clock Delay (DCD):    2.658ns = ( 22.658 - 20.000 ) 
    Source Clock Delay      (SCD):    2.985ns
    Clock Pessimism Removal (CPR):    0.229ns
  Clock Uncertainty:      0.302ns  ((TSJ^2 + TIJ^2)^1/2 + DJ) / 2 + PE
    Total System Jitter     (TSJ):    0.071ns
    Total Input Jitter      (TIJ):    0.600ns
    Discrete Jitter          (DJ):    0.000ns
    Phase Error              (PE):    0.000ns

    Location             Delay type                Incr(ns)  Path(ns)    Netlist Resource(s)
  -------------------------------------------------------------------    -------------------
                         (clock clk_fpga_0 rise edge)
                                                      0.000     0.000 r  <hidden>
    PS7_X0Y0             PS7                          0.000     0.000 r  design_ZYNQ_i/processing_system7_0/inst/PS7_i/FCLKCLK[0]
                         net (fo=1, routed)           1.193     1.193    design_ZYNQ_i/processing_system7_0/inst/FCLK_CLK_unbuffered[0]
    BUFGCTRL_X0Y16       BUFG (Prop_bufg_I_O)         0.101     1.294 r  design_ZYNQ_i/processing_system7_0/inst/buffer_fclk_clk_0.FCLK_CLK_0_BUFG/O
                         net (fo=685, routed)         1.691     2.985    design_ZYNQ_i/axi_smc/inst/sc_ul/inst/gen_axi_full_nxm.sasd_inst/gen_read.arctrl_mux/aclk
    SLICE_X26Y87         FDRE                                         r  design_ZYNQ_i/axi_smc/inst/sc_ul/inst/gen_axi_full_nxm.sasd_inst/gen_read.arctrl_mux/dout_i1_reg[16]/C
  -------------------------------------------------------------------    -------------------
    SLICE_X26Y87         FDRE (Prop_fdre_C_Q)         0.478     3.463 r  design_ZYNQ_i/axi_smc/inst/sc_ul/inst/gen_axi_full_nxm.sasd_inst/gen_read.arctrl_mux/dout_i1_reg[16]/Q
                         net (fo=15, routed)          2.293     5.756    design_ZYNQ_i/axi_smc/inst/sc_ul/inst/gen_axi_full_nxm.sasd_inst/gen_read.arctrl_mux/s_arctrl[16]
    SLICE_X29Y82         LUT6 (Prop_lut6_I0_O)        0.295     6.051 f  design_ZYNQ_i/axi_smc/inst/sc_ul/inst/gen_axi_full_nxm.sasd_inst/gen_read.arctrl_mux/dout_i1[1]_i_1__1/O
                         net (fo=5, routed)           1.265     7.316    design_ZYNQ_i/axi_smc/inst/sc_ul/inst/gen_axi_full_nxm.sasd_inst/gen_read.arctrl_mux/any_read
    SLICE_X30Y88         LUT2 (Prop_lut2_I1_O)        0.152     7.468 r  design_ZYNQ_i/axi_smc/inst/sc_ul/inst/gen_axi_full_nxm.sasd_inst/gen_read.arctrl_mux/dout_i1[31]_i_1__0/O
                         net (fo=32, routed)          1.328     8.796    design_ZYNQ_i/axi_smc/inst/sc_ul/inst/gen_axi_full_nxm.sasd_inst/gen_read.rdata_mux/dout_i1_reg[0]_0
    SLICE_X34Y92         FDRE                                         r  design_ZYNQ_i/axi_smc/inst/sc_ul/inst/gen_axi_full_nxm.sasd_inst/gen_read.rdata_mux/dout_i1_reg[10]/R
  -------------------------------------------------------------------    -------------------

                         (clock clk_fpga_0 rise edge)
                                                     20.000    20.000 r  <hidden>
    PS7_X0Y0             PS7                          0.000    20.000 r  design_ZYNQ_i/processing_system7_0/inst/PS7_i/FCLKCLK[0]
                         net (fo=1, routed)           1.088    21.088    design_ZYNQ_i/processing_system7_0/inst/FCLK_CLK_unbuffered[0]
    BUFGCTRL_X0Y16       BUFG (Prop_bufg_I_O)         0.091    21.179 r  design_ZYNQ_i/processing_system7_0/inst/buffer_fclk_clk_0.FCLK_CLK_0_BUFG/O
                         net (fo=685, routed)         1.479    22.658    design_ZYNQ_i/axi_smc/inst/sc_ul/inst/gen_axi_full_nxm.sasd_inst/gen_read.rdata_mux/aclk
    SLICE_X34Y92         FDRE                                         r  design_ZYNQ_i/axi_smc/inst/sc_ul/inst/gen_axi_full_nxm.sasd_inst/gen_read.rdata_mux/dout_i1_reg[10]/C
                         clock pessimism              0.229    22.887    <hidden>
                         clock uncertainty           -0.302    22.585    <hidden>
    SLICE_X34Y92         FDRE (Setup_fdre_C_R)       -0.748    21.837    design_ZYNQ_i/axi_smc/inst/sc_ul/inst/gen_axi_full_nxm.sasd_inst/gen_read.rdata_mux/dout_i1_reg[10]
  -------------------------------------------------------------------
                         required time                         21.837    <hidden>
                         arrival time                          -8.796    <hidden>
  -------------------------------------------------------------------
                         slack                                 13.041    <hidden>

Slack (MET) :             13.080ns  (required time - arrival time)
  Source:                 design_ZYNQ_i/axi_smc/inst/sc_ul/inst/gen_axi_full_nxm.sasd_inst/gen_read.arctrl_mux/dout_i1_reg[14]/C
                            (rising edge-triggered cell FDRE clocked by clk_fpga_0  {rise@0.000ns fall@10.000ns period=20.000ns})
  Destination:            design_ZYNQ_i/axi_smc/inst/sc_ul/inst/gen_axi_full_nxm.sasd_inst/gen_read.dnsz_reads_reg[7]/D
                            (rising edge-triggered cell FDRE clocked by clk_fpga_0  {rise@0.000ns fall@10.000ns period=20.000ns})
  Path Group:             clk_fpga_0
  Path Type:              Setup (Max at Slow Process Corner)
  Requirement:            20.000ns  (clk_fpga_0 rise@20.000ns - clk_fpga_0 rise@0.000ns)
  Data Path Delay:        6.577ns  (logic 1.968ns (29.924%)  route 4.609ns (70.076%))
  Logic Levels:           4  (CARRY4=1 LUT2=1 LUT3=1 LUT6=1)
  Clock Path Skew:        -0.103ns (DCD - SCD + CPR)
    Destination Clock Delay (DCD):    2.653ns = ( 22.653 - 20.000 ) 
    Source Clock Delay      (SCD):    2.985ns
    Clock Pessimism Removal (CPR):    0.229ns
  Clock Uncertainty:      0.302ns  ((TSJ^2 + TIJ^2)^1/2 + DJ) / 2 + PE
    Total System Jitter     (TSJ):    0.071ns
    Total Input Jitter      (TIJ):    0.600ns
    Discrete Jitter          (DJ):    0.000ns
    Phase Error              (PE):    0.000ns

    Location             Delay type                Incr(ns)  Path(ns)    Netlist Resource(s)
  -------------------------------------------------------------------    -------------------
                         (clock clk_fpga_0 rise edge)
                                                      0.000     0.000 r  <hidden>
    PS7_X0Y0             PS7                          0.000     0.000 r  design_ZYNQ_i/processing_system7_0/inst/PS7_i/FCLKCLK[0]
                         net (fo=1, routed)           1.193     1.193    design_ZYNQ_i/processing_system7_0/inst/FCLK_CLK_unbuffered[0]
    BUFGCTRL_X0Y16       BUFG (Prop_bufg_I_O)         0.101     1.294 r  design_ZYNQ_i/processing_system7_0/inst/buffer_fclk_clk_0.FCLK_CLK_0_BUFG/O
                         net (fo=685, routed)         1.691     2.985    design_ZYNQ_i/axi_smc/inst/sc_ul/inst/gen_axi_full_nxm.sasd_inst/gen_read.arctrl_mux/aclk
    SLICE_X26Y87         FDRE                                         r  design_ZYNQ_i/axi_smc/inst/sc_ul/inst/gen_axi_full_nxm.sasd_inst/gen_read.arctrl_mux/dout_i1_reg[14]/C
  -------------------------------------------------------------------    -------------------
    SLICE_X26Y87         FDRE (Prop_fdre_C_Q)         0.518     3.503 r  design_ZYNQ_i/axi_smc/inst/sc_ul/inst/gen_axi_full_nxm.sasd_inst/gen_read.arctrl_mux/dout_i1_reg[14]/Q
                         net (fo=51, routed)          1.457     4.960    design_ZYNQ_i/axi_smc/inst/sc_ul/inst/gen_axi_full_nxm.sasd_inst/gen_read.r_m_dwsize_mux/gen_read.upsz_reads_reg[1][2]
    SLICE_X29Y83         LUT2 (Prop_lut2_I1_O)        0.154     5.114 r  design_ZYNQ_i/axi_smc/inst/sc_ul/inst/gen_axi_full_nxm.sasd_inst/gen_read.r_m_dwsize_mux/gen_read.upsz_reads[2]_i_2/O
                         net (fo=10, routed)          1.677     6.791    design_ZYNQ_i/axi_smc/inst/sc_ul/inst/gen_axi_full_nxm.sasd_inst/gen_read.arctrl_mux/gen_read.upsz_reads_reg[1]
    SLICE_X33Y84         LUT6 (Prop_lut6_I5_O)        0.327     7.118 f  design_ZYNQ_i/axi_smc/inst/sc_ul/inst/gen_axi_full_nxm.sasd_inst/gen_read.arctrl_mux/gen_read.dnsz_reads[10]_i_7/O
                         net (fo=2, routed)           0.979     8.097    design_ZYNQ_i/axi_smc/inst/sc_ul/inst/gen_axi_full_nxm.sasd_inst/gen_read.arctrl_mux/gen_read.dnsz_reads[10]_i_7_n_0
    SLICE_X33Y83         LUT3 (Prop_lut3_I0_O)        0.152     8.249 r  design_ZYNQ_i/axi_smc/inst/sc_ul/inst/gen_axi_full_nxm.sasd_inst/gen_read.arctrl_mux/gen_read.dnsz_reads[7]_i_5/O
                         net (fo=2, routed)           0.495     8.745    design_ZYNQ_i/axi_smc/inst/sc_ul/inst/gen_axi_full_nxm.sasd_inst/gen_read.arctrl_mux/dnsz_reads1[4]
    SLICE_X35Y84         CARRY4 (Prop_carry4_DI[0]_O[3])
                                                      0.817     9.562 r  design_ZYNQ_i/axi_smc/inst/sc_ul/inst/gen_axi_full_nxm.sasd_inst/gen_read.arctrl_mux/gen_read.dnsz_reads_reg[7]_i_1/O[3]
                         net (fo=1, routed)           0.000     9.562    design_ZYNQ_i/axi_smc/inst/sc_ul/inst/gen_axi_full_nxm.sasd_inst/dnsz_reads0[7]
    SLICE_X35Y84         FDRE                                         r  design_ZYNQ_i/axi_smc/inst/sc_ul/inst/gen_axi_full_nxm.sasd_inst/gen_read.dnsz_reads_reg[7]/D
  -------------------------------------------------------------------    -------------------

                         (clock clk_fpga_0 rise edge)
                                                     20.000    20.000 r  <hidden>
    PS7_X0Y0             PS7                          0.000    20.000 r  design_ZYNQ_i/processing_system7_0/inst/PS7_i/FCLKCLK[0]
                         net (fo=1, routed)           1.088    21.088    design_ZYNQ_i/processing_system7_0/inst/FCLK_CLK_unbuffered[0]
    BUFGCTRL_X0Y16       BUFG (Prop_bufg_I_O)         0.091    21.179 r  design_ZYNQ_i/processing_system7_0/inst/buffer_fclk_clk_0.FCLK_CLK_0_BUFG/O
                         net (fo=685, routed)         1.474    22.653    design_ZYNQ_i/axi_smc/inst/sc_ul/inst/gen_axi_full_nxm.sasd_inst/aclk
    SLICE_X35Y84         FDRE                                         r  design_ZYNQ_i/axi_smc/inst/sc_ul/inst/gen_axi_full_nxm.sasd_inst/gen_read.dnsz_reads_reg[7]/C
                         clock pessimism              0.229    22.882    <hidden>
                         clock uncertainty           -0.302    22.580    <hidden>
    SLICE_X35Y84         FDRE (Setup_fdre_C_D)        0.062    22.642    design_ZYNQ_i/axi_smc/inst/sc_ul/inst/gen_axi_full_nxm.sasd_inst/gen_read.dnsz_reads_reg[7]
  -------------------------------------------------------------------
                         required time                         22.642    <hidden>
                         arrival time                          -9.562    <hidden>
  -------------------------------------------------------------------
                         slack                                 13.080    <hidden>

Slack (MET) :             13.139ns  (required time - arrival time)
  Source:                 design_ZYNQ_i/axi_smc/inst/sc_ul/inst/gen_axi_full_nxm.sasd_inst/gen_read.arctrl_mux/dout_i1_reg[14]/C
                            (rising edge-triggered cell FDRE clocked by clk_fpga_0  {rise@0.000ns fall@10.000ns period=20.000ns})
  Destination:            design_ZYNQ_i/axi_smc/inst/sc_ul/inst/gen_axi_full_nxm.sasd_inst/gen_read.dnsz_reads_reg[6]/D
                            (rising edge-triggered cell FDRE clocked by clk_fpga_0  {rise@0.000ns fall@10.000ns period=20.000ns})
  Path Group:             clk_fpga_0
  Path Type:              Setup (Max at Slow Process Corner)
  Requirement:            20.000ns  (clk_fpga_0 rise@20.000ns - clk_fpga_0 rise@0.000ns)
  Data Path Delay:        6.518ns  (logic 1.909ns (29.290%)  route 4.609ns (70.710%))
  Logic Levels:           4  (CARRY4=1 LUT2=1 LUT3=1 LUT6=1)
  Clock Path Skew:        -0.103ns (DCD - SCD + CPR)
    Destination Clock Delay (DCD):    2.653ns = ( 22.653 - 20.000 ) 
    Source Clock Delay      (SCD):    2.985ns
    Clock Pessimism Removal (CPR):    0.229ns
  Clock Uncertainty:      0.302ns  ((TSJ^2 + TIJ^2)^1/2 + DJ) / 2 + PE
    Total System Jitter     (TSJ):    0.071ns
    Total Input Jitter      (TIJ):    0.600ns
    Discrete Jitter          (DJ):    0.000ns
    Phase Error              (PE):    0.000ns

    Location             Delay type                Incr(ns)  Path(ns)    Netlist Resource(s)
  -------------------------------------------------------------------    -------------------
                         (clock clk_fpga_0 rise edge)
                                                      0.000     0.000 r  <hidden>
    PS7_X0Y0             PS7                          0.000     0.000 r  design_ZYNQ_i/processing_system7_0/inst/PS7_i/FCLKCLK[0]
                         net (fo=1, routed)           1.193     1.193    design_ZYNQ_i/processing_system7_0/inst/FCLK_CLK_unbuffered[0]
    BUFGCTRL_X0Y16       BUFG (Prop_bufg_I_O)         0.101     1.294 r  design_ZYNQ_i/processing_system7_0/inst/buffer_fclk_clk_0.FCLK_CLK_0_BUFG/O
                         net (fo=685, routed)         1.691     2.985    design_ZYNQ_i/axi_smc/inst/sc_ul/inst/gen_axi_full_nxm.sasd_inst/gen_read.arctrl_mux/aclk
    SLICE_X26Y87         FDRE                                         r  design_ZYNQ_i/axi_smc/inst/sc_ul/inst/gen_axi_full_nxm.sasd_inst/gen_read.arctrl_mux/dout_i1_reg[14]/C
  -------------------------------------------------------------------    -------------------
    SLICE_X26Y87         FDRE (Prop_fdre_C_Q)         0.518     3.503 r  design_ZYNQ_i/axi_smc/inst/sc_ul/inst/gen_axi_full_nxm.sasd_inst/gen_read.arctrl_mux/dout_i1_reg[14]/Q
                         net (fo=51, routed)          1.457     4.960    design_ZYNQ_i/axi_smc/inst/sc_ul/inst/gen_axi_full_nxm.sasd_inst/gen_read.r_m_dwsize_mux/gen_read.upsz_reads_reg[1][2]
    SLICE_X29Y83         LUT2 (Prop_lut2_I1_O)        0.154     5.114 r  design_ZYNQ_i/axi_smc/inst/sc_ul/inst/gen_axi_full_nxm.sasd_inst/gen_read.r_m_dwsize_mux/gen_read.upsz_reads[2]_i_2/O
                         net (fo=10, routed)          1.677     6.791    design_ZYNQ_i/axi_smc/inst/sc_ul/inst/gen_axi_full_nxm.sasd_inst/gen_read.arctrl_mux/gen_read.upsz_reads_reg[1]
    SLICE_X33Y84         LUT6 (Prop_lut6_I5_O)        0.327     7.118 f  design_ZYNQ_i/axi_smc/inst/sc_ul/inst/gen_axi_full_nxm.sasd_inst/gen_read.arctrl_mux/gen_read.dnsz_reads[10]_i_7/O
                         net (fo=2, routed)           0.979     8.097    design_ZYNQ_i/axi_smc/inst/sc_ul/inst/gen_axi_full_nxm.sasd_inst/gen_read.arctrl_mux/gen_read.dnsz_reads[10]_i_7_n_0
    SLICE_X33Y83         LUT3 (Prop_lut3_I0_O)        0.152     8.249 r  design_ZYNQ_i/axi_smc/inst/sc_ul/inst/gen_axi_full_nxm.sasd_inst/gen_read.arctrl_mux/gen_read.dnsz_reads[7]_i_5/O
                         net (fo=2, routed)           0.495     8.745    design_ZYNQ_i/axi_smc/inst/sc_ul/inst/gen_axi_full_nxm.sasd_inst/gen_read.arctrl_mux/dnsz_reads1[4]
    SLICE_X35Y84         CARRY4 (Prop_carry4_DI[0]_O[2])
                                                      0.758     9.503 r  design_ZYNQ_i/axi_smc/inst/sc_ul/inst/gen_axi_full_nxm.sasd_inst/gen_read.arctrl_mux/gen_read.dnsz_reads_reg[7]_i_1/O[2]
                         net (fo=1, routed)           0.000     9.503    design_ZYNQ_i/axi_smc/inst/sc_ul/inst/gen_axi_full_nxm.sasd_inst/dnsz_reads0[6]
    SLICE_X35Y84         FDRE                                         r  design_ZYNQ_i/axi_smc/inst/sc_ul/inst/gen_axi_full_nxm.sasd_inst/gen_read.dnsz_reads_reg[6]/D
  -------------------------------------------------------------------    -------------------

                         (clock clk_fpga_0 rise edge)
                                                     20.000    20.000 r  <hidden>
    PS7_X0Y0             PS7                          0.000    20.000 r  design_ZYNQ_i/processing_system7_0/inst/PS7_i/FCLKCLK[0]
                         net (fo=1, routed)           1.088    21.088    design_ZYNQ_i/processing_system7_0/inst/FCLK_CLK_unbuffered[0]
    BUFGCTRL_X0Y16       BUFG (Prop_bufg_I_O)         0.091    21.179 r  design_ZYNQ_i/processing_system7_0/inst/buffer_fclk_clk_0.FCLK_CLK_0_BUFG/O
                         net (fo=685, routed)         1.474    22.653    design_ZYNQ_i/axi_smc/inst/sc_ul/inst/gen_axi_full_nxm.sasd_inst/aclk
    SLICE_X35Y84         FDRE                                         r  design_ZYNQ_i/axi_smc/inst/sc_ul/inst/gen_axi_full_nxm.sasd_inst/gen_read.dnsz_reads_reg[6]/C
                         clock pessimism              0.229    22.882    <hidden>
                         clock uncertainty           -0.302    22.580    <hidden>
    SLICE_X35Y84         FDRE (Setup_fdre_C_D)        0.062    22.642    design_ZYNQ_i/axi_smc/inst/sc_ul/inst/gen_axi_full_nxm.sasd_inst/gen_read.dnsz_reads_reg[6]
  -------------------------------------------------------------------
                         required time                         22.642    <hidden>
                         arrival time                          -9.503    <hidden>
  -------------------------------------------------------------------
                         slack                                 13.139    <hidden>

Slack (MET) :             13.227ns  (required time - arrival time)
  Source:                 design_ZYNQ_i/axi_smc/inst/sc_ul/inst/gen_axi_full_nxm.sasd_inst/gen_read.arctrl_mux/dout_i1_reg[13]/C
                            (rising edge-triggered cell FDRE clocked by clk_fpga_0  {rise@0.000ns fall@10.000ns period=20.000ns})
  Destination:            design_ZYNQ_i/axi_smc/inst/sc_ul/inst/gen_axi_full_nxm.sasd_inst/gen_read.upsz_reads_reg[4]/D
                            (rising edge-triggered cell FDRE clocked by clk_fpga_0  {rise@0.000ns fall@10.000ns period=20.000ns})
  Path Group:             clk_fpga_0
  Path Type:              Setup (Max at Slow Process Corner)
  Requirement:            20.000ns  (clk_fpga_0 rise@20.000ns - clk_fpga_0 rise@0.000ns)
  Data Path Delay:        6.112ns  (logic 1.860ns (30.434%)  route 4.252ns (69.566%))
  Logic Levels:           5  (CARRY4=2 LUT3=1 LUT4=1 LUT6=1)
  Clock Path Skew:        -0.110ns (DCD - SCD + CPR)
    Destination Clock Delay (DCD):    2.652ns = ( 22.652 - 20.000 ) 
    Source Clock Delay      (SCD):    2.991ns
    Clock Pessimism Removal (CPR):    0.229ns
  Clock Uncertainty:      0.302ns  ((TSJ^2 + TIJ^2)^1/2 + DJ) / 2 + PE
    Total System Jitter     (TSJ):    0.071ns
    Total Input Jitter      (TIJ):    0.600ns
    Discrete Jitter          (DJ):    0.000ns
    Phase Error              (PE):    0.000ns

    Location             Delay type                Incr(ns)  Path(ns)    Netlist Resource(s)
  -------------------------------------------------------------------    -------------------
                         (clock clk_fpga_0 rise edge)
                                                      0.000     0.000 r  <hidden>
    PS7_X0Y0             PS7                          0.000     0.000 r  design_ZYNQ_i/processing_system7_0/inst/PS7_i/FCLKCLK[0]
                         net (fo=1, routed)           1.193     1.193    design_ZYNQ_i/processing_system7_0/inst/FCLK_CLK_unbuffered[0]
    BUFGCTRL_X0Y16       BUFG (Prop_bufg_I_O)         0.101     1.294 r  design_ZYNQ_i/processing_system7_0/inst/buffer_fclk_clk_0.FCLK_CLK_0_BUFG/O
                         net (fo=685, routed)         1.697     2.991    design_ZYNQ_i/axi_smc/inst/sc_ul/inst/gen_axi_full_nxm.sasd_inst/gen_read.arctrl_mux/aclk
    SLICE_X28Y89         FDRE                                         r  design_ZYNQ_i/axi_smc/inst/sc_ul/inst/gen_axi_full_nxm.sasd_inst/gen_read.arctrl_mux/dout_i1_reg[13]/C
  -------------------------------------------------------------------    -------------------
    SLICE_X28Y89         FDRE (Prop_fdre_C_Q)         0.456     3.447 r  design_ZYNQ_i/axi_smc/inst/sc_ul/inst/gen_axi_full_nxm.sasd_inst/gen_read.arctrl_mux/dout_i1_reg[13]/Q
                         net (fo=48, routed)          2.147     5.594    design_ZYNQ_i/axi_smc/inst/sc_ul/inst/gen_axi_full_nxm.sasd_inst/gen_read.arctrl_mux/dout_i1_reg[15]_0[2]
    SLICE_X32Y81         LUT3 (Prop_lut3_I2_O)        0.124     5.718 r  design_ZYNQ_i/axi_smc/inst/sc_ul/inst/gen_axi_full_nxm.sasd_inst/gen_read.arctrl_mux/gen_read.r_repeat[1]_i_2/O
                         net (fo=4, routed)           0.540     6.258    design_ZYNQ_i/axi_smc/inst/sc_ul/inst/gen_axi_full_nxm.sasd_inst/gen_read.arctrl_mux/gen_read.r_repeat[1]_i_2_n_0
    SLICE_X30Y81         LUT6 (Prop_lut6_I4_O)        0.124     6.382 r  design_ZYNQ_i/axi_smc/inst/sc_ul/inst/gen_axi_full_nxm.sasd_inst/gen_read.arctrl_mux/gen_read.upsz_reads[3]_i_4/O
                         net (fo=1, routed)           0.000     6.382    design_ZYNQ_i/axi_smc/inst/sc_ul/inst/gen_axi_full_nxm.sasd_inst/gen_read.arctrl_mux/gen_read.upsz_reads[3]_i_4_n_0
    SLICE_X30Y81         CARRY4 (Prop_carry4_S[0]_CO[3])
                                                      0.513     6.895 r  design_ZYNQ_i/axi_smc/inst/sc_ul/inst/gen_axi_full_nxm.sasd_inst/gen_read.arctrl_mux/gen_read.upsz_reads_reg[3]_i_2/CO[3]
                         net (fo=1, routed)           0.000     6.895    design_ZYNQ_i/axi_smc/inst/sc_ul/inst/gen_axi_full_nxm.sasd_inst/gen_read.arctrl_mux/gen_read.upsz_reads_reg[3]_i_2_n_0
    SLICE_X30Y82         CARRY4 (Prop_carry4_CI_CO[0])
                                                      0.254     7.149 r  design_ZYNQ_i/axi_smc/inst/sc_ul/inst/gen_axi_full_nxm.sasd_inst/gen_read.arctrl_mux/gen_read.upsz_reads_reg[4]_i_2/CO[0]
                         net (fo=5, routed)           1.072     8.221    design_ZYNQ_i/axi_smc/inst/sc_ul/inst/gen_axi_full_nxm.sasd_inst/gen_read.arctrl_mux/upsz_reads1[4]
    SLICE_X32Y81         LUT4 (Prop_lut4_I2_O)        0.389     8.610 r  design_ZYNQ_i/axi_smc/inst/sc_ul/inst/gen_axi_full_nxm.sasd_inst/gen_read.arctrl_mux/gen_read.upsz_reads[4]_i_1/O
                         net (fo=1, routed)           0.493     9.103    design_ZYNQ_i/axi_smc/inst/sc_ul/inst/gen_axi_full_nxm.sasd_inst/gen_read.arctrl_mux_n_38
    SLICE_X34Y83         FDRE                                         r  design_ZYNQ_i/axi_smc/inst/sc_ul/inst/gen_axi_full_nxm.sasd_inst/gen_read.upsz_reads_reg[4]/D
  -------------------------------------------------------------------    -------------------

                         (clock clk_fpga_0 rise edge)
                                                     20.000    20.000 r  <hidden>
    PS7_X0Y0             PS7                          0.000    20.000 r  design_ZYNQ_i/processing_system7_0/inst/PS7_i/FCLKCLK[0]
                         net (fo=1, routed)           1.088    21.088    design_ZYNQ_i/processing_system7_0/inst/FCLK_CLK_unbuffered[0]
    BUFGCTRL_X0Y16       BUFG (Prop_bufg_I_O)         0.091    21.179 r  design_ZYNQ_i/processing_system7_0/inst/buffer_fclk_clk_0.FCLK_CLK_0_BUFG/O
                         net (fo=685, routed)         1.473    22.652    design_ZYNQ_i/axi_smc/inst/sc_ul/inst/gen_axi_full_nxm.sasd_inst/aclk
    SLICE_X34Y83         FDRE                                         r  design_ZYNQ_i/axi_smc/inst/sc_ul/inst/gen_axi_full_nxm.sasd_inst/gen_read.upsz_reads_reg[4]/C
                         clock pessimism              0.229    22.881    <hidden>
                         clock uncertainty           -0.302    22.579    <hidden>
    SLICE_X34Y83         FDRE (Setup_fdre_C_D)       -0.249    22.330    design_ZYNQ_i/axi_smc/inst/sc_ul/inst/gen_axi_full_nxm.sasd_inst/gen_read.upsz_reads_reg[4]
  -------------------------------------------------------------------
                         required time                         22.330    <hidden>
                         arrival time                          -9.103    <hidden>
  -------------------------------------------------------------------
                         slack                                 13.227    <hidden>

Slack (MET) :             13.288ns  (required time - arrival time)
  Source:                 design_ZYNQ_i/axi_smc/inst/sc_ul/inst/gen_axi_full_nxm.sasd_inst/gen_read.arctrl_mux/dout_i1_reg[14]/C
                            (rising edge-triggered cell FDRE clocked by clk_fpga_0  {rise@0.000ns fall@10.000ns period=20.000ns})
  Destination:            design_ZYNQ_i/axi_smc/inst/sc_ul/inst/gen_axi_full_nxm.sasd_inst/gen_read.dnsz_reads_reg[5]/D
                            (rising edge-triggered cell FDRE clocked by clk_fpga_0  {rise@0.000ns fall@10.000ns period=20.000ns})
  Path Group:             clk_fpga_0
  Path Type:              Setup (Max at Slow Process Corner)
  Requirement:            20.000ns  (clk_fpga_0 rise@20.000ns - clk_fpga_0 rise@0.000ns)
  Data Path Delay:        6.369ns  (logic 1.760ns (27.636%)  route 4.609ns (72.364%))
  Logic Levels:           4  (CARRY4=1 LUT2=1 LUT3=1 LUT6=1)
  Clock Path Skew:        -0.103ns (DCD - SCD + CPR)
    Destination Clock Delay (DCD):    2.653ns = ( 22.653 - 20.000 ) 
    Source Clock Delay      (SCD):    2.985ns
    Clock Pessimism Removal (CPR):    0.229ns
  Clock Uncertainty:      0.302ns  ((TSJ^2 + TIJ^2)^1/2 + DJ) / 2 + PE
    Total System Jitter     (TSJ):    0.071ns
    Total Input Jitter      (TIJ):    0.600ns
    Discrete Jitter          (DJ):    0.000ns
    Phase Error              (PE):    0.000ns

    Location             Delay type                Incr(ns)  Path(ns)    Netlist Resource(s)
  -------------------------------------------------------------------    -------------------
                         (clock clk_fpga_0 rise edge)
                                                      0.000     0.000 r  <hidden>
    PS7_X0Y0             PS7                          0.000     0.000 r  design_ZYNQ_i/processing_system7_0/inst/PS7_i/FCLKCLK[0]
                         net (fo=1, routed)           1.193     1.193    design_ZYNQ_i/processing_system7_0/inst/FCLK_CLK_unbuffered[0]
    BUFGCTRL_X0Y16       BUFG (Prop_bufg_I_O)         0.101     1.294 r  design_ZYNQ_i/processing_system7_0/inst/buffer_fclk_clk_0.FCLK_CLK_0_BUFG/O
                         net (fo=685, routed)         1.691     2.985    design_ZYNQ_i/axi_smc/inst/sc_ul/inst/gen_axi_full_nxm.sasd_inst/gen_read.arctrl_mux/aclk
    SLICE_X26Y87         FDRE                                         r  design_ZYNQ_i/axi_smc/inst/sc_ul/inst/gen_axi_full_nxm.sasd_inst/gen_read.arctrl_mux/dout_i1_reg[14]/C
  -------------------------------------------------------------------    -------------------
    SLICE_X26Y87         FDRE (Prop_fdre_C_Q)         0.518     3.503 r  design_ZYNQ_i/axi_smc/inst/sc_ul/inst/gen_axi_full_nxm.sasd_inst/gen_read.arctrl_mux/dout_i1_reg[14]/Q
                         net (fo=51, routed)          1.457     4.960    design_ZYNQ_i/axi_smc/inst/sc_ul/inst/gen_axi_full_nxm.sasd_inst/gen_read.r_m_dwsize_mux/gen_read.upsz_reads_reg[1][2]
    SLICE_X29Y83         LUT2 (Prop_lut2_I1_O)        0.154     5.114 r  design_ZYNQ_i/axi_smc/inst/sc_ul/inst/gen_axi_full_nxm.sasd_inst/gen_read.r_m_dwsize_mux/gen_read.upsz_reads[2]_i_2/O
                         net (fo=10, routed)          1.677     6.791    design_ZYNQ_i/axi_smc/inst/sc_ul/inst/gen_axi_full_nxm.sasd_inst/gen_read.arctrl_mux/gen_read.upsz_reads_reg[1]
    SLICE_X33Y84         LUT6 (Prop_lut6_I5_O)        0.327     7.118 f  design_ZYNQ_i/axi_smc/inst/sc_ul/inst/gen_axi_full_nxm.sasd_inst/gen_read.arctrl_mux/gen_read.dnsz_reads[10]_i_7/O
                         net (fo=2, routed)           0.979     8.097    design_ZYNQ_i/axi_smc/inst/sc_ul/inst/gen_axi_full_nxm.sasd_inst/gen_read.arctrl_mux/gen_read.dnsz_reads[10]_i_7_n_0
    SLICE_X33Y83         LUT3 (Prop_lut3_I0_O)        0.152     8.249 r  design_ZYNQ_i/axi_smc/inst/sc_ul/inst/gen_axi_full_nxm.sasd_inst/gen_read.arctrl_mux/gen_read.dnsz_reads[7]_i_5/O
                         net (fo=2, routed)           0.495     8.745    design_ZYNQ_i/axi_smc/inst/sc_ul/inst/gen_axi_full_nxm.sasd_inst/gen_read.arctrl_mux/dnsz_reads1[4]
    SLICE_X35Y84         CARRY4 (Prop_carry4_DI[0]_O[1])
                                                      0.609     9.354 r  design_ZYNQ_i/axi_smc/inst/sc_ul/inst/gen_axi_full_nxm.sasd_inst/gen_read.arctrl_mux/gen_read.dnsz_reads_reg[7]_i_1/O[1]
                         net (fo=1, routed)           0.000     9.354    design_ZYNQ_i/axi_smc/inst/sc_ul/inst/gen_axi_full_nxm.sasd_inst/dnsz_reads0[5]
    SLICE_X35Y84         FDRE                                         r  design_ZYNQ_i/axi_smc/inst/sc_ul/inst/gen_axi_full_nxm.sasd_inst/gen_read.dnsz_reads_reg[5]/D
  -------------------------------------------------------------------    -------------------

                         (clock clk_fpga_0 rise edge)
                                                     20.000    20.000 r  <hidden>
    PS7_X0Y0             PS7                          0.000    20.000 r  design_ZYNQ_i/processing_system7_0/inst/PS7_i/FCLKCLK[0]
                         net (fo=1, routed)           1.088    21.088    design_ZYNQ_i/processing_system7_0/inst/FCLK_CLK_unbuffered[0]
    BUFGCTRL_X0Y16       BUFG (Prop_bufg_I_O)         0.091    21.179 r  design_ZYNQ_i/processing_system7_0/inst/buffer_fclk_clk_0.FCLK_CLK_0_BUFG/O
                         net (fo=685, routed)         1.474    22.653    design_ZYNQ_i/axi_smc/inst/sc_ul/inst/gen_axi_full_nxm.sasd_inst/aclk
    SLICE_X35Y84         FDRE                                         r  design_ZYNQ_i/axi_smc/inst/sc_ul/inst/gen_axi_full_nxm.sasd_inst/gen_read.dnsz_reads_reg[5]/C
                         clock pessimism              0.229    22.882    <hidden>
                         clock uncertainty           -0.302    22.580    <hidden>
    SLICE_X35Y84         FDRE (Setup_fdre_C_D)        0.062    22.642    design_ZYNQ_i/axi_smc/inst/sc_ul/inst/gen_axi_full_nxm.sasd_inst/gen_read.dnsz_reads_reg[5]
  -------------------------------------------------------------------
                         required time                         22.642    <hidden>
                         arrival time                          -9.354    <hidden>
  -------------------------------------------------------------------
                         slack                                 13.288    <hidden>

Slack (MET) :             13.345ns  (required time - arrival time)
  Source:                 design_ZYNQ_i/axi_smc/inst/sc_ul/inst/gen_axi_full_nxm.sasd_inst/gen_write.aw_addr_reg[0]/C
                            (rising edge-triggered cell FDRE clocked by clk_fpga_0  {rise@0.000ns fall@10.000ns period=20.000ns})
  Destination:            design_ZYNQ_i/axi_smc/inst/sc_ul/inst/gen_axi_full_nxm.sasd_inst/gen_write.aw_addr_reg[7]/D
                            (rising edge-triggered cell FDRE clocked by clk_fpga_0  {rise@0.000ns fall@10.000ns period=20.000ns})
  Path Group:             clk_fpga_0
  Path Type:              Setup (Max at Slow Process Corner)
  Requirement:            20.000ns  (clk_fpga_0 rise@20.000ns - clk_fpga_0 rise@0.000ns)
  Data Path Delay:        6.328ns  (logic 2.531ns (39.999%)  route 3.797ns (60.001%))
  Logic Levels:           8  (CARRY4=4 LUT3=1 LUT4=2 LUT6=1)
  Clock Path Skew:        -0.056ns (DCD - SCD + CPR)
    Destination Clock Delay (DCD):    2.704ns = ( 22.704 - 20.000 ) 
    Source Clock Delay      (SCD):    2.989ns
    Clock Pessimism Removal (CPR):    0.229ns
  Clock Uncertainty:      0.302ns  ((TSJ^2 + TIJ^2)^1/2 + DJ) / 2 + PE
    Total System Jitter     (TSJ):    0.071ns
    Total Input Jitter      (TIJ):    0.600ns
    Discrete Jitter          (DJ):    0.000ns
    Phase Error              (PE):    0.000ns

    Location             Delay type                Incr(ns)  Path(ns)    Netlist Resource(s)
  -------------------------------------------------------------------    -------------------
                         (clock clk_fpga_0 rise edge)
                                                      0.000     0.000 r  <hidden>
    PS7_X0Y0             PS7                          0.000     0.000 r  design_ZYNQ_i/processing_system7_0/inst/PS7_i/FCLKCLK[0]
                         net (fo=1, routed)           1.193     1.193    design_ZYNQ_i/processing_system7_0/inst/FCLK_CLK_unbuffered[0]
    BUFGCTRL_X0Y16       BUFG (Prop_bufg_I_O)         0.101     1.294 r  design_ZYNQ_i/processing_system7_0/inst/buffer_fclk_clk_0.FCLK_CLK_0_BUFG/O
                         net (fo=685, routed)         1.695     2.989    design_ZYNQ_i/axi_smc/inst/sc_ul/inst/gen_axi_full_nxm.sasd_inst/aclk
    SLICE_X26Y96         FDRE                                         r  design_ZYNQ_i/axi_smc/inst/sc_ul/inst/gen_axi_full_nxm.sasd_inst/gen_write.aw_addr_reg[0]/C
  -------------------------------------------------------------------    -------------------
    SLICE_X26Y96         FDRE (Prop_fdre_C_Q)         0.518     3.507 r  design_ZYNQ_i/axi_smc/inst/sc_ul/inst/gen_axi_full_nxm.sasd_inst/gen_write.aw_addr_reg[0]/Q
                         net (fo=3, routed)           1.102     4.609    design_ZYNQ_i/axi_smc/inst/sc_ul/inst/gen_axi_full_nxm.sasd_inst/m_axi_awaddr_vec[0]
    SLICE_X28Y93         LUT4 (Prop_lut4_I1_O)        0.124     4.733 r  design_ZYNQ_i/axi_smc/inst/sc_ul/inst/gen_axi_full_nxm.sasd_inst/gen_write.aw_addr[3]_i_6/O
                         net (fo=1, routed)           0.000     4.733    design_ZYNQ_i/axi_smc/inst/sc_ul/inst/gen_axi_full_nxm.sasd_inst/gen_write.aw_addr[3]_i_6_n_0
    SLICE_X28Y93         CARRY4 (Prop_carry4_S[0]_CO[3])
                                                      0.532     5.265 r  design_ZYNQ_i/axi_smc/inst/sc_ul/inst/gen_axi_full_nxm.sasd_inst/gen_write.aw_addr_reg[3]_i_3/CO[3]
                         net (fo=1, routed)           0.000     5.265    design_ZYNQ_i/axi_smc/inst/sc_ul/inst/gen_axi_full_nxm.sasd_inst/gen_write.aw_addr_reg[3]_i_3_n_0
    SLICE_X28Y94         CARRY4 (Prop_carry4_CI_CO[3])
                                                      0.114     5.379 r  design_ZYNQ_i/axi_smc/inst/sc_ul/inst/gen_axi_full_nxm.sasd_inst/gen_write.aw_addr_reg[4]_i_7/CO[3]
                         net (fo=1, routed)           0.000     5.379    design_ZYNQ_i/axi_smc/inst/sc_ul/inst/gen_axi_full_nxm.sasd_inst/gen_write.aw_addr_reg[4]_i_7_n_0
    SLICE_X28Y95         CARRY4 (Prop_carry4_CI_O[3])
                                                      0.313     5.692 r  design_ZYNQ_i/axi_smc/inst/sc_ul/inst/gen_axi_full_nxm.sasd_inst/gen_write.aw_addr_reg[11]_i_2/O[3]
                         net (fo=2, routed)           1.131     6.823    design_ZYNQ_i/axi_smc/inst/sc_ul/inst/gen_axi_full_nxm.sasd_inst/next_awaddr_i[11]
    SLICE_X26Y93         LUT6 (Prop_lut6_I0_O)        0.306     7.129 r  design_ZYNQ_i/axi_smc/inst/sc_ul/inst/gen_axi_full_nxm.sasd_inst/gen_write.aw_addr[0]_i_3/O
                         net (fo=1, routed)           0.000     7.129    design_ZYNQ_i/axi_smc/inst/sc_ul/inst/gen_axi_full_nxm.sasd_inst/gen_write.aw_addr[0]_i_3_n_0
    SLICE_X26Y93         CARRY4 (Prop_carry4_S[3]_CO[3])
                                                      0.376     7.505 r  design_ZYNQ_i/axi_smc/inst/sc_ul/inst/gen_axi_full_nxm.sasd_inst/gen_write.aw_addr_reg[0]_i_2/CO[3]
                         net (fo=3, routed)           0.777     8.282    design_ZYNQ_i/axi_smc/inst/sc_ul/inst/gen_axi_full_nxm.sasd_inst/gen_write.awctrl_mux/CO[0]
    SLICE_X26Y96         LUT3 (Prop_lut3_I0_O)        0.124     8.406 r  design_ZYNQ_i/axi_smc/inst/sc_ul/inst/gen_axi_full_nxm.sasd_inst/gen_write.awctrl_mux/gen_write.aw_addr[4]_i_6/O
                         net (fo=10, routed)          0.786     9.193    design_ZYNQ_i/axi_smc/inst/sc_ul/inst/gen_axi_full_nxm.sasd_inst/gen_write.awctrl_mux/gen_write.aw_addr[4]_i_6_n_0
    SLICE_X29Y94         LUT4 (Prop_lut4_I2_O)        0.124     9.317 r  design_ZYNQ_i/axi_smc/inst/sc_ul/inst/gen_axi_full_nxm.sasd_inst/gen_write.awctrl_mux/gen_write.aw_addr[7]_i_1/O
                         net (fo=1, routed)           0.000     9.317    design_ZYNQ_i/axi_smc/inst/sc_ul/inst/gen_axi_full_nxm.sasd_inst/gen_write.awctrl_mux_n_11
    SLICE_X29Y94         FDRE                                         r  design_ZYNQ_i/axi_smc/inst/sc_ul/inst/gen_axi_full_nxm.sasd_inst/gen_write.aw_addr_reg[7]/D
  -------------------------------------------------------------------    -------------------

                         (clock clk_fpga_0 rise edge)
                                                     20.000    20.000 r  <hidden>
    PS7_X0Y0             PS7                          0.000    20.000 r  design_ZYNQ_i/processing_system7_0/inst/PS7_i/FCLKCLK[0]
                         net (fo=1, routed)           1.088    21.088    design_ZYNQ_i/processing_system7_0/inst/FCLK_CLK_unbuffered[0]
    BUFGCTRL_X0Y16       BUFG (Prop_bufg_I_O)         0.091    21.179 r  design_ZYNQ_i/processing_system7_0/inst/buffer_fclk_clk_0.FCLK_CLK_0_BUFG/O
                         net (fo=685, routed)         1.525    22.704    design_ZYNQ_i/axi_smc/inst/sc_ul/inst/gen_axi_full_nxm.sasd_inst/aclk
    SLICE_X29Y94         FDRE                                         r  design_ZYNQ_i/axi_smc/inst/sc_ul/inst/gen_axi_full_nxm.sasd_inst/gen_write.aw_addr_reg[7]/C
                         clock pessimism              0.229    22.933    <hidden>
                         clock uncertainty           -0.302    22.631    <hidden>
    SLICE_X29Y94         FDRE (Setup_fdre_C_D)        0.031    22.662    design_ZYNQ_i/axi_smc/inst/sc_ul/inst/gen_axi_full_nxm.sasd_inst/gen_write.aw_addr_reg[7]
  -------------------------------------------------------------------
                         required time                         22.662    <hidden>
                         arrival time                          -9.317    <hidden>
  -------------------------------------------------------------------
                         slack                                 13.345    <hidden>





Min Delay Paths
--------------------------------------------------------------------------------------
Slack (MET) :             0.106ns  (arrival time - required time)
  Source:                 design_ZYNQ_i/axi_ppg_accelerator_0/inst/u_peak_det/ibi_cycles_reg[4]/C
                            (rising edge-triggered cell FDRE clocked by clk_fpga_0  {rise@0.000ns fall@10.000ns period=20.000ns})
  Destination:            design_ZYNQ_i/axi_ppg_accelerator_0/inst/s_axi_rdata_reg[4]/D
                            (rising edge-triggered cell FDRE clocked by clk_fpga_0  {rise@0.000ns fall@10.000ns period=20.000ns})
  Path Group:             clk_fpga_0
  Path Type:              Hold (Min at Fast Process Corner)
  Requirement:            0.000ns  (clk_fpga_0 rise@0.000ns - clk_fpga_0 rise@0.000ns)
  Data Path Delay:        0.240ns  (logic 0.186ns (77.466%)  route 0.054ns (22.534%))
  Logic Levels:           1  (LUT6=1)
  Clock Path Skew:        0.013ns (DCD - SCD - CPR)
    Destination Clock Delay (DCD):    1.190ns
    Source Clock Delay      (SCD):    0.893ns
    Clock Pessimism Removal (CPR):    0.284ns

    Location             Delay type                Incr(ns)  Path(ns)    Netlist Resource(s)
  -------------------------------------------------------------------    -------------------
                         (clock clk_fpga_0 rise edge)
                                                      0.000     0.000 r  <hidden>
    PS7_X0Y0             PS7                          0.000     0.000 r  design_ZYNQ_i/processing_system7_0/inst/PS7_i/FCLKCLK[0]
                         net (fo=1, routed)           0.310     0.310    design_ZYNQ_i/processing_system7_0/inst/FCLK_CLK_unbuffered[0]
    BUFGCTRL_X0Y16       BUFG (Prop_bufg_I_O)         0.026     0.336 r  design_ZYNQ_i/processing_system7_0/inst/buffer_fclk_clk_0.FCLK_CLK_0_BUFG/O
                         net (fo=685, routed)         0.557     0.893    design_ZYNQ_i/axi_ppg_accelerator_0/inst/u_peak_det/s_axi_aclk
    SLICE_X33Y90         FDRE                                         r  design_ZYNQ_i/axi_ppg_accelerator_0/inst/u_peak_det/ibi_cycles_reg[4]/C
  -------------------------------------------------------------------    -------------------
    SLICE_X33Y90         FDRE (Prop_fdre_C_Q)         0.141     1.034 r  design_ZYNQ_i/axi_ppg_accelerator_0/inst/u_peak_det/ibi_cycles_reg[4]/Q
                         net (fo=1, routed)           0.054     1.088    design_ZYNQ_i/axi_ppg_accelerator_0/inst/u_filter_red/s_axi_rdata_reg[7][3]
    SLICE_X32Y90         LUT6 (Prop_lut6_I2_O)        0.045     1.133 r  design_ZYNQ_i/axi_ppg_accelerator_0/inst/u_filter_red/s_axi_rdata[4]_i_1/O
                         net (fo=1, routed)           0.000     1.133    design_ZYNQ_i/axi_ppg_accelerator_0/inst/s_axi_rdata_1[4]
    SLICE_X32Y90         FDRE                                         r  design_ZYNQ_i/axi_ppg_accelerator_0/inst/s_axi_rdata_reg[4]/D
  -------------------------------------------------------------------    -------------------

                         (clock clk_fpga_0 rise edge)
                                                      0.000     0.000 r  <hidden>
    PS7_X0Y0             PS7                          0.000     0.000 r  design_ZYNQ_i/processing_system7_0/inst/PS7_i/FCLKCLK[0]
                         net (fo=1, routed)           0.337     0.337    design_ZYNQ_i/processing_system7_0/inst/FCLK_CLK_unbuffered[0]
    BUFGCTRL_X0Y16       BUFG (Prop_bufg_I_O)         0.029     0.366 r  design_ZYNQ_i/processing_system7_0/inst/buffer_fclk_clk_0.FCLK_CLK_0_BUFG/O
                         net (fo=685, routed)         0.824     1.190    design_ZYNQ_i/axi_ppg_accelerator_0/inst/s_axi_aclk
    SLICE_X32Y90         FDRE                                         r  design_ZYNQ_i/axi_ppg_accelerator_0/inst/s_axi_rdata_reg[4]/C
                         clock pessimism             -0.284     0.906    <hidden>
    SLICE_X32Y90         FDRE (Hold_fdre_C_D)         0.121     1.027    design_ZYNQ_i/axi_ppg_accelerator_0/inst/s_axi_rdata_reg[4]
  -------------------------------------------------------------------
                         required time                         -1.027    <hidden>
                         arrival time                           1.133    <hidden>
  -------------------------------------------------------------------
                         slack                                  0.106    <hidden>

Slack (MET) :             0.118ns  (arrival time - required time)
  Source:                 design_ZYNQ_i/rst_ps7_0_50M/U0/EXT_LPF/AUX_LPF[2].asr_lpf_reg[2]/C
                            (rising edge-triggered cell FDRE clocked by clk_fpga_0  {rise@0.000ns fall@10.000ns period=20.000ns})
  Destination:            design_ZYNQ_i/rst_ps7_0_50M/U0/EXT_LPF/lpf_asr_reg/D
                            (rising edge-triggered cell FDRE clocked by clk_fpga_0  {rise@0.000ns fall@10.000ns period=20.000ns})
  Path Group:             clk_fpga_0
  Path Type:              Hold (Min at Fast Process Corner)
  Requirement:            0.000ns  (clk_fpga_0 rise@0.000ns - clk_fpga_0 rise@0.000ns)
  Data Path Delay:        0.252ns  (logic 0.186ns (73.721%)  route 0.066ns (26.279%))
  Logic Levels:           1  (LUT5=1)
  Clock Path Skew:        0.013ns (DCD - SCD - CPR)
    Destination Clock Delay (DCD):    1.277ns
    Source Clock Delay      (SCD):    0.976ns
    Clock Pessimism Removal (CPR):    0.288ns

    Location             Delay type                Incr(ns)  Path(ns)    Netlist Resource(s)
  -------------------------------------------------------------------    -------------------
                         (clock clk_fpga_0 rise edge)
                                                      0.000     0.000 r  <hidden>
    PS7_X0Y0             PS7                          0.000     0.000 r  design_ZYNQ_i/processing_system7_0/inst/PS7_i/FCLKCLK[0]
                         net (fo=1, routed)           0.310     0.310    design_ZYNQ_i/processing_system7_0/inst/FCLK_CLK_unbuffered[0]
    BUFGCTRL_X0Y16       BUFG (Prop_bufg_I_O)         0.026     0.336 r  design_ZYNQ_i/processing_system7_0/inst/buffer_fclk_clk_0.FCLK_CLK_0_BUFG/O
                         net (fo=685, routed)         0.640     0.976    design_ZYNQ_i/rst_ps7_0_50M/U0/EXT_LPF/slowest_sync_clk
    SLICE_X33Y106        FDRE                                         r  design_ZYNQ_i/rst_ps7_0_50M/U0/EXT_LPF/AUX_LPF[2].asr_lpf_reg[2]/C
  -------------------------------------------------------------------    -------------------
    SLICE_X33Y106        FDRE (Prop_fdre_C_Q)         0.141     1.117 r  design_ZYNQ_i/rst_ps7_0_50M/U0/EXT_LPF/AUX_LPF[2].asr_lpf_reg[2]/Q
                         net (fo=2, routed)           0.066     1.183    design_ZYNQ_i/rst_ps7_0_50M/U0/EXT_LPF/p_1_in
    SLICE_X32Y106        LUT5 (Prop_lut5_I1_O)        0.045     1.228 r  design_ZYNQ_i/rst_ps7_0_50M/U0/EXT_LPF/lpf_asr_i_1/O
                         net (fo=1, routed)           0.000     1.228    design_ZYNQ_i/rst_ps7_0_50M/U0/EXT_LPF/lpf_asr_i_1_n_0
    SLICE_X32Y106        FDRE                                         r  design_ZYNQ_i/rst_ps7_0_50M/U0/EXT_LPF/lpf_asr_reg/D
  -------------------------------------------------------------------    -------------------

                         (clock clk_fpga_0 rise edge)
                                                      0.000     0.000 r  <hidden>
    PS7_X0Y0             PS7                          0.000     0.000 r  design_ZYNQ_i/processing_system7_0/inst/PS7_i/FCLKCLK[0]
                         net (fo=1, routed)           0.337     0.337    design_ZYNQ_i/processing_system7_0/inst/FCLK_CLK_unbuffered[0]
    BUFGCTRL_X0Y16       BUFG (Prop_bufg_I_O)         0.029     0.366 r  design_ZYNQ_i/processing_system7_0/inst/buffer_fclk_clk_0.FCLK_CLK_0_BUFG/O
                         net (fo=685, routed)         0.911     1.277    design_ZYNQ_i/rst_ps7_0_50M/U0/EXT_LPF/slowest_sync_clk
    SLICE_X32Y106        FDRE                                         r  design_ZYNQ_i/rst_ps7_0_50M/U0/EXT_LPF/lpf_asr_reg/C
                         clock pessimism             -0.288     0.989    <hidden>
    SLICE_X32Y106        FDRE (Hold_fdre_C_D)         0.121     1.110    design_ZYNQ_i/rst_ps7_0_50M/U0/EXT_LPF/lpf_asr_reg
  -------------------------------------------------------------------
                         required time                         -1.110    <hidden>
                         arrival time                           1.228    <hidden>
  -------------------------------------------------------------------
                         slack                                  0.118    <hidden>

Slack (MET) :             0.118ns  (arrival time - required time)
  Source:                 design_ZYNQ_i/rst_ps7_0_50M/U0/EXT_LPF/EXT_LPF[2].exr_lpf_reg[2]/C
                            (rising edge-triggered cell FDRE clocked by clk_fpga_0  {rise@0.000ns fall@10.000ns period=20.000ns})
  Destination:            design_ZYNQ_i/rst_ps7_0_50M/U0/EXT_LPF/lpf_exr_reg/D
                            (rising edge-triggered cell FDRE clocked by clk_fpga_0  {rise@0.000ns fall@10.000ns period=20.000ns})
  Path Group:             clk_fpga_0
  Path Type:              Hold (Min at Fast Process Corner)
  Requirement:            0.000ns  (clk_fpga_0 rise@0.000ns - clk_fpga_0 rise@0.000ns)
  Data Path Delay:        0.252ns  (logic 0.186ns (73.721%)  route 0.066ns (26.279%))
  Logic Levels:           1  (LUT5=1)
  Clock Path Skew:        0.013ns (DCD - SCD - CPR)
    Destination Clock Delay (DCD):    1.277ns
    Source Clock Delay      (SCD):    0.976ns
    Clock Pessimism Removal (CPR):    0.288ns

    Location             Delay type                Incr(ns)  Path(ns)    Netlist Resource(s)
  -------------------------------------------------------------------    -------------------
                         (clock clk_fpga_0 rise edge)
                                                      0.000     0.000 r  <hidden>
    PS7_X0Y0             PS7                          0.000     0.000 r  design_ZYNQ_i/processing_system7_0/inst/PS7_i/FCLKCLK[0]
                         net (fo=1, routed)           0.310     0.310    design_ZYNQ_i/processing_system7_0/inst/FCLK_CLK_unbuffered[0]
    BUFGCTRL_X0Y16       BUFG (Prop_bufg_I_O)         0.026     0.336 r  design_ZYNQ_i/processing_system7_0/inst/buffer_fclk_clk_0.FCLK_CLK_0_BUFG/O
                         net (fo=685, routed)         0.640     0.976    design_ZYNQ_i/rst_ps7_0_50M/U0/EXT_LPF/slowest_sync_clk
    SLICE_X33Y105        FDRE                                         r  design_ZYNQ_i/rst_ps7_0_50M/U0/EXT_LPF/EXT_LPF[2].exr_lpf_reg[2]/C
  -------------------------------------------------------------------    -------------------
    SLICE_X33Y105        FDRE (Prop_fdre_C_Q)         0.141     1.117 r  design_ZYNQ_i/rst_ps7_0_50M/U0/EXT_LPF/EXT_LPF[2].exr_lpf_reg[2]/Q
                         net (fo=2, routed)           0.066     1.183    design_ZYNQ_i/rst_ps7_0_50M/U0/EXT_LPF/p_1_in4_in
    SLICE_X32Y105        LUT5 (Prop_lut5_I1_O)        0.045     1.228 r  design_ZYNQ_i/rst_ps7_0_50M/U0/EXT_LPF/lpf_exr_i_1/O
                         net (fo=1, routed)           0.000     1.228    design_ZYNQ_i/rst_ps7_0_50M/U0/EXT_LPF/lpf_exr_i_1_n_0
    SLICE_X32Y105        FDRE                                         r  design_ZYNQ_i/rst_ps7_0_50M/U0/EXT_LPF/lpf_exr_reg/D
  -------------------------------------------------------------------    -------------------

                         (clock clk_fpga_0 rise edge)
                                                      0.000     0.000 r  <hidden>
    PS7_X0Y0             PS7                          0.000     0.000 r  design_ZYNQ_i/processing_system7_0/inst/PS7_i/FCLKCLK[0]
                         net (fo=1, routed)           0.337     0.337    design_ZYNQ_i/processing_system7_0/inst/FCLK_CLK_unbuffered[0]
    BUFGCTRL_X0Y16       BUFG (Prop_bufg_I_O)         0.029     0.366 r  design_ZYNQ_i/processing_system7_0/inst/buffer_fclk_clk_0.FCLK_CLK_0_BUFG/O
                         net (fo=685, routed)         0.911     1.277    design_ZYNQ_i/rst_ps7_0_50M/U0/EXT_LPF/slowest_sync_clk
    SLICE_X32Y105        FDRE                                         r  design_ZYNQ_i/rst_ps7_0_50M/U0/EXT_LPF/lpf_exr_reg/C
                         clock pessimism             -0.288     0.989    <hidden>
    SLICE_X32Y105        FDRE (Hold_fdre_C_D)         0.121     1.110    design_ZYNQ_i/rst_ps7_0_50M/U0/EXT_LPF/lpf_exr_reg
  -------------------------------------------------------------------
                         required time                         -1.110    <hidden>
                         arrival time                           1.228    <hidden>
  -------------------------------------------------------------------
                         slack                                  0.118    <hidden>

Slack (MET) :             0.122ns  (arrival time - required time)
  Source:                 design_ZYNQ_i/axi_smc/inst/sc_ul/inst/cdc_aresetn/syncstages_ff_reg[0]/C
                            (rising edge-triggered cell FDRE clocked by clk_fpga_0  {rise@0.000ns fall@10.000ns period=20.000ns})
  Destination:            design_ZYNQ_i/axi_smc/inst/sc_ul/inst/cdc_aresetn/syncstages_ff_reg[1]/D
                            (rising edge-triggered cell FDRE clocked by clk_fpga_0  {rise@0.000ns fall@10.000ns period=20.000ns})
  Path Group:             clk_fpga_0
  Path Type:              Hold (Min at Fast Process Corner)
  Requirement:            0.000ns  (clk_fpga_0 rise@0.000ns - clk_fpga_0 rise@0.000ns)
  Data Path Delay:        0.197ns  (logic 0.141ns (71.611%)  route 0.056ns (28.389%))
  Logic Levels:           0  
  Clock Path Skew:        0.000ns (DCD - SCD - CPR)
    Destination Clock Delay (DCD):    1.211ns
    Source Clock Delay      (SCD):    0.913ns
    Clock Pessimism Removal (CPR):    0.298ns

    Location             Delay type                Incr(ns)  Path(ns)    Netlist Resource(s)
  -------------------------------------------------------------------    -------------------
                         (clock clk_fpga_0 rise edge)
                                                      0.000     0.000 r  <hidden>
    PS7_X0Y0             PS7                          0.000     0.000 r  design_ZYNQ_i/processing_system7_0/inst/PS7_i/FCLKCLK[0]
                         net (fo=1, routed)           0.310     0.310    design_ZYNQ_i/processing_system7_0/inst/FCLK_CLK_unbuffered[0]
    BUFGCTRL_X0Y16       BUFG (Prop_bufg_I_O)         0.026     0.336 r  design_ZYNQ_i/processing_system7_0/inst/buffer_fclk_clk_0.FCLK_CLK_0_BUFG/O
                         net (fo=685, routed)         0.577     0.913    design_ZYNQ_i/axi_smc/inst/sc_ul/inst/cdc_aresetn/dest_clk
    SLICE_X31Y99         FDRE                                         r  design_ZYNQ_i/axi_smc/inst/sc_ul/inst/cdc_aresetn/syncstages_ff_reg[0]/C
  -------------------------------------------------------------------    -------------------
    SLICE_X31Y99         FDRE (Prop_fdre_C_Q)         0.141     1.054 r  design_ZYNQ_i/axi_smc/inst/sc_ul/inst/cdc_aresetn/syncstages_ff_reg[0]/Q
                         net (fo=1, routed)           0.056     1.109    design_ZYNQ_i/axi_smc/inst/sc_ul/inst/cdc_aresetn/syncstages_ff[0]
    SLICE_X31Y99         FDRE                                         r  design_ZYNQ_i/axi_smc/inst/sc_ul/inst/cdc_aresetn/syncstages_ff_reg[1]/D
  -------------------------------------------------------------------    -------------------

                         (clock clk_fpga_0 rise edge)
                                                      0.000     0.000 r  <hidden>
    PS7_X0Y0             PS7                          0.000     0.000 r  design_ZYNQ_i/processing_system7_0/inst/PS7_i/FCLKCLK[0]
                         net (fo=1, routed)           0.337     0.337    design_ZYNQ_i/processing_system7_0/inst/FCLK_CLK_unbuffered[0]
    BUFGCTRL_X0Y16       BUFG (Prop_bufg_I_O)         0.029     0.366 r  design_ZYNQ_i/processing_system7_0/inst/buffer_fclk_clk_0.FCLK_CLK_0_BUFG/O
                         net (fo=685, routed)         0.845     1.211    design_ZYNQ_i/axi_smc/inst/sc_ul/inst/cdc_aresetn/dest_clk
    SLICE_X31Y99         FDRE                                         r  design_ZYNQ_i/axi_smc/inst/sc_ul/inst/cdc_aresetn/syncstages_ff_reg[1]/C
                         clock pessimism             -0.298     0.913    <hidden>
    SLICE_X31Y99         FDRE (Hold_fdre_C_D)         0.075     0.988    design_ZYNQ_i/axi_smc/inst/sc_ul/inst/cdc_aresetn/syncstages_ff_reg[1]
  -------------------------------------------------------------------
                         required time                         -0.988    <hidden>
                         arrival time                           1.109    <hidden>
  -------------------------------------------------------------------
                         slack                                  0.122    <hidden>

Slack (MET) :             0.132ns  (arrival time - required time)
  Source:                 design_ZYNQ_i/axi_smc/inst/sc_ul/inst/gen_axi_full_nxm.sasd_inst/gen_read.rdata_mux/dout_i1_reg[16]/C
                            (rising edge-triggered cell FDRE clocked by clk_fpga_0  {rise@0.000ns fall@10.000ns period=20.000ns})
  Destination:            design_ZYNQ_i/axi_smc/inst/sc_ul/inst/gen_axi_full_nxm.sasd_inst/gen_read.s_rdata_reg[16]/D
                            (rising edge-triggered cell FDRE clocked by clk_fpga_0  {rise@0.000ns fall@10.000ns period=20.000ns})
  Path Group:             clk_fpga_0
  Path Type:              Hold (Min at Fast Process Corner)
  Requirement:            0.000ns  (clk_fpga_0 rise@0.000ns - clk_fpga_0 rise@0.000ns)
  Data Path Delay:        0.266ns  (logic 0.186ns (69.897%)  route 0.080ns (30.102%))
  Logic Levels:           1  (LUT4=1)
  Clock Path Skew:        0.013ns (DCD - SCD - CPR)
    Destination Clock Delay (DCD):    1.209ns
    Source Clock Delay      (SCD):    0.911ns
    Clock Pessimism Removal (CPR):    0.285ns

    Location             Delay type                Incr(ns)  Path(ns)    Netlist Resource(s)
  -------------------------------------------------------------------    -------------------
                         (clock clk_fpga_0 rise edge)
                                                      0.000     0.000 r  <hidden>
    PS7_X0Y0             PS7                          0.000     0.000 r  design_ZYNQ_i/processing_system7_0/inst/PS7_i/FCLKCLK[0]
                         net (fo=1, routed)           0.310     0.310    design_ZYNQ_i/processing_system7_0/inst/FCLK_CLK_unbuffered[0]
    BUFGCTRL_X0Y16       BUFG (Prop_bufg_I_O)         0.026     0.336 r  design_ZYNQ_i/processing_system7_0/inst/buffer_fclk_clk_0.FCLK_CLK_0_BUFG/O
                         net (fo=685, routed)         0.575     0.911    design_ZYNQ_i/axi_smc/inst/sc_ul/inst/gen_axi_full_nxm.sasd_inst/gen_read.rdata_mux/aclk
    SLICE_X31Y92         FDRE                                         r  design_ZYNQ_i/axi_smc/inst/sc_ul/inst/gen_axi_full_nxm.sasd_inst/gen_read.rdata_mux/dout_i1_reg[16]/C
  -------------------------------------------------------------------    -------------------
    SLICE_X31Y92         FDRE (Prop_fdre_C_Q)         0.141     1.052 r  design_ZYNQ_i/axi_smc/inst/sc_ul/inst/gen_axi_full_nxm.sasd_inst/gen_read.rdata_mux/dout_i1_reg[16]/Q
                         net (fo=1, routed)           0.080     1.132    design_ZYNQ_i/axi_smc/inst/sc_ul/inst/gen_axi_full_nxm.sasd_inst/gen_read.rdata_mux/m_rdata[16]
    SLICE_X30Y92         LUT4 (Prop_lut4_I3_O)        0.045     1.177 r  design_ZYNQ_i/axi_smc/inst/sc_ul/inst/gen_axi_full_nxm.sasd_inst/gen_read.rdata_mux/gen_read.s_rdata[16]_i_1/O
                         net (fo=1, routed)           0.000     1.177    design_ZYNQ_i/axi_smc/inst/sc_ul/inst/gen_axi_full_nxm.sasd_inst/gen_read.rdata_mux_n_15
    SLICE_X30Y92         FDRE                                         r  design_ZYNQ_i/axi_smc/inst/sc_ul/inst/gen_axi_full_nxm.sasd_inst/gen_read.s_rdata_reg[16]/D
  -------------------------------------------------------------------    -------------------

                         (clock clk_fpga_0 rise edge)
                                                      0.000     0.000 r  <hidden>
    PS7_X0Y0             PS7                          0.000     0.000 r  design_ZYNQ_i/processing_system7_0/inst/PS7_i/FCLKCLK[0]
                         net (fo=1, routed)           0.337     0.337    design_ZYNQ_i/processing_system7_0/inst/FCLK_CLK_unbuffered[0]
    BUFGCTRL_X0Y16       BUFG (Prop_bufg_I_O)         0.029     0.366 r  design_ZYNQ_i/processing_system7_0/inst/buffer_fclk_clk_0.FCLK_CLK_0_BUFG/O
                         net (fo=685, routed)         0.843     1.209    design_ZYNQ_i/axi_smc/inst/sc_ul/inst/gen_axi_full_nxm.sasd_inst/aclk
    SLICE_X30Y92         FDRE                                         r  design_ZYNQ_i/axi_smc/inst/sc_ul/inst/gen_axi_full_nxm.sasd_inst/gen_read.s_rdata_reg[16]/C
                         clock pessimism             -0.285     0.924    <hidden>
    SLICE_X30Y92         FDRE (Hold_fdre_C_D)         0.121     1.045    design_ZYNQ_i/axi_smc/inst/sc_ul/inst/gen_axi_full_nxm.sasd_inst/gen_read.s_rdata_reg[16]
  -------------------------------------------------------------------
                         required time                         -1.045    <hidden>
                         arrival time                           1.177    <hidden>
  -------------------------------------------------------------------
                         slack                                  0.132    <hidden>

Slack (MET) :             0.132ns  (arrival time - required time)
  Source:                 design_ZYNQ_i/processing_system7_0/inst/PS7_i/MAXIGP0ACLK
                            (rising edge-triggered cell PS7 clocked by clk_fpga_0  {rise@0.000ns fall@10.000ns period=20.000ns})
  Destination:            design_ZYNQ_i/axi_smc/inst/sc_ul/inst/gen_axi_full_nxm.sasd_inst/gen_write.wlast_mux/dout_i1_reg[0]/D
                            (rising edge-triggered cell FDRE clocked by clk_fpga_0  {rise@0.000ns fall@10.000ns period=20.000ns})
  Path Group:             clk_fpga_0
  Path Type:              Hold (Min at Fast Process Corner)
  Requirement:            0.000ns  (clk_fpga_0 rise@0.000ns - clk_fpga_0 rise@0.000ns)
  Data Path Delay:        0.513ns  (logic 0.355ns (69.229%)  route 0.158ns (30.771%))
  Logic Levels:           0  
  Clock Path Skew:        0.311ns (DCD - SCD - CPR)
    Destination Clock Delay (DCD):    1.296ns
    Source Clock Delay      (SCD):    0.950ns
    Clock Pessimism Removal (CPR):    0.035ns

    Location             Delay type                Incr(ns)  Path(ns)    Netlist Resource(s)
  -------------------------------------------------------------------    -------------------
                         (clock clk_fpga_0 rise edge)
                                                      0.000     0.000 r  <hidden>
    PS7_X0Y0             PS7                          0.000     0.000 r  design_ZYNQ_i/processing_system7_0/inst/PS7_i/FCLKCLK[0]
                         net (fo=1, routed)           0.310     0.310    design_ZYNQ_i/processing_system7_0/inst/FCLK_CLK_unbuffered[0]
    BUFGCTRL_X0Y16       BUFG (Prop_bufg_I_O)         0.026     0.336 r  design_ZYNQ_i/processing_system7_0/inst/buffer_fclk_clk_0.FCLK_CLK_0_BUFG/O
                         net (fo=685, routed)         0.614     0.950    design_ZYNQ_i/processing_system7_0/inst/M_AXI_GP0_ACLK
    PS7_X0Y0             PS7                                          r  design_ZYNQ_i/processing_system7_0/inst/PS7_i/MAXIGP0ACLK
  -------------------------------------------------------------------    -------------------
    PS7_X0Y0             PS7 (Prop_ps7_MAXIGP0ACLK_MAXIGP0WLAST)
                                                      0.355     1.305 r  design_ZYNQ_i/processing_system7_0/inst/PS7_i/MAXIGP0WLAST
                         net (fo=1, routed)           0.158     1.463    design_ZYNQ_i/axi_smc/inst/sc_ul/inst/gen_axi_full_nxm.sasd_inst/gen_write.wlast_mux/s00_axi_wlast
    SLICE_X27Y100        FDRE                                         r  design_ZYNQ_i/axi_smc/inst/sc_ul/inst/gen_axi_full_nxm.sasd_inst/gen_write.wlast_mux/dout_i1_reg[0]/D
  -------------------------------------------------------------------    -------------------

                         (clock clk_fpga_0 rise edge)
                                                      0.000     0.000 r  <hidden>
    PS7_X0Y0             PS7                          0.000     0.000 r  design_ZYNQ_i/processing_system7_0/inst/PS7_i/FCLKCLK[0]
                         net (fo=1, routed)           0.337     0.337    design_ZYNQ_i/processing_system7_0/inst/FCLK_CLK_unbuffered[0]
    BUFGCTRL_X0Y16       BUFG (Prop_bufg_I_O)         0.029     0.366 r  design_ZYNQ_i/processing_system7_0/inst/buffer_fclk_clk_0.FCLK_CLK_0_BUFG/O
                         net (fo=685, routed)         0.930     1.296    design_ZYNQ_i/axi_smc/inst/sc_ul/inst/gen_axi_full_nxm.sasd_inst/gen_write.wlast_mux/aclk
    SLICE_X27Y100        FDRE                                         r  design_ZYNQ_i/axi_smc/inst/sc_ul/inst/gen_axi_full_nxm.sasd_inst/gen_write.wlast_mux/dout_i1_reg[0]/C
                         clock pessimism             -0.035     1.261    <hidden>
    SLICE_X27Y100        FDRE (Hold_fdre_C_D)         0.070     1.331    design_ZYNQ_i/axi_smc/inst/sc_ul/inst/gen_axi_full_nxm.sasd_inst/gen_write.wlast_mux/dout_i1_reg[0]
  -------------------------------------------------------------------
                         required time                         -1.331    <hidden>
                         arrival time                           1.463    <hidden>
  -------------------------------------------------------------------
                         slack                                  0.132    <hidden>

Slack (MET) :             0.137ns  (arrival time - required time)
  Source:                 design_ZYNQ_i/rst_ps7_0_50M/U0/SEQ/SEQ_COUNTER/q_int_reg[3]/C
                            (rising edge-triggered cell FDRE clocked by clk_fpga_0  {rise@0.000ns fall@10.000ns period=20.000ns})
  Destination:            design_ZYNQ_i/rst_ps7_0_50M/U0/SEQ/pr_dec_reg[0]/D
                            (rising edge-triggered cell FDRE clocked by clk_fpga_0  {rise@0.000ns fall@10.000ns period=20.000ns})
  Path Group:             clk_fpga_0
  Path Type:              Hold (Min at Fast Process Corner)
  Requirement:            0.000ns  (clk_fpga_0 rise@0.000ns - clk_fpga_0 rise@0.000ns)
  Data Path Delay:        0.271ns  (logic 0.186ns (68.582%)  route 0.085ns (31.418%))
  Logic Levels:           1  (LUT4=1)
  Clock Path Skew:        0.013ns (DCD - SCD - CPR)
    Destination Clock Delay (DCD):    1.277ns
    Source Clock Delay      (SCD):    0.976ns
    Clock Pessimism Removal (CPR):    0.288ns

    Location             Delay type                Incr(ns)  Path(ns)    Netlist Resource(s)
  -------------------------------------------------------------------    -------------------
                         (clock clk_fpga_0 rise edge)
                                                      0.000     0.000 r  <hidden>
    PS7_X0Y0             PS7                          0.000     0.000 r  design_ZYNQ_i/processing_system7_0/inst/PS7_i/FCLKCLK[0]
                         net (fo=1, routed)           0.310     0.310    design_ZYNQ_i/processing_system7_0/inst/FCLK_CLK_unbuffered[0]
    BUFGCTRL_X0Y16       BUFG (Prop_bufg_I_O)         0.026     0.336 r  design_ZYNQ_i/processing_system7_0/inst/buffer_fclk_clk_0.FCLK_CLK_0_BUFG/O
                         net (fo=685, routed)         0.640     0.976    design_ZYNQ_i/rst_ps7_0_50M/U0/SEQ/SEQ_COUNTER/slowest_sync_clk
    SLICE_X33Y104        FDRE                                         r  design_ZYNQ_i/rst_ps7_0_50M/U0/SEQ/SEQ_COUNTER/q_int_reg[3]/C
  -------------------------------------------------------------------    -------------------
    SLICE_X33Y104        FDRE (Prop_fdre_C_Q)         0.141     1.117 r  design_ZYNQ_i/rst_ps7_0_50M/U0/SEQ/SEQ_COUNTER/q_int_reg[3]/Q
                         net (fo=5, routed)           0.085     1.202    design_ZYNQ_i/rst_ps7_0_50M/U0/SEQ/seq_cnt[3]
    SLICE_X32Y104        LUT4 (Prop_lut4_I1_O)        0.045     1.247 r  design_ZYNQ_i/rst_ps7_0_50M/U0/SEQ/pr_dec[0]_i_1/O
                         net (fo=1, routed)           0.000     1.247    design_ZYNQ_i/rst_ps7_0_50M/U0/SEQ/p_3_out[0]
    SLICE_X32Y104        FDRE                                         r  design_ZYNQ_i/rst_ps7_0_50M/U0/SEQ/pr_dec_reg[0]/D
  -------------------------------------------------------------------    -------------------

                         (clock clk_fpga_0 rise edge)
                                                      0.000     0.000 r  <hidden>
    PS7_X0Y0             PS7                          0.000     0.000 r  design_ZYNQ_i/processing_system7_0/inst/PS7_i/FCLKCLK[0]
                         net (fo=1, routed)           0.337     0.337    design_ZYNQ_i/processing_system7_0/inst/FCLK_CLK_unbuffered[0]
    BUFGCTRL_X0Y16       BUFG (Prop_bufg_I_O)         0.029     0.366 r  design_ZYNQ_i/processing_system7_0/inst/buffer_fclk_clk_0.FCLK_CLK_0_BUFG/O
                         net (fo=685, routed)         0.911     1.277    design_ZYNQ_i/rst_ps7_0_50M/U0/SEQ/slowest_sync_clk
    SLICE_X32Y104        FDRE                                         r  design_ZYNQ_i/rst_ps7_0_50M/U0/SEQ/pr_dec_reg[0]/C
                         clock pessimism             -0.288     0.989    <hidden>
    SLICE_X32Y104        FDRE (Hold_fdre_C_D)         0.121     1.110    design_ZYNQ_i/rst_ps7_0_50M/U0/SEQ/pr_dec_reg[0]
  -------------------------------------------------------------------
                         required time                         -1.110    <hidden>
                         arrival time                           1.247    <hidden>
  -------------------------------------------------------------------
                         slack                                  0.137    <hidden>

Slack (MET) :             0.140ns  (arrival time - required time)
  Source:                 design_ZYNQ_i/axi_ppg_accelerator_0/inst/u_peak_det/ibi_cycles_reg[2]/C
                            (rising edge-triggered cell FDRE clocked by clk_fpga_0  {rise@0.000ns fall@10.000ns period=20.000ns})
  Destination:            design_ZYNQ_i/axi_ppg_accelerator_0/inst/s_axi_rdata_reg[2]/D
                            (rising edge-triggered cell FDRE clocked by clk_fpga_0  {rise@0.000ns fall@10.000ns period=20.000ns})
  Path Group:             clk_fpga_0
  Path Type:              Hold (Min at Fast Process Corner)
  Requirement:            0.000ns  (clk_fpga_0 rise@0.000ns - clk_fpga_0 rise@0.000ns)
  Data Path Delay:        0.273ns  (logic 0.186ns (68.106%)  route 0.087ns (31.894%))
  Logic Levels:           1  (LUT6=1)
  Clock Path Skew:        0.013ns (DCD - SCD - CPR)
    Destination Clock Delay (DCD):    1.189ns
    Source Clock Delay      (SCD):    0.892ns
    Clock Pessimism Removal (CPR):    0.284ns

    Location             Delay type                Incr(ns)  Path(ns)    Netlist Resource(s)
  -------------------------------------------------------------------    -------------------
                         (clock clk_fpga_0 rise edge)
                                                      0.000     0.000 r  <hidden>
    PS7_X0Y0             PS7                          0.000     0.000 r  design_ZYNQ_i/processing_system7_0/inst/PS7_i/FCLKCLK[0]
                         net (fo=1, routed)           0.310     0.310    design_ZYNQ_i/processing_system7_0/inst/FCLK_CLK_unbuffered[0]
    BUFGCTRL_X0Y16       BUFG (Prop_bufg_I_O)         0.026     0.336 r  design_ZYNQ_i/processing_system7_0/inst/buffer_fclk_clk_0.FCLK_CLK_0_BUFG/O
                         net (fo=685, routed)         0.556     0.892    design_ZYNQ_i/axi_ppg_accelerator_0/inst/u_peak_det/s_axi_aclk
    SLICE_X33Y89         FDRE                                         r  design_ZYNQ_i/axi_ppg_accelerator_0/inst/u_peak_det/ibi_cycles_reg[2]/C
  -------------------------------------------------------------------    -------------------
    SLICE_X33Y89         FDRE (Prop_fdre_C_Q)         0.141     1.033 r  design_ZYNQ_i/axi_ppg_accelerator_0/inst/u_peak_det/ibi_cycles_reg[2]/Q
                         net (fo=1, routed)           0.087     1.120    design_ZYNQ_i/axi_ppg_accelerator_0/inst/u_filter_red/s_axi_rdata_reg[7][1]
    SLICE_X32Y89         LUT6 (Prop_lut6_I2_O)        0.045     1.165 r  design_ZYNQ_i/axi_ppg_accelerator_0/inst/u_filter_red/s_axi_rdata[2]_i_1/O
                         net (fo=1, routed)           0.000     1.165    design_ZYNQ_i/axi_ppg_accelerator_0/inst/s_axi_rdata_1[2]
    SLICE_X32Y89         FDRE                                         r  design_ZYNQ_i/axi_ppg_accelerator_0/inst/s_axi_rdata_reg[2]/D
  -------------------------------------------------------------------    -------------------

                         (clock clk_fpga_0 rise edge)
                                                      0.000     0.000 r  <hidden>
    PS7_X0Y0             PS7                          0.000     0.000 r  design_ZYNQ_i/processing_system7_0/inst/PS7_i/FCLKCLK[0]
                         net (fo=1, routed)           0.337     0.337    design_ZYNQ_i/processing_system7_0/inst/FCLK_CLK_unbuffered[0]
    BUFGCTRL_X0Y16       BUFG (Prop_bufg_I_O)         0.029     0.366 r  design_ZYNQ_i/processing_system7_0/inst/buffer_fclk_clk_0.FCLK_CLK_0_BUFG/O
                         net (fo=685, routed)         0.823     1.189    design_ZYNQ_i/axi_ppg_accelerator_0/inst/s_axi_aclk
    SLICE_X32Y89         FDRE                                         r  design_ZYNQ_i/axi_ppg_accelerator_0/inst/s_axi_rdata_reg[2]/C
                         clock pessimism             -0.284     0.905    <hidden>
    SLICE_X32Y89         FDRE (Hold_fdre_C_D)         0.120     1.025    design_ZYNQ_i/axi_ppg_accelerator_0/inst/s_axi_rdata_reg[2]
  -------------------------------------------------------------------
                         required time                         -1.025    <hidden>
                         arrival time                           1.165    <hidden>
  -------------------------------------------------------------------
                         slack                                  0.140    <hidden>

Slack (MET) :             0.140ns  (arrival time - required time)
  Source:                 design_ZYNQ_i/axi_smc/inst/sc_ul/inst/gen_axi_full_nxm.sasd_inst/gen_read.rdata_mux/dout_i1_reg[20]/C
                            (rising edge-triggered cell FDRE clocked by clk_fpga_0  {rise@0.000ns fall@10.000ns period=20.000ns})
  Destination:            design_ZYNQ_i/axi_smc/inst/sc_ul/inst/gen_axi_full_nxm.sasd_inst/gen_read.s_rdata_reg[20]/D
                            (rising edge-triggered cell FDRE clocked by clk_fpga_0  {rise@0.000ns fall@10.000ns period=20.000ns})
  Path Group:             clk_fpga_0
  Path Type:              Hold (Min at Fast Process Corner)
  Requirement:            0.000ns  (clk_fpga_0 rise@0.000ns - clk_fpga_0 rise@0.000ns)
  Data Path Delay:        0.273ns  (logic 0.186ns (68.106%)  route 0.087ns (31.894%))
  Logic Levels:           1  (LUT4=1)
  Clock Path Skew:        0.013ns (DCD - SCD - CPR)
    Destination Clock Delay (DCD):    1.210ns
    Source Clock Delay      (SCD):    0.912ns
    Clock Pessimism Removal (CPR):    0.285ns

    Location             Delay type                Incr(ns)  Path(ns)    Netlist Resource(s)
  -------------------------------------------------------------------    -------------------
                         (clock clk_fpga_0 rise edge)
                                                      0.000     0.000 r  <hidden>
    PS7_X0Y0             PS7                          0.000     0.000 r  design_ZYNQ_i/processing_system7_0/inst/PS7_i/FCLKCLK[0]
                         net (fo=1, routed)           0.310     0.310    design_ZYNQ_i/processing_system7_0/inst/FCLK_CLK_unbuffered[0]
    BUFGCTRL_X0Y16       BUFG (Prop_bufg_I_O)         0.026     0.336 r  design_ZYNQ_i/processing_system7_0/inst/buffer_fclk_clk_0.FCLK_CLK_0_BUFG/O
                         net (fo=685, routed)         0.576     0.912    design_ZYNQ_i/axi_smc/inst/sc_ul/inst/gen_axi_full_nxm.sasd_inst/gen_read.rdata_mux/aclk
    SLICE_X31Y95         FDRE                                         r  design_ZYNQ_i/axi_smc/inst/sc_ul/inst/gen_axi_full_nxm.sasd_inst/gen_read.rdata_mux/dout_i1_reg[20]/C
  -------------------------------------------------------------------    -------------------
    SLICE_X31Y95         FDRE (Prop_fdre_C_Q)         0.141     1.053 r  design_ZYNQ_i/axi_smc/inst/sc_ul/inst/gen_axi_full_nxm.sasd_inst/gen_read.rdata_mux/dout_i1_reg[20]/Q
                         net (fo=1, routed)           0.087     1.140    design_ZYNQ_i/axi_smc/inst/sc_ul/inst/gen_axi_full_nxm.sasd_inst/gen_read.rdata_mux/m_rdata[20]
    SLICE_X30Y95         LUT4 (Prop_lut4_I3_O)        0.045     1.185 r  design_ZYNQ_i/axi_smc/inst/sc_ul/inst/gen_axi_full_nxm.sasd_inst/gen_read.rdata_mux/gen_read.s_rdata[20]_i_1/O
                         net (fo=1, routed)           0.000     1.185    design_ZYNQ_i/axi_smc/inst/sc_ul/inst/gen_axi_full_nxm.sasd_inst/gen_read.rdata_mux_n_11
    SLICE_X30Y95         FDRE                                         r  design_ZYNQ_i/axi_smc/inst/sc_ul/inst/gen_axi_full_nxm.sasd_inst/gen_read.s_rdata_reg[20]/D
  -------------------------------------------------------------------    -------------------

                         (clock clk_fpga_0 rise edge)
                                                      0.000     0.000 r  <hidden>
    PS7_X0Y0             PS7                          0.000     0.000 r  design_ZYNQ_i/processing_system7_0/inst/PS7_i/FCLKCLK[0]
                         net (fo=1, routed)           0.337     0.337    design_ZYNQ_i/processing_system7_0/inst/FCLK_CLK_unbuffered[0]
    BUFGCTRL_X0Y16       BUFG (Prop_bufg_I_O)         0.029     0.366 r  design_ZYNQ_i/processing_system7_0/inst/buffer_fclk_clk_0.FCLK_CLK_0_BUFG/O
                         net (fo=685, routed)         0.844     1.210    design_ZYNQ_i/axi_smc/inst/sc_ul/inst/gen_axi_full_nxm.sasd_inst/aclk
    SLICE_X30Y95         FDRE                                         r  design_ZYNQ_i/axi_smc/inst/sc_ul/inst/gen_axi_full_nxm.sasd_inst/gen_read.s_rdata_reg[20]/C
                         clock pessimism             -0.285     0.925    <hidden>
    SLICE_X30Y95         FDRE (Hold_fdre_C_D)         0.120     1.045    design_ZYNQ_i/axi_smc/inst/sc_ul/inst/gen_axi_full_nxm.sasd_inst/gen_read.s_rdata_reg[20]
  -------------------------------------------------------------------
                         required time                         -1.045    <hidden>
                         arrival time                           1.185    <hidden>
  -------------------------------------------------------------------
                         slack                                  0.140    <hidden>

Slack (MET) :             0.140ns  (arrival time - required time)
  Source:                 design_ZYNQ_i/rst_ps7_0_50M/U0/SEQ/pr_reg/C
                            (rising edge-triggered cell FDSE clocked by clk_fpga_0  {rise@0.000ns fall@10.000ns period=20.000ns})
  Destination:            design_ZYNQ_i/rst_ps7_0_50M/U0/ACTIVE_LOW_PR_OUT_DFF[0].FDRE_PER_N/D
                            (rising edge-triggered cell FDRE clocked by clk_fpga_0  {rise@0.000ns fall@10.000ns period=20.000ns})
  Path Group:             clk_fpga_0
  Path Type:              Hold (Min at Fast Process Corner)
  Requirement:            0.000ns  (clk_fpga_0 rise@0.000ns - clk_fpga_0 rise@0.000ns)
  Data Path Delay:        0.273ns  (logic 0.186ns (68.106%)  route 0.087ns (31.894%))
  Logic Levels:           1  (LUT1=1)
  Clock Path Skew:        0.013ns (DCD - SCD - CPR)
    Destination Clock Delay (DCD):    1.277ns
    Source Clock Delay      (SCD):    0.976ns
    Clock Pessimism Removal (CPR):    0.288ns

    Location             Delay type                Incr(ns)  Path(ns)    Netlist Resource(s)
  -------------------------------------------------------------------    -------------------
                         (clock clk_fpga_0 rise edge)
                                                      0.000     0.000 r  <hidden>
    PS7_X0Y0             PS7                          0.000     0.000 r  design_ZYNQ_i/processing_system7_0/inst/PS7_i/FCLKCLK[0]
                         net (fo=1, routed)           0.310     0.310    design_ZYNQ_i/processing_system7_0/inst/FCLK_CLK_unbuffered[0]
    BUFGCTRL_X0Y16       BUFG (Prop_bufg_I_O)         0.026     0.336 r  design_ZYNQ_i/processing_system7_0/inst/buffer_fclk_clk_0.FCLK_CLK_0_BUFG/O
                         net (fo=685, routed)         0.640     0.976    design_ZYNQ_i/rst_ps7_0_50M/U0/SEQ/slowest_sync_clk
    SLICE_X33Y103        FDSE                                         r  design_ZYNQ_i/rst_ps7_0_50M/U0/SEQ/pr_reg/C
  -------------------------------------------------------------------    -------------------
    SLICE_X33Y103        FDSE (Prop_fdse_C_Q)         0.141     1.117 f  design_ZYNQ_i/rst_ps7_0_50M/U0/SEQ/pr_reg/Q
                         net (fo=2, routed)           0.087     1.204    design_ZYNQ_i/rst_ps7_0_50M/U0/SEQ/Pr_out
    SLICE_X32Y103        LUT1 (Prop_lut1_I0_O)        0.045     1.249 r  design_ZYNQ_i/rst_ps7_0_50M/U0/SEQ/ACTIVE_LOW_PR_OUT_DFF[0].FDRE_PER_N_i_1/O
                         net (fo=1, routed)           0.000     1.249    design_ZYNQ_i/rst_ps7_0_50M/U0/SEQ_n_4
    SLICE_X32Y103        FDRE                                         r  design_ZYNQ_i/rst_ps7_0_50M/U0/ACTIVE_LOW_PR_OUT_DFF[0].FDRE_PER_N/D
  -------------------------------------------------------------------    -------------------

                         (clock clk_fpga_0 rise edge)
                                                      0.000     0.000 r  <hidden>
    PS7_X0Y0             PS7                          0.000     0.000 r  design_ZYNQ_i/processing_system7_0/inst/PS7_i/FCLKCLK[0]
                         net (fo=1, routed)           0.337     0.337    design_ZYNQ_i/processing_system7_0/inst/FCLK_CLK_unbuffered[0]
    BUFGCTRL_X0Y16       BUFG (Prop_bufg_I_O)         0.029     0.366 r  design_ZYNQ_i/processing_system7_0/inst/buffer_fclk_clk_0.FCLK_CLK_0_BUFG/O
                         net (fo=685, routed)         0.911     1.277    design_ZYNQ_i/rst_ps7_0_50M/U0/slowest_sync_clk
    SLICE_X32Y103        FDRE                                         r  design_ZYNQ_i/rst_ps7_0_50M/U0/ACTIVE_LOW_PR_OUT_DFF[0].FDRE_PER_N/C
                         clock pessimism             -0.288     0.989    <hidden>
    SLICE_X32Y103        FDRE (Hold_fdre_C_D)         0.120     1.109    design_ZYNQ_i/rst_ps7_0_50M/U0/ACTIVE_LOW_PR_OUT_DFF[0].FDRE_PER_N
  -------------------------------------------------------------------
                         required time                         -1.109    <hidden>
                         arrival time                           1.249    <hidden>
  -------------------------------------------------------------------
                         slack                                  0.140    <hidden>





Pulse Width Checks
--------------------------------------------------------------------------------------
Clock Name:         clk_fpga_0
Waveform(ns):       { 0.000 10.000 }
Period(ns):         20.000
Sources:            { design_ZYNQ_i/processing_system7_0/inst/PS7_i/FCLKCLK[0] }

Check Type        Corner  Lib Pin     Reference Pin  Required(ns)  Actual(ns)  Slack(ns)  Location        Pin
Min Period        n/a     BUFG/I      n/a            2.155         20.000      17.845     BUFGCTRL_X0Y16  design_ZYNQ_i/processing_system7_0/inst/buffer_fclk_clk_0.FCLK_CLK_0_BUFG/I
Min Period        n/a     FDRE/C      n/a            1.000         20.000      19.000     SLICE_X30Y94    design_ZYNQ_i/axi_ppg_accelerator_0/inst/aw_addr_latched_reg[2]/C
Min Period        n/a     FDRE/C      n/a            1.000         20.000      19.000     SLICE_X30Y94    design_ZYNQ_i/axi_ppg_accelerator_0/inst/aw_addr_latched_reg[3]/C
Min Period        n/a     FDRE/C      n/a            1.000         20.000      19.000     SLICE_X30Y94    design_ZYNQ_i/axi_ppg_accelerator_0/inst/aw_addr_latched_reg[4]/C
Min Period        n/a     FDRE/C      n/a            1.000         20.000      19.000     SLICE_X31Y97    design_ZYNQ_i/axi_ppg_accelerator_0/inst/aw_done_reg/C
Min Period        n/a     FDRE/C      n/a            1.000         20.000      19.000     SLICE_X31Y88    design_ZYNQ_i/axi_ppg_accelerator_0/inst/axi_araddr_latched_reg[2]/C
Min Period        n/a     FDRE/C      n/a            1.000         20.000      19.000     SLICE_X31Y88    design_ZYNQ_i/axi_ppg_accelerator_0/inst/axi_araddr_latched_reg[3]/C
Min Period        n/a     FDRE/C      n/a            1.000         20.000      19.000     SLICE_X31Y88    design_ZYNQ_i/axi_ppg_accelerator_0/inst/axi_araddr_latched_reg[4]/C
Min Period        n/a     FDRE/C      n/a            1.000         20.000      19.000     SLICE_X31Y94    design_ZYNQ_i/axi_ppg_accelerator_0/inst/beat_flag_reg/C
Min Period        n/a     FDRE/C      n/a            1.000         20.000      19.000     SLICE_X30Y93    design_ZYNQ_i/axi_ppg_accelerator_0/inst/ir_sample_valid_reg/C
Low Pulse Width   Slow    SRL16E/CLK  n/a            0.980         10.000      9.020      SLICE_X34Y88    design_ZYNQ_i/axi_ppg_accelerator_0/inst/u_filter_ir/shift_reg_reg[5][0]_srl6___inst_u_filter_ir_shift_reg_reg_r_10/CLK
Low Pulse Width   Fast    SRL16E/CLK  n/a            0.980         10.000      9.020      SLICE_X34Y88    design_ZYNQ_i/axi_ppg_accelerator_0/inst/u_filter_ir/shift_reg_reg[5][0]_srl6___inst_u_filter_ir_shift_reg_reg_r_10/CLK
Low Pulse Width   Slow    SRL16E/CLK  n/a            0.980         10.000      9.020      SLICE_X34Y88    design_ZYNQ_i/axi_ppg_accelerator_0/inst/u_filter_ir/shift_reg_reg[5][1]_srl6___inst_u_filter_ir_shift_reg_reg_r_10/CLK
Low Pulse Width   Fast    SRL16E/CLK  n/a            0.980         10.000      9.020      SLICE_X34Y88    design_ZYNQ_i/axi_ppg_accelerator_0/inst/u_filter_ir/shift_reg_reg[5][1]_srl6___inst_u_filter_ir_shift_reg_reg_r_10/CLK
Low Pulse Width   Slow    SRL16E/CLK  n/a            0.980         10.000      9.020      SLICE_X34Y88    design_ZYNQ_i/axi_ppg_accelerator_0/inst/u_filter_ir/shift_reg_reg[5][2]_srl6___inst_u_filter_ir_shift_reg_reg_r_10/CLK
Low Pulse Width   Fast    SRL16E/CLK  n/a            0.980         10.000      9.020      SLICE_X34Y88    design_ZYNQ_i/axi_ppg_accelerator_0/inst/u_filter_ir/shift_reg_reg[5][2]_srl6___inst_u_filter_ir_shift_reg_reg_r_10/CLK
Low Pulse Width   Slow    SRL16E/CLK  n/a            0.980         10.000      9.020      SLICE_X34Y88    design_ZYNQ_i/axi_ppg_accelerator_0/inst/u_filter_ir/shift_reg_reg[5][3]_srl6___inst_u_filter_ir_shift_reg_reg_r_10/CLK
Low Pulse Width   Fast    SRL16E/CLK  n/a            0.980         10.000      9.020      SLICE_X34Y88    design_ZYNQ_i/axi_ppg_accelerator_0/inst/u_filter_ir/shift_reg_reg[5][3]_srl6___inst_u_filter_ir_shift_reg_reg_r_10/CLK
Low Pulse Width   Slow    SRL16E/CLK  n/a            0.980         10.000      9.020      SLICE_X34Y89    design_ZYNQ_i/axi_ppg_accelerator_0/inst/u_filter_ir/shift_reg_reg[5][4]_srl6___inst_u_filter_ir_shift_reg_reg_r_10/CLK
Low Pulse Width   Fast    SRL16E/CLK  n/a            0.980         10.000      9.020      SLICE_X34Y89    design_ZYNQ_i/axi_ppg_accelerator_0/inst/u_filter_ir/shift_reg_reg[5][4]_srl6___inst_u_filter_ir_shift_reg_reg_r_10/CLK
High Pulse Width  Slow    SRL16E/CLK  n/a            0.980         10.000      9.020      SLICE_X34Y88    design_ZYNQ_i/axi_ppg_accelerator_0/inst/u_filter_ir/shift_reg_reg[5][0]_srl6___inst_u_filter_ir_shift_reg_reg_r_10/CLK
High Pulse Width  Fast    SRL16E/CLK  n/a            0.980         10.000      9.020      SLICE_X34Y88    design_ZYNQ_i/axi_ppg_accelerator_0/inst/u_filter_ir/shift_reg_reg[5][0]_srl6___inst_u_filter_ir_shift_reg_reg_r_10/CLK
High Pulse Width  Slow    SRL16E/CLK  n/a            0.980         10.000      9.020      SLICE_X34Y88    design_ZYNQ_i/axi_ppg_accelerator_0/inst/u_filter_ir/shift_reg_reg[5][1]_srl6___inst_u_filter_ir_shift_reg_reg_r_10/CLK
High Pulse Width  Fast    SRL16E/CLK  n/a            0.980         10.000      9.020      SLICE_X34Y88    design_ZYNQ_i/axi_ppg_accelerator_0/inst/u_filter_ir/shift_reg_reg[5][1]_srl6___inst_u_filter_ir_shift_reg_reg_r_10/CLK
High Pulse Width  Slow    SRL16E/CLK  n/a            0.980         10.000      9.020      SLICE_X34Y88    design_ZYNQ_i/axi_ppg_accelerator_0/inst/u_filter_ir/shift_reg_reg[5][2]_srl6___inst_u_filter_ir_shift_reg_reg_r_10/CLK
High Pulse Width  Fast    SRL16E/CLK  n/a            0.980         10.000      9.020      SLICE_X34Y88    design_ZYNQ_i/axi_ppg_accelerator_0/inst/u_filter_ir/shift_reg_reg[5][2]_srl6___inst_u_filter_ir_shift_reg_reg_r_10/CLK
High Pulse Width  Slow    SRL16E/CLK  n/a            0.980         10.000      9.020      SLICE_X34Y88    design_ZYNQ_i/axi_ppg_accelerator_0/inst/u_filter_ir/shift_reg_reg[5][3]_srl6___inst_u_filter_ir_shift_reg_reg_r_10/CLK
High Pulse Width  Fast    SRL16E/CLK  n/a            0.980         10.000      9.020      SLICE_X34Y88    design_ZYNQ_i/axi_ppg_accelerator_0/inst/u_filter_ir/shift_reg_reg[5][3]_srl6___inst_u_filter_ir_shift_reg_reg_r_10/CLK
High Pulse Width  Slow    SRL16E/CLK  n/a            0.980         10.000      9.020      SLICE_X34Y89    design_ZYNQ_i/axi_ppg_accelerator_0/inst/u_filter_ir/shift_reg_reg[5][4]_srl6___inst_u_filter_ir_shift_reg_reg_r_10/CLK
High Pulse Width  Fast    SRL16E/CLK  n/a            0.980         10.000      9.020      SLICE_X34Y89    design_ZYNQ_i/axi_ppg_accelerator_0/inst/u_filter_ir/shift_reg_reg[5][4]_srl6___inst_u_filter_ir_shift_reg_reg_r_10/CLK



--------------------------------------------------------------------------------------
Path Group:  (none)
From Clock:  
  To Clock:  clk_fpga_0

Max Delay             1 Endpoint
Min Delay             1 Endpoint
--------------------------------------------------------------------------------------


Max Delay Paths
--------------------------------------------------------------------------------------
Slack:                    inf
  Source:                 design_ZYNQ_i/processing_system7_0/inst/PS7_i/FCLKRESETN[0]
                            (internal pin)
  Destination:            design_ZYNQ_i/rst_ps7_0_50M/U0/EXT_LPF/ACTIVE_LOW_EXT.ACT_LO_EXT/syncstages_ff_reg[0]/D
                            (rising edge-triggered cell FDRE clocked by clk_fpga_0  {rise@0.000ns fall@10.000ns period=20.000ns})
  Path Group:             (none)
  Path Type:              Setup (Max at Slow Process Corner)
  Data Path Delay:        2.431ns  (logic 0.124ns (5.102%)  route 2.307ns (94.898%))
  Logic Levels:           1  (LUT1=1)
  Clock Uncertainty:      0.301ns  ((TSJ^2 + TIJ^2)^1/2 + DJ) / 2 + PE
    Total System Jitter     (TSJ):    0.050ns
    Total Input Jitter      (TIJ):    0.600ns
    Discrete Jitter          (DJ):    0.000ns
    Phase Error              (PE):    0.000ns
  Timing Exception:       False Path

    Location             Delay type                Incr(ns)  Path(ns)    Netlist Resource(s)
  -------------------------------------------------------------------    -------------------
    PS7_X0Y0             PS7                          0.000     0.000 f  design_ZYNQ_i/processing_system7_0/inst/PS7_i/FCLKRESETN[0]
                         net (fo=1, routed)           1.773     1.773    design_ZYNQ_i/rst_ps7_0_50M/U0/EXT_LPF/ext_reset_in
    SLICE_X30Y104        LUT1 (Prop_lut1_I0_O)        0.124     1.897 r  design_ZYNQ_i/rst_ps7_0_50M/U0/EXT_LPF/ACTIVE_LOW_EXT.ACT_LO_EXT_i_1/O
                         net (fo=1, routed)           0.533     2.431    design_ZYNQ_i/rst_ps7_0_50M/U0/EXT_LPF/ACTIVE_LOW_EXT.ACT_LO_EXT/src_in
    SLICE_X32Y105        FDRE                                         r  design_ZYNQ_i/rst_ps7_0_50M/U0/EXT_LPF/ACTIVE_LOW_EXT.ACT_LO_EXT/syncstages_ff_reg[0]/D
  -------------------------------------------------------------------    -------------------

                         (clock clk_fpga_0 rise edge)
                                                      0.000     0.000 r  <hidden>
    PS7_X0Y0             PS7                          0.000     0.000 r  design_ZYNQ_i/processing_system7_0/inst/PS7_i/FCLKCLK[0]
                         net (fo=1, routed)           1.088     1.088    design_ZYNQ_i/processing_system7_0/inst/FCLK_CLK_unbuffered[0]
    BUFGCTRL_X0Y16       BUFG (Prop_bufg_I_O)         0.091     1.179 r  design_ZYNQ_i/processing_system7_0/inst/buffer_fclk_clk_0.FCLK_CLK_0_BUFG/O
                         net (fo=685, routed)         1.653     2.832    design_ZYNQ_i/rst_ps7_0_50M/U0/EXT_LPF/ACTIVE_LOW_EXT.ACT_LO_EXT/dest_clk
    SLICE_X32Y105        FDRE                                         r  design_ZYNQ_i/rst_ps7_0_50M/U0/EXT_LPF/ACTIVE_LOW_EXT.ACT_LO_EXT/syncstages_ff_reg[0]/C





Min Delay Paths
--------------------------------------------------------------------------------------
Slack:                    inf
  Source:                 design_ZYNQ_i/processing_system7_0/inst/PS7_i/FCLKRESETN[0]
                            (internal pin)
  Destination:            design_ZYNQ_i/rst_ps7_0_50M/U0/EXT_LPF/ACTIVE_LOW_EXT.ACT_LO_EXT/syncstages_ff_reg[0]/D
                            (rising edge-triggered cell FDRE clocked by clk_fpga_0  {rise@0.000ns fall@10.000ns period=20.000ns})
  Path Group:             (none)
  Path Type:              Hold (Min at Fast Process Corner)
  Data Path Delay:        1.069ns  (logic 0.045ns (4.211%)  route 1.024ns (95.789%))
  Logic Levels:           1  (LUT1=1)
  Clock Uncertainty:      0.301ns  ((TSJ^2 + TIJ^2)^1/2 + DJ) / 2 + PE
    Total System Jitter     (TSJ):    0.050ns
    Total Input Jitter      (TIJ):    0.600ns
    Discrete Jitter          (DJ):    0.000ns
    Phase Error              (PE):    0.000ns
  Timing Exception:       False Path

    Location             Delay type                Incr(ns)  Path(ns)    Netlist Resource(s)
  -------------------------------------------------------------------    -------------------
    PS7_X0Y0             PS7                          0.000     0.000 f  design_ZYNQ_i/processing_system7_0/inst/PS7_i/FCLKRESETN[0]
                         net (fo=1, routed)           0.768     0.768    design_ZYNQ_i/rst_ps7_0_50M/U0/EXT_LPF/ext_reset_in
    SLICE_X30Y104        LUT1 (Prop_lut1_I0_O)        0.045     0.813 r  design_ZYNQ_i/rst_ps7_0_50M/U0/EXT_LPF/ACTIVE_LOW_EXT.ACT_LO_EXT_i_1/O
                         net (fo=1, routed)           0.255     1.069    design_ZYNQ_i/rst_ps7_0_50M/U0/EXT_LPF/ACTIVE_LOW_EXT.ACT_LO_EXT/src_in
    SLICE_X32Y105        FDRE                                         r  design_ZYNQ_i/rst_ps7_0_50M/U0/EXT_LPF/ACTIVE_LOW_EXT.ACT_LO_EXT/syncstages_ff_reg[0]/D
  -------------------------------------------------------------------    -------------------

                         (clock clk_fpga_0 rise edge)
                                                      0.000     0.000 r  <hidden>
    PS7_X0Y0             PS7                          0.000     0.000 r  design_ZYNQ_i/processing_system7_0/inst/PS7_i/FCLKCLK[0]
                         net (fo=1, routed)           0.337     0.337    design_ZYNQ_i/processing_system7_0/inst/FCLK_CLK_unbuffered[0]
    BUFGCTRL_X0Y16       BUFG (Prop_bufg_I_O)         0.029     0.366 r  design_ZYNQ_i/processing_system7_0/inst/buffer_fclk_clk_0.FCLK_CLK_0_BUFG/O
                         net (fo=685, routed)         0.911     1.277    design_ZYNQ_i/rst_ps7_0_50M/U0/EXT_LPF/ACTIVE_LOW_EXT.ACT_LO_EXT/dest_clk
    SLICE_X32Y105        FDRE                                         r  design_ZYNQ_i/rst_ps7_0_50M/U0/EXT_LPF/ACTIVE_LOW_EXT.ACT_LO_EXT/syncstages_ff_reg[0]/C





--------------------------------------------------------------------------------------
Path Group:  (none)
From Clock:  clk_fpga_0
  To Clock:  clk_fpga_0

Max Delay             1 Endpoint
Min Delay             1 Endpoint
--------------------------------------------------------------------------------------


Max Delay Paths
--------------------------------------------------------------------------------------
Slack:                    inf
  Source:                 design_ZYNQ_i/rst_ps7_0_50M/U0/ACTIVE_LOW_PR_OUT_DFF[0].FDRE_PER_N/C
                            (rising edge-triggered cell FDRE clocked by clk_fpga_0  {rise@0.000ns fall@10.000ns period=20.000ns})
  Destination:            design_ZYNQ_i/axi_smc/inst/sc_ul/inst/cdc_aresetn/syncstages_ff_reg[0]/D
                            (rising edge-triggered cell FDRE clocked by clk_fpga_0  {rise@0.000ns fall@10.000ns period=20.000ns})
  Path Group:             (none)
  Path Type:              Setup (Max at Slow Process Corner)
  Data Path Delay:        1.771ns  (logic 0.518ns (29.243%)  route 1.253ns (70.757%))
  Logic Levels:           0  
  Clock Path Skew:        -0.433ns (DCD - SCD + CPR)
    Destination Clock Delay (DCD):    2.705ns
    Source Clock Delay      (SCD):    3.138ns
    Clock Pessimism Removal (CPR):    0.000ns
  Clock Uncertainty:      0.302ns  ((TSJ^2 + TIJ^2)^1/2 + DJ) / 2 + PE
    Total System Jitter     (TSJ):    0.071ns
    Total Input Jitter      (TIJ):    0.600ns
    Discrete Jitter          (DJ):    0.000ns
    Phase Error              (PE):    0.000ns
  Timing Exception:       False Path

    Location             Delay type                Incr(ns)  Path(ns)    Netlist Resource(s)
  -------------------------------------------------------------------    -------------------
                         (clock clk_fpga_0 rise edge)
                                                      0.000     0.000 r  <hidden>
    PS7_X0Y0             PS7                          0.000     0.000 r  design_ZYNQ_i/processing_system7_0/inst/PS7_i/FCLKCLK[0]
                         net (fo=1, routed)           1.193     1.193    design_ZYNQ_i/processing_system7_0/inst/FCLK_CLK_unbuffered[0]
    BUFGCTRL_X0Y16       BUFG (Prop_bufg_I_O)         0.101     1.294 r  design_ZYNQ_i/processing_system7_0/inst/buffer_fclk_clk_0.FCLK_CLK_0_BUFG/O
                         net (fo=685, routed)         1.844     3.138    design_ZYNQ_i/rst_ps7_0_50M/U0/slowest_sync_clk
    SLICE_X32Y103        FDRE                                         r  design_ZYNQ_i/rst_ps7_0_50M/U0/ACTIVE_LOW_PR_OUT_DFF[0].FDRE_PER_N/C
  -------------------------------------------------------------------    -------------------
    SLICE_X32Y103        FDRE (Prop_fdre_C_Q)         0.518     3.656 r  design_ZYNQ_i/rst_ps7_0_50M/U0/ACTIVE_LOW_PR_OUT_DFF[0].FDRE_PER_N/Q
                         net (fo=7, routed)           1.253     4.909    design_ZYNQ_i/axi_smc/inst/sc_ul/inst/cdc_aresetn/src_rst
    SLICE_X31Y99         FDRE                                         r  design_ZYNQ_i/axi_smc/inst/sc_ul/inst/cdc_aresetn/syncstages_ff_reg[0]/D
  -------------------------------------------------------------------    -------------------

                         (clock clk_fpga_0 rise edge)
                                                      0.000     0.000 r  <hidden>
    PS7_X0Y0             PS7                          0.000     0.000 r  design_ZYNQ_i/processing_system7_0/inst/PS7_i/FCLKCLK[0]
                         net (fo=1, routed)           1.088     1.088    design_ZYNQ_i/processing_system7_0/inst/FCLK_CLK_unbuffered[0]
    BUFGCTRL_X0Y16       BUFG (Prop_bufg_I_O)         0.091     1.179 r  design_ZYNQ_i/processing_system7_0/inst/buffer_fclk_clk_0.FCLK_CLK_0_BUFG/O
                         net (fo=685, routed)         1.526     2.705    design_ZYNQ_i/axi_smc/inst/sc_ul/inst/cdc_aresetn/dest_clk
    SLICE_X31Y99         FDRE                                         r  design_ZYNQ_i/axi_smc/inst/sc_ul/inst/cdc_aresetn/syncstages_ff_reg[0]/C





Min Delay Paths
--------------------------------------------------------------------------------------
Slack:                    inf
  Source:                 design_ZYNQ_i/rst_ps7_0_50M/U0/ACTIVE_LOW_PR_OUT_DFF[0].FDRE_PER_N/C
                            (rising edge-triggered cell FDRE clocked by clk_fpga_0  {rise@0.000ns fall@10.000ns period=20.000ns})
  Destination:            design_ZYNQ_i/axi_smc/inst/sc_ul/inst/cdc_aresetn/syncstages_ff_reg[0]/D
                            (rising edge-triggered cell FDRE clocked by clk_fpga_0  {rise@0.000ns fall@10.000ns period=20.000ns})
  Path Group:             (none)
  Path Type:              Hold (Min at Fast Process Corner)
  Data Path Delay:        0.711ns  (logic 0.164ns (23.054%)  route 0.547ns (76.946%))
  Logic Levels:           0  
  Clock Path Skew:        0.235ns (DCD - SCD - CPR)
    Destination Clock Delay (DCD):    1.211ns
    Source Clock Delay      (SCD):    0.976ns
    Clock Pessimism Removal (CPR):    -0.000ns
  Clock Uncertainty:      0.302ns  ((TSJ^2 + TIJ^2)^1/2 + DJ) / 2 + PE
    Total System Jitter     (TSJ):    0.071ns
    Total Input Jitter      (TIJ):    0.600ns
    Discrete Jitter          (DJ):    0.000ns
    Phase Error              (PE):    0.000ns
  Timing Exception:       False Path

    Location             Delay type                Incr(ns)  Path(ns)    Netlist Resource(s)
  -------------------------------------------------------------------    -------------------
                         (clock clk_fpga_0 rise edge)
                                                      0.000     0.000 r  <hidden>
    PS7_X0Y0             PS7                          0.000     0.000 r  design_ZYNQ_i/processing_system7_0/inst/PS7_i/FCLKCLK[0]
                         net (fo=1, routed)           0.310     0.310    design_ZYNQ_i/processing_system7_0/inst/FCLK_CLK_unbuffered[0]
    BUFGCTRL_X0Y16       BUFG (Prop_bufg_I_O)         0.026     0.336 r  design_ZYNQ_i/processing_system7_0/inst/buffer_fclk_clk_0.FCLK_CLK_0_BUFG/O
                         net (fo=685, routed)         0.640     0.976    design_ZYNQ_i/rst_ps7_0_50M/U0/slowest_sync_clk
    SLICE_X32Y103        FDRE                                         r  design_ZYNQ_i/rst_ps7_0_50M/U0/ACTIVE_LOW_PR_OUT_DFF[0].FDRE_PER_N/C
  -------------------------------------------------------------------    -------------------
    SLICE_X32Y103        FDRE (Prop_fdre_C_Q)         0.164     1.140 r  design_ZYNQ_i/rst_ps7_0_50M/U0/ACTIVE_LOW_PR_OUT_DFF[0].FDRE_PER_N/Q
                         net (fo=7, routed)           0.547     1.687    design_ZYNQ_i/axi_smc/inst/sc_ul/inst/cdc_aresetn/src_rst
    SLICE_X31Y99         FDRE                                         r  design_ZYNQ_i/axi_smc/inst/sc_ul/inst/cdc_aresetn/syncstages_ff_reg[0]/D
  -------------------------------------------------------------------    -------------------

                         (clock clk_fpga_0 rise edge)
                                                      0.000     0.000 r  <hidden>
    PS7_X0Y0             PS7                          0.000     0.000 r  design_ZYNQ_i/processing_system7_0/inst/PS7_i/FCLKCLK[0]
                         net (fo=1, routed)           0.337     0.337    design_ZYNQ_i/processing_system7_0/inst/FCLK_CLK_unbuffered[0]
    BUFGCTRL_X0Y16       BUFG (Prop_bufg_I_O)         0.029     0.366 r  design_ZYNQ_i/processing_system7_0/inst/buffer_fclk_clk_0.FCLK_CLK_0_BUFG/O
                         net (fo=685, routed)         0.845     1.211    design_ZYNQ_i/axi_smc/inst/sc_ul/inst/cdc_aresetn/dest_clk
    SLICE_X31Y99         FDRE                                         r  design_ZYNQ_i/axi_smc/inst/sc_ul/inst/cdc_aresetn/syncstages_ff_reg[0]/C





